index,loc_name,storeid,address_raw,city,work_time,RunDate,loc_type,brand,shop_info
0,泰安东岳大街店,(No.A0832),泰山区财源街道东岳大街258号,泰安,10:00-21:00,08/01/21 07:10,代运营,luckin coffee,
1,泰安宝龙城市广场店,(No.A1595),泰山区泰前街道宝龙城市广场B区2幢1036号,泰安,10:00-21:00,08/01/21 07:10,代运营,luckin coffee,
2,泰安万达广场店,(No.A1363),泰山区财源街道万达金街E区124号,泰安,08:00-22:00,08/01/21 07:10,代运营,luckin coffee,
3,泰山科技学院店,(No.A1187),岱岳区山口镇学院西路8号山东科技大学泰山科技学院新校区东岳书院院内,泰安,09:00-20:00,08/01/21 07:10,代运营,luckin coffee,
4,泰安吾悦金街店,(No.A1978),敬请期待!,泰安,08:00-18:00,08/01/21 07:10,代运营,luckin coffee,
5,曲阜师大店,(No.A1834),敬请期待!,泰安,08:00-18:00,08/01/21 07:10,代运营,luckin coffee,
6,南通如皋新城吾悦广场店,(No.A0861),如皋市如城街道惠政路5号新城吾悦广场金街4-103（肯德基旁向南18米）,如皋(南通),08:00-21:00,08/01/21 07:10,代运营,luckin coffee,
7,如皋安定广场安定街店,(No.A0870),如皋市安定街5好安定广场艾安阁北侧绿叶童装旁,如皋(南通),07:00-23:00,08/01/21 07:10,代运营,luckin coffee,
8,河源翔丰商业广场店,(No.A1315),源城区上城街道翔丰商业广场,河源,08:30-22:30,08/01/21 07:10,代运营,luckin coffee,
9,河源万隆城店,(No.A1236),源城区中山大道218号万隆财富中心写字楼一层大堂L102,河源,08:30-22:30,08/01/21 07:10,代运营,luckin coffee,
10,河源坚基店,(No.A1338),源城区东埔街道越王大道汇景御府中央,河源,08:30-22:30,08/01/21 07:10,代运营,luckin coffee,
11,河源大学城店,(No.A1299),源城区源南镇胜利上门七娘寨地段东环路西面广晟学府花园汇华苑B7栋0011号,河源,08:30-22:00,08/01/21 07:10,代运营,luckin coffee,
12,三明东新三路店,(No.A0366),梅列区东新三路153号,三明,10:00-22:00,08/01/21 07:10,代运营,luckin coffee,
13,三明学院南区店,(No.A1345),三元区荆东路25号三明学院南区京元食堂一层档口,三明,10:30-19:30,08/01/21 07:10,代运营,luckin coffee,
14,三明万达广场店,(No.A1972),敬请期待!,三明,08:00-18:00,08/01/21 07:10,代运营,luckin coffee,
15,宁化天骏店,(No.A1328),宁化县天骏金街11栋109号,三明,09:30-22:00,08/01/21 07:10,代运营,luckin coffee,
16,永安水院学生街店,(No.A1821),国林路699--38号店铺,三明,09:00-22:00,08/01/21 07:10,代运营,luckin coffee,
17,楚雄兆顺第一城店,(No.A0795),鹿环城西路26号兆顺第一城一楼中庭,楚雄(楚雄彝族自治州),09:30-22:30,08/01/21 07:10,代运营,luckin coffee,
18,彝人古镇彝人部落店,(No.A1192),东瓜镇车坪路彝人古镇彝人部落C76幢,楚雄(楚雄彝族自治州),10:00-23:00,08/01/21 07:10,代运营,luckin coffee,
19,淮南八佰伴商场店,(No.A1469),田家庵区朝阳街道八佰伴一层东门,淮南,10:00-22:00,08/01/21 07:10,代运营,luckin coffee,
20,淮南吾悦广场店,(No.A1916),吾悅广场二号门东侧,淮南,08:30-22:30,08/01/21 07:10,代运营,luckin coffee,
21,商贸文化广场西门店,(No.A2002),敬请期待!,淮南,今日休息中,08/01/21 07:10,代运营,luckin coffee,
22,淮南师范学院店,(No.A2020),敬请期待!,淮南,今日休息中,08/01/21 07:10,代运营,luckin coffee,
23,凯里国贸购物中心店,(No.A0015),凯里市城西街道国贸购物中心1层,黔东南苗族侗族自治州,10:30-22:00,08/01/21 07:10,代运营,luckin coffee,
24,凯里九方购物中心店,(No.A2092),敬请期待!,黔东南苗族侗族自治州,08:00-18:00,08/01/21 07:10,代运营,luckin coffee,
25,镇江苏宁广场店,(No.6811),京口区中山东路301号苏宁广场五层,镇江,09:30-21:30,08/01/21 07:10,自运营,luckin coffee,
26,漫书城店,(No.3036),京口区中山东路254号漫书城底铺,镇江,07:30-20:30,08/01/21 07:10,自运营,luckin coffee,
27,镇江市电信局店,(No.6054),润州区电力路18号一层,镇江,今日休息中,08/01/21 07:10,自运营,luckin coffee,
28,梦溪广场店,(No.4764),京口区梦溪路14号,镇江,08:00-18:00,08/01/21 07:10,自运营,luckin coffee,
29,中浩国际广场店,(No.3493),润州区黄山路66号中浩国际广场底商,镇江,08:00-19:30,08/01/21 07:10,自运营,luckin coffee,
30,镇江文广集团店,(No.3467),京口区长江路33号镇江文广集团底商,镇江,今日休息中,08/01/21 07:10,自运营,luckin coffee,
31,镇江凤凰广场店,(No.4457),京口区东吴路48号10109-3号,镇江,09:30-21:30,08/01/21 07:10,自运营,luckin coffee,
32,协信星光时代广场店,(No.4378),润州区中山西路92号镇江协信星光时代广场四层,镇江,10:00-21:00,08/01/21 07:10,自运营,luckin coffee,
33,扬中通达商厦店,(No.A1612),前进北路通达商厦一层,镇江,09:00-20:30,08/01/21 07:10,代运营,luckin coffee,
34,高港大润发店,(No.A1496),高港区口岸街道 金港中路1号高港时代广场A幢1178室商业中心,镇江,08:00-21:30,08/01/21 07:10,代运营,luckin coffee,
35,圌心大厦店,(No.4312),京口区赵声路398号1幢圌心大厦一层大堂,镇江,08:00-18:00,08/01/21 07:10,自运营,luckin coffee,
36,泰兴万达广场店,(No.A1594),鼓楼北路333号万达广场3号门1F层1025商铺,镇江,08:00-22:00,08/01/21 07:10,代运营,luckin coffee,
37,泰兴吾悦广场金街店,(No.A1904),济川街道泰兴吾悦广场S1-130铺位,镇江,08:00-21:00,08/01/21 07:10,代运营,luckin coffee,
38,泰兴鼓楼购物中心店,(No.A1837),鼓楼西路2号襟江巷南侧东,镇江,08:30-21:00,08/01/21 07:10,代运营,luckin coffee,
39,泰兴吾悦广场店,(No.A1368),敬请期待!,镇江,08:00-18:00,08/01/21 07:10,代运营,luckin coffee,
40,常发大厦店,(No.2793),润州区黄山西路29号常发大厦一层大堂,镇江,08:00-18:00,08/01/21 07:10,自运营,luckin coffee,
41,镇江万达广场店,(No.2859),润州区黄山西路19号万达广场室内步行街一层1006-A商铺,镇江,09:30-21:30,08/01/21 07:10,自运营,luckin coffee,
42,镇江新城吾悦广场店,(No.3263),京口区丁卯桥路233号吾悦广场一层中国移动营业厅,镇江,08:30-21:30,08/01/21 07:10,自运营,luckin coffee,
43,镇江书香世家酒店店,(No.3551),润州区冠城路8号书香世家酒店一层大堂,镇江,08:00-18:00,08/01/21 07:10,自运营,luckin coffee,
44,中建大观天下店,(No.3766),京口区学府路88号中建大厦一层101号,镇江,08:00-18:30,08/01/21 07:10,自运营,luckin coffee,
45,泰州数据产业园区店,(No.A1439),高港区药城大道799号数据大厦A幢101室,镇江,08:00-20:00,08/01/21 07:10,代运营,luckin coffee,
46,大润发江都店,(No.4353),江都区仙女镇文昌东路1168号新加坡城大润发底商,镇江,08:00-20:30,08/01/21 07:10,自运营,luckin coffee,
47,红豆万花城店,(No.C0526),广陵区生态科技新城三笑大道101号红豆万花城103号店铺,镇江,今日休息中,08/01/21 07:10,代运营,小鹿茶,
48,丹阳吾悦广场店,(No.A0077),丹阳市开发区金陵西路88号吾悦广场A座写字楼大堂,镇江,09:00-20:30,08/01/21 07:10,代运营,luckin coffee,
49,丹阳八佰伴店,(No.6347),丹阳市云阳街道新民中路2号八佰伴购物中心一层,镇江,09:30-21:00,08/01/21 07:10,自运营,luckin coffee,
50,西津渡店,(No.6065),润州区银山门3号内底商,镇江,08:30-20:00,08/01/21 07:10,自运营,luckin coffee,
51,国投商务广场店,(No.3796),润州区南山路61号国控大厦1幢一层102室,镇江,08:00-18:00,08/01/21 07:10,自运营,luckin coffee,
52,镇江宝龙广场店,(No.7153),丹徒区谷阳中大道75号宝龙广场一层017,镇江,10:00-22:00,08/01/21 07:10,自运营,luckin coffee,
53,江苏科技大学长山校区店,(No.6800),丹徒区新城长晖路666号江苏科技大学长山校区图书馆一层,镇江,08:00-21:00,08/01/21 07:10,自运营,luckin coffee,
54,丹阳金鹰店,(No.6274),丹阳市云阳街道新民路99号金鹰购物中心一层,镇江,10:00-21:30,08/01/21 07:10,自运营,luckin coffee,
55,金坛新城吾悦广场店,(No.6277),金坛区南环二路1206-5号新城吾悦广场二层2005号,镇江,10:00-21:30,08/01/21 07:10,自运营,luckin coffee,
56,金坛司马坊新天地店,(No.A1325),金坛区金城镇司马坊商业步行街E143号,镇江,09:30-20:30,08/01/21 07:10,代运营,luckin coffee,
57,常州科技街D座店,(No.6288),钟楼区玉龙南路科技街D座一层大堂,镇江,今日休息中,08/01/21 07:10,自运营,luckin coffee,
58,常州宝龙广场店,(No.6231),钟楼区北港街道宝龙国际花园52-51号,镇江,09:00-20:30,08/01/21 07:10,自运营,luckin coffee,
59,常州龙湖天街店,(No.A0819),钟楼区龙湖龙与城商铺65-11号,镇江,09:00-21:00,08/01/21 07:10,代运营,luckin coffee,
60,江苏理工学院西苑店,(No.6232),武进区中吴大道1801号江苏理工学院欧耶超市内,镇江,09:00-20:00,08/01/21 07:10,自运营,luckin coffee,
61,江苏理工学院店,(No.6090),武进区中吴大道1801号江苏理工学院八角餐厅内,镇江,09:00-20:00,08/01/21 07:10,自运营,luckin coffee,
62,ASK众创部落店,(No.3520),常州市新北区华山中路8号ASK众创部落7号楼一层大堂,镇江,08:00-18:00,08/01/21 07:10,自运营,luckin coffee,
63,江大学府路店,(No.6859),京口区学府路308号水木阳光商一层2-104,镇江,08:00-21:00,08/01/21 07:10,自运营,luckin coffee,
64,新桥商业广场店,(No.6271),新北区新桥镇新桥大街1132号移动营业厅内,镇江,09:00-18:30,08/01/21 07:10,自运营,luckin coffee,
65,江南环球港店,(No.6835),新北区龙虎塘街道通江中路598号江南环球港负一层B1007-1,镇江,10:00-21:30,08/01/21 07:10,自运营,luckin coffee,
66,常州金城大厦店,(No.2914),新北区汉江中路368号金城大厦底商,镇江,08:00-18:00,08/01/21 07:10,自运营,luckin coffee,
67,浩源大厦店,(No.2863),新北区通江中路266号浩源大厦一层大堂,镇江,08:00-18:00,08/01/21 07:10,自运营,luckin coffee,
68,句容中央商场店,(No.A0638),句容市华阳镇华阳东路1号雨润国际广场105号,镇江,08:30-21:30,08/01/21 07:10,代运营,luckin coffee,
69,交通职业技术学院店,(No.6536),江宁区江宁大学城龙眠大道629号交通职业技术学院第一食堂一层,镇江,08:00-19:30,08/01/21 07:10,自运营,luckin coffee,
70,中国药科大学店,(No.6656),江宁区淳化街道中国药科大学江宁校区图书馆二层,镇江,09:30-19:30,08/01/21 07:10,自运营,luckin coffee,
71,江苏海事职业技术学院店,(No.6760),江宁区淳化街道江苏海事职业技术学院念稼餐厅二层,镇江,07:30-20:30,08/01/21 07:10,自运营,luckin coffee,
72,天赋广场店,(No.A1079),江宁区麒麟街道悦民路128号天赋广场22幢116室,镇江,08:30-20:30,08/01/21 07:10,代运营,luckin coffee,
73,江宁高新区人才公寓店,(No.6075),江宁区淳化街道芝行路161号一层,镇江,08:00-19:30,08/01/21 07:10,自运营,luckin coffee,
74,南京晓庄学院方山校区店,(No.7124),江宁区弘景大道3601号晓庄学院方山校区大学生服务中心二层,镇江,09:00-22:00,08/01/21 07:10,自运营,luckin coffee,
75,金陵科技学院店,(No.4982),江宁区弘景大道99号金陵科技学院北区第一食堂二层,镇江,08:00-20:00,08/01/21 07:10,自运营,luckin coffee,
76,南京万达茂店,(No.3264),栖霞区仙林大道181号万达茂二层,镇江,10:00-20:30,08/01/21 07:10,自运营,luckin coffee,
77,江苏生命科技创新园店,(No.1816),仙林街道纬地路9号江苏生命科技创新园A1区一层,镇江,今日休息中,08/01/21 07:10,自运营,luckin coffee,
78,南京大学仙林校区店,(No.2580),栖霞区仙林大道163号南京大学仙林校区诚园5幢底商,镇江,08:00-21:00,08/01/21 07:10,自运营,luckin coffee,
79,南京大学仙林校区四组团店,(No.7164),栖霞区栖霞大道163号南京大学仙林校区四组团门面房南京大学小移人家营业厅一层,镇江,10:00-18:00,08/01/21 07:10,自运营,luckin coffee,
80,南京工业职业技术学院店,(No.2344),栖霞区仙林大学城羊山北路1号南京工业职业技术学院五号食堂二层,镇江,08:00-20:00,08/01/21 07:10,自运营,luckin coffee,
81,南京信息职业技术学院店,(No.3466),栖霞区文澜路99号南京信息职业技术学院第二食堂二层,镇江,08:00-19:00,08/01/21 07:10,自运营,luckin coffee,
82,南理工紫金学院店,(No.2274),栖霞区文澜路89号南京理工大学紫金学院五食堂一层,镇江,08:30-19:00,08/01/21 07:10,自运营,luckin coffee,
83,南京邮电大学仙林校区店,(No.4305),栖霞区文苑路9号南京邮电大学仙林校区图书馆一层G01室,镇江,08:00-20:00,08/01/21 07:10,自运营,luckin coffee,
84,南京传媒学院店,(No.2782),江宁区弘景大道3666号中国传媒大学南广学院三食堂一层中超华城超市,镇江,08:30-20:00,08/01/21 07:10,自运营,luckin coffee,
85,溧水区国美电器店,(No.A1062),溧水区通济街12号,镇江,09:00-21:00,08/01/21 07:10,代运营,luckin coffee,
86,溧水产业新城店,(No.C0251),溧水区经济开发区创业路89号,镇江,今日休息中,08/01/21 07:10,代运营,小鹿茶,
87,南京南航金城步行街店,(No.C0468),江宁区禄口街道航金大道金城商业街5-013号底商,镇江,11:00-20:00,08/01/21 07:10,代运营,小鹿茶,
88,南航金城学院店,(No.A2069),敬请期待!,镇江,08:00-18:00,08/01/21 07:10,代运营,luckin coffee,
89,南京医科大学江宁校区店,(No.6873),江宁区淳化街道南京医科大学江宁校区青教公寓南侧一层,镇江,09:00-21:00,08/01/21 07:10,自运营,luckin coffee,
90,紫东国际创意园店,(No.1031),栖霞区紫东路1号紫东创意园1幢F4栋一层,镇江,08:00-19:30,08/01/21 07:10,自运营,luckin coffee,
91,扬州江海学院店,(No.7095),邗江区扬子江南路5号江海职业技术学院生活区4-2号铺,镇江,07:00-22:00,08/01/21 07:10,自运营,luckin coffee,
92,滨州学院店,(No.A1131),滨州学院兴顺智慧餐厅二楼,滨州,今日休息中,08/01/21 07:10,代运营,luckin coffee,
93,滨州IFC购物中心店,(No.A0083),滨城区IFC购物中心1-006,滨州,08:00-22:00,08/01/21 07:10,代运营,luckin coffee,
94,滨州万达广场店,(No.A2101),敬请期待!,滨州,08:00-18:00,08/01/21 07:10,代运营,luckin coffee,
95,淄博名尚银泰城店,(No.A0867),高新区鲁泰大道9号名尚银泰城一层东南角5号门花神庙街入口处,滨州,09:30-22:00,08/01/21 07:10,代运营,luckin coffee,
96,淄博万达广场店,(No.A2030),敬请期待!,滨州,09:00-22:00,08/01/21 07:10,代运营,luckin coffee,
97,淄博水晶街店,(No.A1828),张店区重庆路水晶街D2座1层6号铺,滨州,09:00-22:00,08/01/21 07:10,代运营,luckin coffee,
98,淄博王府井广场店,(No.A0991),张店区公园街道王府井名店街6号,滨州,09:00-21:30,08/01/21 07:10,代运营,luckin coffee,
99,淄博印象汇店,(No.A0276),张店区印象汇一层1-11号,滨州,08:00-22:00,08/01/21 07:10,代运营,luckin coffee,
100,华润大厦万象汇店,(No.A1021),张店区体育场街道金晶大道68号华润大厦一层大堂南区,滨州,10:00-21:00,08/01/21 07:10,代运营,luckin coffee,
101,济南工程职业技术学院店,(No.6434),章丘区经十东路6088号济南工程职业技术学院餐厅二层,滨州,今日休息中,08/01/21 07:10,自运营,luckin coffee,
102,齐鲁师范学院章丘校区店,(No.3511),章丘区文博路2号齐鲁师范学院章丘校区第二餐厅一层,滨州,08:00-19:30,08/01/21 07:10,自运营,luckin coffee,
103,山东传媒职业学院店,(No.4898),章丘区经十东路8678号山东传媒职业学院学生餐厅二层西侧,滨州,今日休息中,08/01/21 07:10,自运营,luckin coffee,
104,恩施航空大道店,(No.A0469),恩施航空大道105号,恩施土家族苗族自治州,08:00-20:00,08/01/21 07:10,代运营,luckin coffee,
105,恩施舞阳商场店,(No.A1274),舞阳坝街道沿江路573号舞阳Ｍall广场3层F3-301,恩施土家族苗族自治州,09:30-21:00,08/01/21 07:10,代运营,luckin coffee,
106,恩施九立方购物中心店,(No.A1224),恩施市舞阳坝街道九立方国际购物中心2层2-D-9-1号,恩施土家族苗族自治州,09:30-20:30,08/01/21 07:10,代运营,luckin coffee,
107,恩施市学院店,(No.A0935),恩施市学院路73号,恩施土家族苗族自治州,10:00-21:00,08/01/21 07:10,代运营,luckin coffee,
108,利川欧泰广场店,(No.A1583),都亭街道清江大道88号欧泰广场一层中庭,恩施土家族苗族自治州,09:30-20:30,08/01/21 07:10,代运营,luckin coffee,
109,潜江园林北路商业街店,(No.A1431),园林街道园林北路1号铺位,潜江,09:30-22:00,08/01/21 07:10,代运营,luckin coffee,
110,潜江园林二中店,(No.A1479),园林路原印刷厂第52号商铺,潜江,10:00-22:30,08/01/21 07:10,代运营,luckin coffee,
111,四川物资大厦店,(No.3200),锦江区人民东路48号四川物资大厦一层104号,成都,07:30-20:00,08/01/21 07:10,自运营,luckin coffee,
112,仁和春天店,(No.1227),锦江区人民东路61号仁和中心后侧一层2号,成都,08:00-18:00,08/01/21 07:10,自运营,luckin coffee,
113,天府中心店,(No.0634),青羊区西华门街 17 号天府中心一层大堂,成都,08:00-18:00,08/01/21 07:10,自运营,luckin coffee,
114,喜来登酒店店,(No.1576),青羊区人民中路一段15号天府丽都喜来登酒店一层100号,成都,08:00-18:00,08/01/21 07:10,自运营,luckin coffee,
115,成都新世界百货店,(No.2675),锦江区顺城大街8号新世界百货负一层B0130号,成都,10:00-20:30,08/01/21 07:10,自运营,luckin coffee,
116,成都富力广场店,(No.6914),青羊区上西顺城街289号一层1055号,成都,08:00-21:00,08/01/21 07:10,自运营,luckin coffee,
117,世贸中心安逸酒店店,(No.7133),青羊区鼓楼南街174号附1号丙幢一层1号,成都,08:00-21:00,08/01/21 07:10,自运营,luckin coffee,
118,锦阳商厦店,(No.1756),青羊区提督街58号1栋一层6-10号,成都,09:00-18:00,08/01/21 07:10,自运营,luckin coffee,
119,第一城店,(No.0097),锦江区小科甲巷1号第一城大厦B座二层1号,成都,08:00-20:30,08/01/21 07:10,自运营,luckin coffee,
120,浦江国际店,(No.0102),青羊区小福建营巷浦江国际写字楼一层大堂,成都,08:30-18:00,08/01/21 07:10,自运营,luckin coffee,
121,布鲁明顿广场店,(No.0138),高新区益州大道北段布鲁明顿广场A座1栋2单元一层北交金科大堂,成都,今日休息中,08/01/21 07:10,自运营,luckin coffee,
122,力宝大厦店,(No.0140),武侯区科华北路62号力宝大厦二层13号,成都,08:00-18:00,08/01/21 07:10,自运营,luckin coffee,
123,威登酒店店,(No.0098),锦江区暑袜北二街威登酒店一层大堂,成都,08:00-18:00,08/01/21 07:10,自运营,luckin coffee,
124,华宇美乐街店,(No.0139),武侯区人民南路四段华宇蓉国府负一层1-3号,成都,08:00-20:30,08/01/21 07:10,自运营,luckin coffee,
125,阳光新业店,(No.0032),锦江区青和里南段55号阳光新业中心2号楼一层大堂,成都,08:00-18:00,08/01/21 07:10,自运营,luckin coffee,
126,恒大广场店,(No.0086),青羊区提督街99号恒大广场负一层B1023-6号,成都,10:00-19:30,08/01/21 07:10,自运营,luckin coffee,
127,都江堰杨柳河街店,(No.C0025),都江堰市灌口街道柳河社区杨柳河街62号,成都,10:30-20:30,08/01/21 07:10,代运营,小鹿茶,
128,什邡春熙路店,(No.A0775),什邡市方亭镇文化南街春熙路商业广场42号1幢一层26号,成都,09:30-20:00,08/01/21 07:10,代运营,luckin coffee,
129,绵竹中心广场店,(No.A1193),绵竹市中心广场西时代都汇时代新街1-21,成都,09:30-22:00,08/01/21 07:10,代运营,luckin coffee,
130,广汉银座城市中心店,(No.A1495),中山大道北二段19号银座城市中心3栋1层,成都,09:00-21:00,08/01/21 07:10,代运营,luckin coffee,
131,广汉百伦百货店,(No.A1054),中山大道南一段百伦百货L1层6号,成都,09:00-22:00,08/01/21 07:10,代运营,luckin coffee,
132,广汉书院街店,(No.A1817),广汉市书院街三段114号,成都,09:00-21:00,08/01/21 07:10,代运营,luckin coffee,
133,IMC美程广场店,(No.3707),青白江区凤凰西七路5号IMC美程广场一层46-1017号,成都,10:00-21:30,08/01/21 07:10,自运营,luckin coffee,
134,悦荟时代广场店,(No.3739),青白江区大弯同华大道199号悦荟时代广场10幢1单元一层18号,成都,08:00-20:00,08/01/21 07:10,自运营,luckin coffee,
135,德阳工农村店,(No.A0669),旌阳区工农村云峰山路395号,成都,09:30-20:00,08/01/21 07:10,代运营,luckin coffee,
136,德阳银鑫五洲广场店,(No.A0635),旌阳区工农街道松花江南路10号银鑫-五洲广场21号楼大堂,成都,08:00-20:30,08/01/21 07:10,代运营,luckin coffee,
137,金堂金都华府店,(No.A0436),金堂县滨江路二段218#底商,成都,09:30-21:00,08/01/21 07:10,代运营,luckin coffee,
138,国色天乡店,(No.3441),温江区万春镇江宁南路447号附113号国色天乡商业街购物中心一层,成都,08:30-20:00,08/01/21 07:10,自运营,luckin coffee,
139,成都中医药大学温江店,(No.A1997),温江区柳台大道1166号学生二食堂W-36号,成都,09:00-18:00,08/01/21 07:10,代运营,luckin coffee,
140,温江商会广场店,(No.4381),温江区海科路东段78号商会广场一层,成都,08:00-19:30,08/01/21 07:10,自运营,luckin coffee,
141,菁蓉镇店,(No.6012),郫都区德源镇菁蓉镇红旗大道北段158号,成都,今日休息中,08/01/21 07:10,自运营,luckin coffee,
142,四川农业大学成都校区店,(No.7046),温江区公平街道四川农业大学成都校区学生食堂负一层超市,成都,09:30-20:30,08/01/21 07:10,自运营,luckin coffee,
143,德昆新天地店,(No.2719),温江区光华大道三段1856号德昆新天地2号楼一层大堂,成都,07:30-20:00,08/01/21 07:10,自运营,luckin coffee,
144,成都新光天地店,(No.7208),温江区光华大道三段1601号新光天地写字楼一层大堂,成都,08:00-18:00,08/01/21 07:10,自运营,luckin coffee,
145,西南石油大学店,(No.2620),新都区新都街道8号西南石油大学建科商业广场一层11号,成都,09:00-18:30,08/01/21 07:10,自运营,luckin coffee,
146,新都苏宁易购广场2F店,(No.7185),新都区蜀龙大道中段1333号苏宁易购广场二层中庭,成都,10:00-21:30,08/01/21 07:10,自运营,luckin coffee,
147,四川音乐学院新都店,(No.A1013),新都区川音一巷138号,成都,09:00-20:30,08/01/21 07:10,代运营,luckin coffee,
148,洛带古镇店,(No.4680),龙泉驿区洛带镇三峨街199号6栋附101号,成都,09:30-19:00,08/01/21 07:10,自运营,luckin coffee,
149,成都信息工程大学龙泉校区店,(No.6723),龙泉驿区同安街道成都信息工程大学龙泉校区食堂二楼大堂,成都,08:00-19:30,08/01/21 07:10,自运营,luckin coffee,
150,成都文理学院店,(No.A0746),成都文理学院金堂校区三期商铺F5场地桃李苑14栋一层,成都,今日休息中,08/01/21 07:10,代运营,luckin coffee,
151,钢铁领域店,(No.1601),成华区龙潭工业园成宏路18号钢铁领域写字楼A座一层大堂,成都,今日休息中,08/01/21 07:10,自运营,luckin coffee,
152,成都大学北门店,(No.A0949),龙泉驿区成洛路2025号附124号成都大学北门,成都,09:00-21:30,08/01/21 07:10,代运营,luckin coffee,
153,国机西南大厦店,(No.1577),成华区航天路50号国机西南大厦一层大堂,成都,今日休息中,08/01/21 07:10,自运营,luckin coffee,
154,成都理工大学东苑店,(No.A0657),成华区理工东苑商业街36号楼一层20号商铺,成都,今日休息中,08/01/21 07:10,代运营,luckin coffee,
155,金堂万达广场店,(No.A0067),金堂县万泰街6号万达广场四层4053A商铺,成都,10:00-21:30,08/01/21 07:10,代运营,luckin coffee,
156,汇融广场店,(No.3252),新都区方元路55号汇融广场一期2号楼底商,成都,07:30-20:00,08/01/21 07:10,自运营,luckin coffee,
157,圣沅·唐人街购物中心店,(No.7266),敬请期待!,成都,07:00-22:00,08/01/21 07:10,自运营,luckin coffee,
158,海滨城购物中心店,(No.6744),双流区双楠大道88号海滨城购物中心二层a288-2号,成都,09:00-21:30,08/01/21 07:10,自运营,luckin coffee,
159,双流万达广场店,(No.4451),双流区星空路二段双流万达广场底商 ,成都,09:00-21:30,08/01/21 07:10,自运营,luckin coffee,
160,东航中心店,(No.4624),双流区西航港大道中二段2105号东航中心大厦一层大堂,成都,08:00-18:30,08/01/21 07:10,自运营,luckin coffee,
161,信息工程大学空港店,(No.A1002),双流区西航港街道锦华路4段45号附1号商铺,成都,08:30-21:00,08/01/21 07:10,代运营,luckin coffee,
162,武侯鞋都南路店,(No.4230),武侯区鞋都南路139号风尚中心1幢一层,成都,09:00-20:00,08/01/21 07:10,自运营,luckin coffee,
163,西部智谷空体店,(No.4207),武侯区武兴五路433号1栋二层2号,成都,08:30-18:00,08/01/21 07:10,自运营,luckin coffee,
164,西部智谷店,(No.3009),武侯区武科西五路360号西部智谷10栋4单元一层5号,成都,08:00-19:00,08/01/21 07:10,自运营,luckin coffee,
165,空港国际城店,(No.2469),双流区大件路白家段280号喆啡酒店一层大堂,成都,08:00-19:30,08/01/21 07:10,自运营,luckin coffee,
166,川大锦江学院店,(No.A1541),彭山区彭溪街道四川大学锦江学院商业街2-121号,成都,09:00-21:00,08/01/21 07:10,代运营,luckin coffee,
167,四川大学锦江学院店,(No.A1182),敬请期待!,成都,09:30-21:00,08/01/21 07:10,代运营,luckin coffee,
168,光华中心店,(No.0570),青羊区光华北三路98号光华中心写字楼C座一层大堂,成都,08:00-19:30,08/01/21 07:10,自运营,luckin coffee,
169,百伦广场店,(No.3734),郫都区一环路西北段188号百伦广场商场一楼,成都,10:00-20:00,08/01/21 07:10,自运营,luckin coffee,
170,成都龙湖时代天街B馆店,(No.4606),高新西区合作路89号龙湖时代天街B馆商场负一层B1-B2号,成都,10:00-20:30,08/01/21 07:10,自运营,luckin coffee,
171,仁寿锦绣汇金广场店,(No.A1550),仁寿县怀仁街道锦绣汇金天地1栋1层36号,成都,08:00-21:30,08/01/21 07:10,代运营,luckin coffee,
172,仁寿万达店,(No.A1548),仁寿县普宁街道万达广场二层2073A,成都,10:00-22:00,08/01/21 07:10,代运营,luckin coffee,
173,仁寿美家好百货店,(No.A1392),仁寿县文林镇阳光路102号美家好百货店一层,成都,10:00-21:00,08/01/21 07:10,代运营,luckin coffee,
174,龙泉驿万达广场2F店,(No.7106),龙泉驿区龙泉街道创业北街2号万达广场二层2059号,成都,10:00-21:30,08/01/21 07:10,自运营,luckin coffee,
175,东方华大广场店,(No.4510),龙泉驿区龙泉北泉路177号东方华大广场项目2栋一层105号,成都,10:00-21:00,08/01/21 07:10,自运营,luckin coffee,
176,成都新城吾悦广场店,(No.4398),龙泉驿区桃都大道888号新城吾悅广场4楼4003-1号,成都,10:00-21:30,08/01/21 07:10,自运营,luckin coffee,
177,四川师范大学成龙校区店,(No.A0821),龙城大道768号,成都,08:30-20:00,08/01/21 07:10,代运营,luckin coffee,
178,百悦国际中心店,(No.3429),龙泉驿区金桉路88号百悦国际中心写字楼大堂,成都,08:00-18:30,08/01/21 07:10,自运营,luckin coffee,
179,AI创新中心店,(No.3190),双流区和乐一街71号AI创新中心A区4栋一层101号,成都,08:00-20:00,08/01/21 07:10,自运营,luckin coffee,
180,高新区华润时光里店,(No.A0914),高新区观东二街华润时光里4栋商铺2楼204号（成都高新新华学校正大门旁）,成都,09:00-20:00,08/01/21 07:10,代运营,luckin coffee,
181,蓝润ISC店,(No.1575),双流区天府新区华府大道一段1号蓝润ISC写字楼一层大堂,成都,08:00-19:00,08/01/21 07:10,自运营,luckin coffee,
182,天府软件园C区店,(No.2319),武侯区天华二路219号天府软件园C区11栋一层大堂,成都,今日休息中,08/01/21 07:10,自运营,luckin coffee,
183,眉山管理委员会店,(No.A0684),视高镇高新大道二段1号1幢一层大堂,成都,08:30-17:30,08/01/21 07:10,代运营,luckin coffee,
184,四川宝石花医院店,(No.4926),双流区通济巷26号四川宝石花医院第二住院楼一层大堂,成都,今日休息中,08/01/21 07:10,自运营,luckin coffee,
185,成都金棕榈店,(No.A0130),双流区天府新区华阳街道协和下街588号,成都,09:30-20:00,08/01/21 07:10,代运营,luckin coffee,
186,龙翔通讯华阳店,(No.6460),双流区华阳镇正北上街163号龙翔通讯城店内,成都,09:00-20:00,08/01/21 07:10,自运营,luckin coffee,
187,成都世豪广场2F店,(No.6579),高新区剑南大道998号世豪广场二层,成都,09:30-21:30,08/01/21 07:10,自运营,luckin coffee,
188,清凤时代城店,(No.2622),高新区剑南大道中段716号清凤时代城负一层,成都,09:00-20:30,08/01/21 07:10,自运营,luckin coffee,
189,出版大厦店,(No.1896),青羊区槐树街2号附1号出版大厦底商,成都,08:00-20:30,08/01/21 07:10,自运营,luckin coffee,
190,成都新城市广场店,(No.2347),青羊区西大街9号新城市广场2幢一层,成都,10:00-21:00,08/01/21 07:10,自运营,luckin coffee,
191,少城视井文化产业园店,(No.2227),青羊区东胜街40号少城视井文创产业园3号楼一层,成都,08:00-18:00,08/01/21 07:10,自运营,luckin coffee,
192,铂金大厦店,(No.7216),青羊区青龙街铂金大厦1栋一层52号,成都,08:00-18:00,08/01/21 07:10,自运营,luckin coffee,
193,友豪罗曼酒店店,(No.1724),青羊区人民中路二段22号友豪罗曼酒店一层大堂,成都,07:30-18:00,08/01/21 07:10,自运营,luckin coffee,
194,泰丰国际广场店,(No.2371),青羊区人民中路二段29号泰丰国际广场一层大堂,成都,今日休息中,08/01/21 07:10,自运营,luckin coffee,
195,四川大学锦城学院店,(No.6354),高新区西源大道1号四川大学锦城学院二期附属用房A区2栋创业路1号附1-3号,成都,08:30-21:00,08/01/21 07:10,自运营,luckin coffee,
196,成都龙湖时代天街A馆店,(No.6858),高新区合作路89号龙湖时代天街商场A馆四层4-C01号,成都,10:00-20:30,08/01/21 07:10,自运营,luckin coffee,
197,中石化羊西北店,(No.2821),郫都区天辰路1号中国石油石化加气站一层易捷便利店,成都,07:30-20:00,08/01/21 07:10,自运营,luckin coffee,
198,青羊工业园店,(No.4727),青羊区敬业路23号青羊工业总部基地运动休闲中心一层大堂,成都,08:00-18:00,08/01/21 07:10,自运营,luckin coffee,
199,纺织高等专科学校店,(No.6547),郫都区犀浦镇犀城旺座小区成都纺织高等专科学校北苑校区正门右侧楼底商,成都,09:00-19:00,08/01/21 07:10,自运营,luckin coffee,
200,黄金珠宝中心店,(No.7189),金牛区蜀西路48号西城国际2栋一层B110,成都,08:30-18:00,08/01/21 07:10,自运营,luckin coffee,
201,犀浦站店,(No.A0441),郫都区犀浦街道天府大道5号底商,成都,08:00-21:00,08/01/21 07:10,代运营,luckin coffee,
202,青羊万达店,(No.3113),青羊区日月大道一段996号底商,成都,09:00-21:00,08/01/21 07:10,自运营,luckin coffee,
203,金沙万瑞中心店,(No.1598),青羊区蜀金路1号金沙万瑞C座一层wowo超市,成都,07:30-18:00,08/01/21 07:10,自运营,luckin coffee,
204,西村5号店,(No.1312),青羊区贝森北路5号一层大堂,成都,08:00-19:00,08/01/21 07:10,自运营,luckin coffee,
205,三泰魔方广场店,(No.6110),金牛区蜀西路42号三泰科技魔方创意园C区1栋二层,成都,08:00-18:00,08/01/21 07:10,自运营,luckin coffee,
206,优品道曦岸店,(No.1757),青羊区优品街77号附29号一层,成都,08:00-18:00,08/01/21 07:10,自运营,luckin coffee,
207,卧龙晓城店,(No.1907),青羊区青羊大道288号附8号一层,成都,08:00-18:00,08/01/21 07:10,自运营,luckin coffee,
208,金楠天街店,(No.1827),武侯区晋阳路403号金楠天街A馆一层星河酒店,成都,08:00-18:30,08/01/21 07:10,自运营,luckin coffee,
209,光华仁和春天百货店,(No.1758),青羊区二环路西二段19号仁和·春天广场C座一层大堂,成都,07:30-19:00,08/01/21 07:10,自运营,luckin coffee,
210,金科双楠店,(No.1604),武侯区二环路西一段84号一层128号 ,成都,08:00-18:00,08/01/21 07:10,自运营,luckin coffee,
211,简悦逸致酒店店,(No.1830),武侯区永顺路28号附13号简悦逸致酒店一层大堂,成都,08:00-18:00,08/01/21 07:10,自运营,luckin coffee,
212,浣花香店,(No.3705),青羊区青羊上街336号乐地浣花香大厦一层大堂,成都,07:30-18:00,08/01/21 07:10,自运营,luckin coffee,
213,红牌楼广场店,(No.3015),武侯区佳灵路3号附7号红牌楼家乐福一层,成都,08:30-21:30,08/01/21 07:10,自运营,luckin coffee,
214,中国移动高升桥店,(No.4744),武侯区高升桥路1号移动营业厅内,成都,今日休息中,08/01/21 07:10,自运营,luckin coffee,
215,润邦国际酒店店,(No.2774),金牛区蜀汉路249号润邦国际酒店底商,成都,08:00-21:00,08/01/21 07:10,自运营,luckin coffee,
216,龙湖西宸天街店,(No.3247),金牛区花照壁西顺街399号龙湖西宸天街写字楼一层大堂,成都,08:00-18:00,08/01/21 07:10,自运营,luckin coffee,
217,四威大厦店,(No.0952),金牛区泰安里营门口路88号四威大厦A座一层大堂,成都,09:00-18:00,08/01/21 07:10,自运营,luckin coffee,
218,TIFO研究院店,(No.2035),金牛区金科东路50号国宾总部基地4栋三层,成都,08:00-18:00,08/01/21 07:10,自运营,luckin coffee,
219,创想中心店,(No.2271),金牛区北三段一段221号华侨城·创想中心一层大堂,成都,08:00-18:00,08/01/21 07:10,自运营,luckin coffee,
220,花园城酒店店,(No.1242),锦江区盐市口大业路8号成都花园城酒店一层大堂,成都,今日休息中,08/01/21 07:10,自运营,luckin coffee,
221,无里创意工厂店,(No.1868),金牛区花牌坊街40号无里创意工厂一层,成都,08:00-18:00,08/01/21 07:10,自运营,luckin coffee,
222,银海中心店,(No.6591),金牛区一环路北四段108号附7-8号,成都,10:00-19:30,08/01/21 07:10,自运营,luckin coffee,
223,红星路创意园店,(No.0937),锦江区红星路一段35号附1号A1红星路创意园1号楼一层106号,成都,08:00-18:00,08/01/21 07:10,自运营,luckin coffee,
224,成都世茂大厦店,(No.4679),成华区猛追湾横街99号世茂大厦一层大堂,成都,08:00-18:00,08/01/21 07:10,自运营,luckin coffee,
225,赛格广场店,(No.0851),青羊区太升路222号赛格广场一层大堂,成都,10:00-18:30,08/01/21 07:10,自运营,luckin coffee,
226,凯龙财富大厦店,(No.0962),成华区府青路二段2号凯龙财富大厦一层大堂,成都,08:00-18:30,08/01/21 07:10,自运营,luckin coffee,
227,成都传媒大厦店,(No.4798),锦江区红星路159号传媒大厦二层 ,成都,今日休息中,08/01/21 07:10,自运营,luckin coffee,
228,绿洲大酒店店,(No.2689),青羊区忠烈祠西街99号绿洲大酒店一层大堂,成都,今日休息中,08/01/21 07:10,自运营,luckin coffee,
229,冠城广场店,(No.7132),青羊区顺城街308号冠城广场一层,成都,08:00-18:00,08/01/21 07:10,自运营,luckin coffee,
230,宏达国际广场店,(No.6520),青羊区汪家拐街道宏达国际广场一层,成都,今日休息中,08/01/21 07:10,自运营,luckin coffee,
231,高速大厦店,(No.2423),武侯区洗面桥街30号高速大厦A座一层大堂,成都,07:30-18:00,08/01/21 07:10,自运营,luckin coffee,
232,汇日央扩国际广场店,(No.2512),武侯区人民南路三段2号汇日央扩国际广场一层大堂,成都,今日休息中,08/01/21 07:10,自运营,luckin coffee,
233,国贸时尚汇店,(No.2034),武侯区玉林街道洗面桥街20号国贸时尚汇一层,成都,10:00-21:00,08/01/21 07:10,自运营,luckin coffee,
234,汇龙湾广场店,(No.1089),金牛区沙湾路1号附7号汇龙湾广场一层1楼大堂,成都,09:30-18:00,08/01/21 07:10,自运营,luckin coffee,
235,龙湖上城店,(No.7186),金牛区人民北路一段12号龙湖·上城A馆-B1-22,成都,10:00-21:30,08/01/21 07:10,自运营,luckin coffee,
236,环球广场店,(No.2036),金牛区一环路北一段61号环球广场一层,成都,08:00-18:00,08/01/21 07:10,自运营,luckin coffee,
237,金牛万达广场店,(No.6826),金牛区一环路北三段1号金牛万达广场B1楼6826号,成都,10:00-21:30,08/01/21 07:10,自运营,luckin coffee,
238,恒创太平洋购物中心店,(No.3118),郫都区东大街699号恒创太平洋购物中心底商,成都,10:00-20:00,08/01/21 07:10,自运营,luckin coffee,
239,郫都万达广场店,(No.A0917),郫都区郫筒街道望丛东路117附108号,成都,09:00-21:30,08/01/21 07:10,代运营,luckin coffee,
240,四川大学华西医院上锦医院店,(No.4425),高新区尚锦路241号上锦医院1栋一层119号,成都,08:00-19:30,08/01/21 07:10,自运营,luckin coffee,
241,谢威中心店,(No.7178),武侯区德华路333号谢威中心一层大堂,成都,08:00-18:00,08/01/21 07:10,自运营,luckin coffee,
242,美年广场店,(No.7011),高新区天府大道中段美年广场B座一层7号01,成都,08:00-18:00,08/01/21 07:10,自运营,luckin coffee,
243,阿里巴巴西部基地店,(No.4709),高新区益州大道1999号15栋阿里中心大厦1层,成都,今日休息中,08/01/21 07:10,自运营,luckin coffee,
244,汇点广场店,(No.1445),武侯区武侯大道顺江段77号城置汇点写字楼2座一层大堂,成都,08:00-18:00,08/01/21 07:10,自运营,luckin coffee,
245,银泰城店,(No.0426),武侯区益州大道1999号银泰城18栋二层211号,成都,08:00-20:00,08/01/21 07:10,自运营,luckin coffee,
246,海特国际广场店,(No.2444),武侯区科园南路1号海特国际广场2号楼一层大堂,成都,08:00-18:00,08/01/21 07:10,自运营,luckin coffee,
247,成都中海国际中心店,(No.3717),高新区交子大道533号附136号中海国际中心底商,成都,08:00-19:30,08/01/21 07:10,自运营,luckin coffee,
248,仁和新城购物中心4F店,(No.7280),武侯区府城大道西段505号仁和新城四层小米盈家,成都,10:30-21:30,08/01/21 07:10,自运营,luckin coffee,
249,天府新谷店,(No.0724),高新区府城大道西段399号天府新谷7栋一层105号,成都,08:00-18:00,08/01/21 07:10,自运营,luckin coffee,
250,大合仓星商店,(No.4768),武侯区星狮路818号4-3-107天合智能一楼大堂,成都,08:30-19:30,08/01/21 07:10,自运营,luckin coffee,
251,天府软件园B区店,(No.6553),高新区天华1路99号百食集食堂一层B1-C7号,成都,今日休息中,08/01/21 07:10,自运营,luckin coffee,
252,天府软件园A区店,(No.2944),高新区天府大道中段765号天府软件园A区9栋底商,成都,今日休息中,08/01/21 07:10,自运营,luckin coffee,
253,世纪城天鹅湖店,(No.6007),高新区天府大道中段177号25栋一层23号,成都,08:00-19:30,08/01/21 07:10,自运营,luckin coffee,
254,新希望国际C座店,(No.7104),高新区吉泰三路8号新希望国际C座一层大堂,成都,08:00-18:00,08/01/21 07:10,自运营,luckin coffee,
255,长虹科技大厦店,(No.7213),武侯区吉泰路102号长虹科技大厦B座一层01号,成都,08:30-18:00,08/01/21 07:10,自运营,luckin coffee,
256,成都金融服务中心店,(No.2791),高新区天府四街300号金融服务中心2号食堂一层,成都,今日休息中,08/01/21 07:10,自运营,luckin coffee,
257,OCG国际中心店,(No.1729),武侯区天府四街158号OCG国际中心B座一层大堂,成都,今日休息中,08/01/21 07:10,自运营,luckin coffee,
258,丰尚商务港店,(No.0912),武侯区永丰路49号丰尚商务港一层大堂,成都,08:00-18:00,08/01/21 07:10,自运营,luckin coffee,
259,东方希望大厦店,(No.0733),高新区高朋大道3号东方希望大厦一层大堂,成都,今日休息中,08/01/21 07:10,自运营,luckin coffee,
260,航利中心店,(No.0579),高新区科园二路10号航利中心2栋1单元一层1号,成都,08:00-18:00,08/01/21 07:10,自运营,luckin coffee,
261,凯乐国际店,(No.2709),高新区九兴大道14号凯乐国际2栋1单元一层,成都,今日休息中,08/01/21 07:10,自运营,luckin coffee,
262,富森美家居店,(No.3686),高新区盛和二路18号富森美家居3号店家居附楼一层步行街19A号,成都,09:00-19:00,08/01/21 07:10,自运营,luckin coffee,
263,安格斯国际中心店,(No.7193),武侯区益州大道北段366号安格斯国际中心一层大堂,成都,08:00-18:00,08/01/21 07:10,自运营,luckin coffee,
264,下一站都市店,(No.4269),武侯区武阳大道三段5号附6号,成都,08:00-19:30,08/01/21 07:10,自运营,luckin coffee,
265,保利双子塔店,(No.2400),武侯区领事馆路7号保利中心双子塔北塔一层大堂,成都,08:00-18:00,08/01/21 07:10,自运营,luckin coffee,
266,保利商业街店,(No.1258),武侯区锦绣路1号保利中心C座一层大堂,成都,08:00-18:00,08/01/21 07:10,自运营,luckin coffee,
267,电建大厦泛悦国际店,(No.1278),武侯区长荣路60号龙湖冠寓一层大堂,成都,08:00-19:30,08/01/21 07:10,自运营,luckin coffee,
268,新希望大厦大堂店,(No.7220),武侯区人民南路四段45号新希望大厦一层大堂,成都,08:00-19:00,08/01/21 07:10,自运营,luckin coffee,
269,中信银行锦绣店,(No.1147),武侯区人民南路四段47号中信银行一层大堂,成都,今日休息中,08/01/21 07:10,自运营,luckin coffee,
270,世外桃源店,(No.0273),武侯区科华北路69号世外桃源广场B座一层大堂,成都,08:00-18:00,08/01/21 07:10,自运营,luckin coffee,
271,新世纪商业中心店,(No.0934),武侯区一环路南二段2号磨子桥新世纪花园东楼一单元一层大堂,成都,07:00-21:00,08/01/21 07:10,自运营,luckin coffee,
272,香格里拉中心店,(No.2264),锦江区滨江东路9号香格里拉中心写字楼一层大堂,成都,今日休息中,08/01/21 07:10,自运营,luckin coffee,
273,成都理想中心店,(No.A1235),高新区天益街38号4栋1层附19号,成都,09:30-18:00,08/01/21 07:10,代运营,luckin coffee,
274,城南天府店,(No.2424),武侯区盛和一路66号城南天府一层大堂,成都,今日休息中,08/01/21 07:10,自运营,luckin coffee,
275,大鼎世纪广场店,(No.0849),武侯区天仁路387号大鼎世纪广场一层大堂,成都,08:00-18:00,08/01/21 07:10,自运营,luckin coffee,
276,凯德天府店,(No.6876),高新区天仁路388号凯德天府商场负一层永辉超市,成都,08:00-21:30,08/01/21 07:10,自运营,luckin coffee,
277,中航城市广场店,(No.0611),高新区天晖南街169号中航城市广场写字楼一层大堂,成都,08:00-18:00,08/01/21 07:10,自运营,luckin coffee,
278,九方购物中心店,(No.6511),高新区府城大道中段88号1栋L6层L613-1101号,成都,10:00-21:00,08/01/21 07:10,自运营,luckin coffee,
279,朝阳朗香广场店,(No.1237),金牛区金沙横街169号朝阳朗香广场4号楼一层,成都,08:00-18:00,08/01/21 07:10,自运营,luckin coffee,
280,金牛凯德广场B1店,(No.7093),金牛区交大路183号金牛凯德广场负一层,成都,10:00-21:30,08/01/21 07:10,自运营,luckin coffee,
281,金牛政务中心店,(No.2834),金牛区一品天下大街995号金牛政务中心底商,成都,08:00-18:00,08/01/21 07:10,自运营,luckin coffee,
282,西南交通大学店,(No.3008),金牛区九里堤中路新2号西南交大科技大厦一层12号,成都,08:00-18:00,08/01/21 07:10,自运营,luckin coffee,
283,龙湖北城天街店,(No.3268),金牛区五块石路1号龙湖北城天街购物广场南馆一层,成都,10:00-21:30,08/01/21 07:10,自运营,luckin coffee,
284,东立国际广场店,(No.4696),成华区羊子山路68号B栋7Fresh楼商业一层06号,成都,08:00-20:00,08/01/21 07:10,自运营,luckin coffee,
285,金牛万达B座店,(No.0350),金牛区人民北路二段168号万达写字楼B座一层大堂,成都,07:30-18:30,08/01/21 07:10,自运营,luckin coffee,
286,瑞安中心店,(No.0732),金牛区二环路北四段89号瑞安城中汇一层V21号,成都,08:30-21:00,08/01/21 07:10,自运营,luckin coffee,
287,富森美圣象国际馆店,(No.3193),成华区熊猫大道富森美家居8区c101圣象国际馆底商,成都,09:00-19:00,08/01/21 07:10,自运营,luckin coffee,
288,青龙广场店,(No.3041),成华区龙绵街1666号青龙广场1栋一层21号商铺,成都,08:00-20:30,08/01/21 07:10,自运营,luckin coffee,
289,西华大学广场路店,(No.A1160),郫都区红光镇广场路北一段281号,成都,09:00-21:00,08/01/21 07:10,代运营,luckin coffee,
290,西华大学西华记忆店,(No.6465),金牛区金周路999号西华大学内西华记忆物业19号,成都,08:30-19:30,08/01/21 07:10,自运营,luckin coffee,
291,四川传媒学院艺体中心店,(No.4424),郫都区四川传媒学院艺体中心一层106号中影九州电影城内,成都,10:00-19:00,08/01/21 07:10,自运营,luckin coffee,
292,西南交通大学犀浦校区店,(No.A0116),郫都区犀浦镇犀安路999号西南交通大学犀浦校区二期BOT项目B3-210号,成都,08:00-18:00,08/01/21 07:10,代运营,luckin coffee,
293,中央华城花园城店,(No.6272),成华区杉板桥路699号中央华城花园城一楼底商1028商铺,成都,09:00-21:00,08/01/21 07:10,自运营,luckin coffee,
294,绿地468店,(No.2458),锦江区驿都西路316号绿地中心468锦峰写字楼一层大堂,成都,08:00-19:30,08/01/21 07:10,自运营,luckin coffee,
295,成都万科魅力之城店,(No.A0728),成华区万科路二号7栋一层16号广场底商,成都,08:30-21:00,08/01/21 07:10,代运营,luckin coffee,
296,九熙广场店,(No.0630),成华区建材路37号九熙广场三期一栋写字楼一层大堂,成都,08:00-18:00,08/01/21 07:10,自运营,luckin coffee,
297,四川师范大学店,(No.2527),锦江区静安路5号四川师范大学天朗气清商场一层A19号,成都,08:00-18:00,08/01/21 07:10,自运营,luckin coffee,
298,成都华宇广场店,(No.C0365),锦江区沙河铺街789号华宇广场商场LG层麦德龙超市旁,成都,08:30-22:00,08/01/21 07:10,代运营,小鹿茶,
299,东郊记忆店,(No.2420),成华区建设南支路4号东郊记忆西门中央大道3号底商,成都,08:00-20:30,08/01/21 07:10,自运营,luckin coffee,
300,天台大酒店店,(No.1603),成华区玉双路7号附9号芭富丽大酒店一层大堂,成都,08:00-18:30,08/01/21 07:10,自运营,luckin coffee,
301,万科钻石广场店,(No.6005),成华区建设路10号万科钻石广场B座写字楼一层大堂,成都,08:00-18:30,08/01/21 07:10,自运营,luckin coffee,
302,星月里店,(No.0089),成华区杉板桥路1号星月里B区二层202-04号,成都,08:00-20:00,08/01/21 07:10,自运营,luckin coffee,
303,招商蛇口大厦店,(No.0960),成华区二环路东二段7号东城国际中心A座一层大堂,成都,08:00-18:00,08/01/21 07:10,自运营,luckin coffee,
304,华茂广场店,(No.0652),成华区二环路东二段508号华茂广场成华科技大厦一层大堂,成都,07:30-18:00,08/01/21 07:10,自运营,luckin coffee,
305,市二医院店,(No.2255),锦江区武成大街166号一层,成都,08:00-20:00,08/01/21 07:10,自运营,luckin coffee,
306,中粮鸿云店,(No.3107),锦江区汇源北路391号附1号底商,成都,09:00-18:30,08/01/21 07:10,自运营,luckin coffee,
307,环球汇店,(No.A0937),锦江区汇祥路21号,成都,08:00-20:30,08/01/21 07:10,代运营,luckin coffee,
308,蓉上坊店,(No.0364),锦江区牛王庙巷34号蓉上坊1栋一层,成都,08:30-18:00,08/01/21 07:10,自运营,luckin coffee,
309,摩根中心店,(No.2581),锦江区锦东路568号摩根中心2栋底商,成都,08:00-19:30,08/01/21 07:10,自运营,luckin coffee,
310,天府国际店,(No.1106),锦江区一环路东五段8号天府国际中心一层大堂,成都,08:00-18:00,08/01/21 07:10,自运营,luckin coffee,
311,时代8号店,(No.6722),锦江区东大街芷泉段68号时代8号写字楼红旗连锁二层,成都,08:00-20:00,08/01/21 07:10,自运营,luckin coffee,
312,成都睿东中心店,(No.A1882),锦江区锦官驿街道睿东中心大厦B座1层商铺,成都,08:30-18:00,08/01/21 07:10,代运营,luckin coffee,
313,成都群光广场店,(No.6613),锦江区春熙路南段8号群光广场1栋二层,成都,10:00-21:00,08/01/21 07:10,自运营,luckin coffee,
314,西部国际金融中心店,(No.0172),锦江区下东大街258号西部国际金融中心2号楼商场一层大堂,成都,08:00-20:30,08/01/21 07:10,自运营,luckin coffee,
315,沙河一号店,(No.0487),锦江区静沙南路29号沙河中心6号楼乐宾酒店一层大堂,成都,07:30-18:00,08/01/21 07:10,自运营,luckin coffee,
316,西囡医院琉璃店,(No.3074),锦江区毕昇路66号西囡妇科医院一层1-C-16号,成都,08:00-18:00,08/01/21 07:10,自运营,luckin coffee,
317,瑞升橡树林店,(No.0603),锦江区橡树林路163号瑞升橡树林三期三栋一层272号,成都,08:00-19:30,08/01/21 07:10,自运营,luckin coffee,
318,新希望中鼎国际店,(No.2455),锦江区金石路366号新希望中鼎国际3幢一层大堂,成都,08:00-18:00,08/01/21 07:10,自运营,luckin coffee,
319,万科汇智中心店,(No.3197),武侯区长华路19号万科汇智中心底商,成都,08:00-19:30,08/01/21 07:10,自运营,luckin coffee,
320,成都银泰中心店,(No.6086),武侯区桂溪街道天府大道北段1199号银泰中心B1层B131B号,成都,10:00-21:30,08/01/21 07:10,自运营,luckin coffee,
321,明宇大厦店,(No.0860),武侯区科华南路339号明宇大厦一层大堂,成都,08:00-18:00,08/01/21 07:10,自运营,luckin coffee,
322,天府国际金融中心店,(No.0569),武侯区天府大道北段966号天府国际金融中心写字楼4号楼一层大堂,成都,今日休息中,08/01/21 07:10,自运营,luckin coffee,
323,楚峰国际店,(No.0844),武侯区蜀锦路88号楚峰国际一层大堂,成都,08:00-18:00,08/01/21 07:10,自运营,luckin coffee,
324,拉德方斯大厦店,(No.1024),高新区天府大道北段1480号拉德方斯大厦西楼一层大堂,成都,08:00-18:00,08/01/21 07:10,自运营,luckin coffee,
325,成都奥克斯广场店,(No.3519),高新区锦城大道666号1楼1号奥克斯广场A座一层大堂,成都,08:00-18:00,08/01/21 07:10,自运营,luckin coffee,
326,环球中心E3店,(No.6913),武侯区锦悦西路147号新世纪环球购物中心E3一层大堂,成都,08:00-18:00,08/01/21 07:10,自运营,luckin coffee,
327,中航国际交流中心店,(No.0612),武侯区益州大道北段777号中航国际交流中心一层大堂,成都,08:00-18:00,08/01/21 07:10,自运营,luckin coffee,
328,新建南路康达店,(No.6023),迎泽区新建南路59号康达时光里商场一层1017号,太原,09:30-21:00,08/01/21 07:10,自运营,luckin coffee,
329,华宇购物中心店,(No.2912),迎泽区开化寺街87号华宇购物中心一层,太原,10:00-20:00,08/01/21 07:10,自运营,luckin coffee,
330,食品街店,(No.6647),迎泽区食品街5-2号,太原,10:00-21:00,08/01/21 07:10,自运营,luckin coffee,
331,华宇生活广场店,(No.B0055),杏花岭区府西街45号华宇生活广场一层121号,太原,10:00-20:00,08/01/21 07:10,自运营,小鹿茶,
332,山西国际贸易中心店,(No.3689),杏花岭区府西街69号山西国际贸易中心裙楼一层大堂,太原,08:00-18:00,08/01/21 07:10,自运营,luckin coffee,
333,铜锣湾国际购物中心店,(No.3341),迎泽区五一路77号铜锣湾国际购物中心三层,太原,10:00-20:00,08/01/21 07:10,自运营,luckin coffee,
334,财富国际大厦店,(No.2852),小店区南内环街98-2号财富国际大厦西侧大堂一层,太原,08:00-18:30,08/01/21 07:10,自运营,luckin coffee,
335,龙湖万达苏宁店,(No.6889),山西省太原市杏花岭区解放路175号万达广场苏宁易购1层W1004,太原,08:30-21:30,08/01/21 07:10,自运营,luckin coffee,
336,北美N1购物中心店,(No.2971),小店区体育南路196号北美N1艺术购物中心二层,太原,10:00-21:30,08/01/21 07:10,自运营,luckin coffee,
337,北美时尚中心店,(No.2974),小店区长治路116号北美新天地购物中心三层,太原,10:00-21:30,08/01/21 07:10,自运营,luckin coffee,
338,山西国际金融中心店,(No.3229),小店区南中环街产业路426号山西国际金融中心4号楼一层 ,太原,08:00-18:30,08/01/21 07:10,自运营,luckin coffee,
339,智创城1号店,(No.3473),小店区唐槐路77号科技创新基地4号楼一层大堂,太原,今日休息中,08/01/21 07:10,自运营,luckin coffee,
340,美特好丽华苑店,(No.3651),万柏林区长风西街1号丽华大厦A座一层1号,太原,08:00-18:00,08/01/21 07:10,自运营,luckin coffee,
341,清控创新基地店,(No.4776),小店区南中环街529号清控创新基地CD座裙楼一层05D-01 ,太原,08:00-18:00,08/01/21 07:10,自运营,luckin coffee,
342,太原环球金融中心店,(No.6673),晋源区长兴南街阳光城环球金融中心B座大堂东北侧1号,太原,今日休息中,08/01/21 07:10,自运营,luckin coffee,
343,太原华润大厦店,(No.A0311),万柏林区长兴北街1号华润大厦T4幢底商1009号,太原,07:30-20:30,08/01/21 07:10,代运营,luckin coffee,
344,太原文创区店,(No.C0364),体育南路95号北美N1文创区底商7#1010,太原,08:00-20:00,08/01/21 07:10,代运营,小鹿茶,
345,太原学院店,(No.4235),小店区大昌南路18号太原学院第一食堂一层1号,太原,08:30-20:00,08/01/21 07:10,自运营,luckin coffee,
346,公元时代城购物中心店,(No.6771),柏林区迎泽西大街120号公元时代MALL二层048号商铺,太原,10:00-20:30,08/01/21 07:10,自运营,luckin coffee,
347,太原科技大学店,(No.6695),太原科技大学海巴巴餐厅二层102,太原,09:30-20:00,08/01/21 07:10,自运营,luckin coffee,
348,创业街店,(No.4435),山西综改示范区太原学府园区创业街21号YOUNG美食街底商,太原,08:00-19:30,08/01/21 07:10,自运营,luckin coffee,
349,和信时尚商城店,(No.4733),小店区长风街705号和信时尚商场一层101号 ,太原,10:00-19:30,08/01/21 07:10,自运营,luckin coffee,
350,山西应用科技学院店,(No.4267),小店区榆古路东1号山西应用科技学院餐饮中心二层201号,太原,今日休息中,08/01/21 07:10,自运营,luckin coffee,
351,山西大学商务学院店,(No.4468),小店区武宿机场南山西大学商务学院行健园三层1号,太原,今日休息中,08/01/21 07:10,自运营,luckin coffee,
352,山西财经大学,(No.7347),敬请期待!,太原,07:00-22:00,08/01/21 07:10,自运营,luckin coffee,
353,太原王府井百货店,(No.4337),太原市小店区亲贤街99号太原王府井百货二期负一层西北角B1-G009,太原,09:30-20:00,08/01/21 07:10,自运营,luckin coffee,
354,太原工业学院店,(No.A1578),尖草坪区迎新街北一巷2号太工超市负一层,太原,11:00-20:00,08/01/21 07:10,代运营,luckin coffee,
355,中北大学店,(No.6721),中北大学学院路3号广顺超市跃层1号,太原,08:00-20:00,08/01/21 07:10,自运营,luckin coffee,
356,太原富力广场店,(No.4229),杏花岭区胜利东街7号富力城一期商业7号楼二层L2-11,太原,10:00-20:00,08/01/21 07:10,自运营,luckin coffee,
357,万科城生活广场店,(No.6423),小店区太榆路88号万科城生活广场1017-1号铺,太原,09:30-20:00,08/01/21 07:10,自运营,luckin coffee,
358,山西大学创意谷店,(No.6696),山西大学创意谷生活文化中心D4023商铺,太原,09:00-21:00,08/01/21 07:10,自运营,luckin coffee,
359,晋中印象城店,(No.6522),晋榆次区安宁街290号印象城一层L001号铺,太原,09:30-20:00,08/01/21 07:10,自运营,luckin coffee,
360,太原师范学院店,(No.6104),榆次区太原师范学院新校区东区商业街22号众生园超市01号,太原,08:30-20:00,08/01/21 07:10,自运营,luckin coffee,
361,晋中大学城万科店,(No.A1081),榆次区万科生活广场A3-113-001,太原,10:00-22:00,08/01/21 07:10,代运营,luckin coffee,
362,太原理工大学明向店,(No.7115),榆次区大学街209号太原理工大学明向校区东区明向超市一层,太原,09:00-20:00,08/01/21 07:10,自运营,luckin coffee,
363,山西农业大学信息学院店,(No.6798),太谷区学院路8号山西农业大学信息学院青藤书院B栋一层101商铺,太原,08:00-20:00,08/01/21 07:10,自运营,luckin coffee,
364,临汾鼓楼店,(No.A0114),尧都区鼓楼东大街81号商铺,临汾,09:00-22:00,08/01/21 07:10,代运营,luckin coffee,
365,山西师范大学店,(No.A1239),尧都区信和西路师范大学西门谷多工坊北20米,临汾,10:00-17:30,08/01/21 07:10,代运营,luckin coffee,
366,孝义天福广场店,(No.A1270),府前街天福广场一层底商L1004,吕梁,10:00-21:30,08/01/21 07:10,代运营,luckin coffee,
367,介休鼎尚时代广场店,(No.A0303),介休市新建西路324号鼎尚时代广场,吕梁,09:30-21:00,08/01/21 07:10,代运营,luckin coffee,
368,山西平遥古城店,(No.A0113),平遥县古陶镇南大街188号商铺,吕梁,08:30-22:00,08/01/21 07:10,代运营,luckin coffee,
369,胶州宝龙城市广场店,(No.A0393),胶州市三里河街道办事处福州南路97号宝龙城市广场mall区一层L1-073号,胶州(青岛),10:00-21:30,08/01/21 07:10,代运营,luckin coffee,
370,胶东机场国际出发大厅店,(No.3151),敬请期待!,胶州(青岛),08:00-20:00,08/01/21 07:10,自运营,luckin coffee,
371,胶东机场国际隔离区店,(No.3152),敬请期待!,胶州(青岛),08:00-20:00,08/01/21 07:10,自运营,luckin coffee,
372,池州新西街店,(No.A1545),贵池区池阳街道老西街口0-1,池州,08:00-21:30,08/01/21 07:10,代运营,luckin coffee,
373,铜陵双星国际广场店,(No.A1494),铜官区铜陵商城双星国际一层广场街7号,池州,08:00-21:00,08/01/21 07:10,代运营,luckin coffee,
374,安庆倒扒狮店,(No.A0197),迎江区倒爬狮街A26号,池州,10:00-21:00,08/01/21 07:10,代运营,luckin coffee,
375,安庆吾悦广场店,(No.A1420),迎江区龙狮桥乡安庆新城吾悦广场S9-1012号商铺,池州,09:30-22:00,08/01/21 07:10,代运营,luckin coffee,
376,大都会天汇广场店,(No.0118),和平区福安大街150号人保寿险大厦一层大堂,天津,今日休息中,08/01/21 07:10,自运营,luckin coffee,
377,巨贝大厦店,(No.0188),和平区南京路258号巨贝大厦一层A101号,天津,07:00-20:30,08/01/21 07:10,自运营,luckin coffee,
378,天津中心写字楼店,(No.3674),和平区西宁道37号天津中心写字楼一层大堂,天津,08:00-18:00,08/01/21 07:10,自运营,luckin coffee,
379,金街中原百货店,(No.2733),和平区滨江道200号中原百货底商,天津,10:00-20:00,08/01/21 07:10,自运营,luckin coffee,
380,天津和平区国际金融中心店,(No.A0889),和平区赤峰道136号国际金融中心负一层B1-25号,天津,09:00-19:00,08/01/21 07:10,代运营,luckin coffee,
381,和平大悦城店,(No.6590),和平区南京路189号和平大悦城三层科技智创空间图灵101街区内,天津,10:00-21:30,08/01/21 07:10,自运营,luckin coffee,
382,津汇广场店,(No.1241),和平区南京路津汇广场1座一层27号,天津,08:00-19:00,08/01/21 07:10,自运营,luckin coffee,
383,环球金融中心店,(No.0260),和平区大沽北路2号天津环球金融中心负一层11号,天津,今日休息中,08/01/21 07:10,自运营,luckin coffee,
384,友谊新都百货店,(No.3561),河北区狮子林大街200号友谊新都百货负一层,天津,10:00-20:00,08/01/21 07:10,自运营,luckin coffee,
385,华润万家金钟店,(No.A1035),河北区宁园街道金钟河大街华润万家一层1001-1号,天津,09:00-19:30,08/01/21 07:10,代运营,luckin coffee,
386,天津宏业广场店,(No.C0490),河北区中山北路宏业广场一层C8、C9,天津,09:30-20:30,08/01/21 07:10,代运营,小鹿茶,
387,冠福大厦店,(No.0510),河东区新开路46号冠福大厦一层101-4号,天津,08:00-18:00,08/01/21 07:10,自运营,luckin coffee,
388,创新大厦店,(No.0151),和平区南马路11号创新大厦B区负一层,天津,08:00-18:00,08/01/21 07:10,自运营,luckin coffee,
389,富力大厦一楼店,(No.4846),南开区北马路与城厢西路交口天康园10号楼一层大堂,天津,08:00-18:00,08/01/21 07:10,自运营,luckin coffee,
390,茂业大厦店,(No.6862),河北区海河东路78号茂业大厦1座一层105室蜀乡食,天津,今日休息中,08/01/21 07:10,自运营,luckin coffee,
391,陆家嘴中心店,(No.B0178),红桥区大丰路25-29号陆家嘴中3层307,天津,10:00-21:00,08/01/21 07:10,自运营,小鹿茶,
392,万福广场负一层店,(No.2411),河北区迎贤道96号万福广场负一层扶梯右侧045、046号,天津,10:00-20:30,08/01/21 07:10,自运营,luckin coffee,
393,远洋未来广场店,(No.2843),河东区新开路71号远洋未来广场三层,天津,10:00-21:30,08/01/21 07:10,自运营,luckin coffee,
394,融资服务中心店,(No.3676),河东区成林道1号融资服务中心C座一层,天津,08:00-18:00,08/01/21 07:10,自运营,luckin coffee,
395,津湾广场店,(No.0678),和平区解放北路34号津湾广场6号楼一层1E-23号,天津,08:00-18:00,08/01/21 07:10,自运营,luckin coffee,
396,衔睿科技园店,(No.0998),红桥区丁字沽二号路39号衔睿科技园一层102号,天津,08:30-18:30,08/01/21 07:10,自运营,luckin coffee,
397,天辰大厦店,(No.0191),北辰区京津路1号天辰大厦裙房一层,天津,08:00-18:00,08/01/21 07:10,自运营,luckin coffee,
398,鹏欣水游城B座店,(No.2680),红桥区大丰路18号鹏欣水游城B座一层,天津,10:00-21:30,08/01/21 07:10,自运营,luckin coffee,
399,富力广场三楼店,(No.0715),南开区北马路127号富力广场三层大堂,天津,09:30-19:30,08/01/21 07:10,自运营,luckin coffee,
400,宝能创业中心店,(No.0402),红桥区柳口路26号宝能创业中心一层114号,天津,08:00-18:00,08/01/21 07:10,自运营,luckin coffee,
401,欧亚达商业广场店,(No.A0298),红桥区西青道58号欧亚达商业广场一层美食街126号,天津,09:00-19:00,08/01/21 07:10,代运营,luckin coffee,
402,金兴科技大厦店,(No.0167),红桥区西青道65号金兴科技大厦一层106号,天津,08:00-18:00,08/01/21 07:10,自运营,luckin coffee,
403,晶采大厦店,(No.3139),河西区大沽南路459号晶采大厦一层大堂,天津,08:00-18:00,08/01/21 07:10,自运营,luckin coffee,
404,南楼新生活广场店,(No.0967),河西区大沽南路737号阳光新生活广场一层,天津,09:00-20:30,08/01/21 07:10,自运营,luckin coffee,
405,天津外国语大学马场道校区店,(No.6892),河西区马场道117号天津外国语大学马场道校区逸夫教学楼对面,天津,07:00-20:00,08/01/21 07:10,自运营,luckin coffee,
406,丽晶大厦店,(No.3292),河西区围堤道53号丽晶大厦一层大堂,天津,今日休息中,08/01/21 07:10,自运营,luckin coffee,
407,桂发祥食品广场店,(No.1851),河西区围堤道44号桂发祥食品广场一层,天津,09:00-20:00,08/01/21 07:10,自运营,luckin coffee,
408,富力中心店,(No.1180),河西区合肥道11号富力中心底商,天津,08:00-18:30,08/01/21 07:10,自运营,luckin coffee,
409,银都大厦店,(No.0635),河西区友谊北路61号银都大厦B座一层102号,天津,今日休息中,08/01/21 07:10,自运营,luckin coffee,
410,北方金融大厦店,(No.3571),河西区友谊路5号北方金融大厦一层大堂,天津,今日休息中,08/01/21 07:10,自运营,luckin coffee,
411,青林大厦店,(No.0337),河西区洞庭路20号青林大厦A座一层7号,天津,08:00-18:00,08/01/21 07:10,自运营,luckin coffee,
412,大沽南路大润发店,(No.A0290),河西区大沽南路1118号大润发超市一层1020号,天津,08:30-21:00,08/01/21 07:10,代运营,luckin coffee,
413,中海四信公寓店,(No.A0982),河西区洞庭路黑牛城道交口南侧四信公寓4幢50号底商,天津,08:30-19:00,08/01/21 07:10,代运营,luckin coffee,
414,大岛商业广场店,(No.0664),西青区环岛西路11号大岛商业广场一层A1区,天津,10:00-20:00,08/01/21 07:10,自运营,luckin coffee,
415,联东u谷产业园店,(No.1491),津南区双港镇工业园区优谷产业园16号楼一层大堂,天津,08:00-17:30,08/01/21 07:10,自运营,luckin coffee,
416,天津富华梅江公馆店,(No.A0260),河西区郁江道37号,天津,08:30-17:30,08/01/21 07:10,代运营,luckin coffee,
417,玫瑰庄园店,(No.0451),津南区旺港路亿蜂创新创业产业基地一层大堂,天津,今日休息中,08/01/21 07:10,自运营,luckin coffee,
418,印象城店,(No.1936),西青区友谊南路111号印象城负一层12号,天津,09:30-21:30,08/01/21 07:10,自运营,luckin coffee,
419,泰达大厦店,(No.2957),河西区解放南路256号泰达大厦一层1号-1/2,天津,今日休息中,08/01/21 07:10,自运营,luckin coffee,
420,友谊路新业广场店,(No.4404),河西区黑牛城道125号新业广场A栋负一层002号,天津,10:00-21:30,08/01/21 07:10,自运营,luckin coffee,
421,天津湾凯德MALL店,(No.2339),河西区南北大街1号天津湾凯德MALL一层,天津,10:00-21:30,08/01/21 07:10,自运营,luckin coffee,
422,大安大厦店,(No.0737),河西区友谊路41号大安大厦B座一层大堂,天津,08:00-18:30,08/01/21 07:10,自运营,luckin coffee,
423,彩悦城阳光乐园购物中心店,(No.2329),河西区乐园道9号彩悦城阳光乐园购物中心二层,天津,09:30-20:30,08/01/21 07:10,自运营,luckin coffee,
424,赛顿中心VIP商务广场店,(No.B0190),和平区新兴街道西康路37号-103号增赛顿中心一层A1铺位,天津,08:00-19:00,08/01/21 07:10,自运营,小鹿茶,
425,天津奥林匹克大厦店,(No.A0251),和平区成都道126号奥林匹克大厦底商,天津,08:00-20:00,08/01/21 07:10,代运营,luckin coffee,
426,八里台新文化广场店,(No.1171),南开区卫津南路109号京燕大厦商业广场一层125号,天津,08:00-18:00,08/01/21 07:10,自运营,luckin coffee,
427,新生活广场紫金山路店,(No.1809),河西区紫金山路3号宁发商城一层3-101号,天津,09:00-20:30,08/01/21 07:10,自运营,luckin coffee,
428,博联大厦店,(No.1719),和平区卫津路155号博联大厦一层大堂,天津,07:30-18:00,08/01/21 07:10,自运营,luckin coffee,
429,天信大厦店,(No.4677),河西区马场街道围堤道125号天信大厦一层大堂,天津,今日休息中,08/01/21 07:10,自运营,luckin coffee,
430,天津鲁能国际中心店,(No.2670),南开区通园路鲁能国际中心写字楼一层大堂,天津,08:00-18:30,08/01/21 07:10,自运营,luckin coffee,
431,广银大厦店,(No.0884),河西区友谊北路广银大厦一层108C室,天津,08:30-18:00,08/01/21 07:10,自运营,luckin coffee,
432,友谊路红星美凯龙店,(No.1661),河西区友谊路16号红星美凯龙商场一层,天津,今日休息中,08/01/21 07:10,自运营,luckin coffee,
433,宁泰广场店,(No.0272),南开区霞光道1号宁泰广场一层大堂,天津,07:30-18:00,08/01/21 07:10,自运营,luckin coffee,
434,招商钻石山店,(No.3101),南开区卫津南路星城大厦34号楼一层大堂,天津,今日休息中,08/01/21 07:10,自运营,luckin coffee,
435,城市大厦店,(No.2370),河西区友谊路35号城市大厦一层,天津,今日休息中,08/01/21 07:10,自运营,luckin coffee,
436,天津宁汇大厦店,(No.A0799),南开区水上公园东路宁汇大厦B座一层大堂,天津,09:00-17:00,08/01/21 07:10,代运营,luckin coffee,
437,海河大观店,(No.1226),河西区台儿庄路海河大观铂津湾南苑底商5-107号,天津,07:30-18:30,08/01/21 07:10,自运营,luckin coffee,
438,天津平安大厦店,(No.4290),河西区马场道56号天津国际经济贸易中心一层大堂,天津,今日休息中,08/01/21 07:10,自运营,luckin coffee,
439,凯旋门大厦店,(No.0488),河西区南京路66号凯旋门大厦A座写字楼一层大堂,天津,08:00-18:30,08/01/21 07:10,自运营,luckin coffee,
440,天津万通中心店,(No.3664),和平区徐州道12号天津万通中心负一层,天津,08:00-18:00,08/01/21 07:10,自运营,luckin coffee,
441,中国民生银行店,(No.3593),和平区建设路银行大厦一层大堂,天津,今日休息中,08/01/21 07:10,自运营,luckin coffee,
442,海珠大厦店,(No.2526),和平区新华路166号海珠大厦一层大堂,天津,今日休息中,08/01/21 07:10,自运营,luckin coffee,
443,奥城国际C4号楼店,(No.6894),南开区凌宾路奥城国际写字楼C4号一层,天津,08:00-20:00,08/01/21 07:10,自运营,luckin coffee,
444,汇城广场店,(No.0940),东丽区先锋路61号汇城科技大厦一层大堂,天津,08:00-17:30,08/01/21 07:10,自运营,luckin coffee,
445,世纪都会店,(No.0755),和平区南京路181号世纪都会商厦一层103号,天津,07:30-19:00,08/01/21 07:10,自运营,luckin coffee,
446,君隆广场店,(No.0395),和平区南京路99号君隆广场1、2号楼中间商业街二层208号,天津,08:00-18:00,08/01/21 07:10,自运营,luckin coffee,
447,嘉里汇店,(No.1222),河东区六纬路238号嘉里汇四层4018号,天津,10:00-21:00,08/01/21 07:10,自运营,luckin coffee,
448,新华国金中心店,(No.1720),和平区和平路305号国金广场裙房一层,天津,今日休息中,08/01/21 07:10,自运营,luckin coffee,
449,天河城广州购书中心店,(No.1618),和平区和平路263号天河城购物中心五层广州购书中心,天津,10:00-21:00,08/01/21 07:10,自运营,luckin coffee,
450,万德大厦店,(No.2465),南开区万德庄大街1号万德大厦一层A-25号,天津,今日休息中,08/01/21 07:10,自运营,luckin coffee,
451,长荣大厦店,(No.1902),南开区南门外大街2号中粮广场一层大堂,天津,07:30-19:30,08/01/21 07:10,自运营,luckin coffee,
452,中关村e谷店,(No.1553),南开区南开三马路37号中关村e谷创想世界一层100号,天津,08:00-18:00,08/01/21 07:10,自运营,luckin coffee,
453,天佑城店,(No.3334),南开区南马路1618号天佑城二层,天津,09:30-21:00,08/01/21 07:10,自运营,luckin coffee,
454,津东大厦店,(No.1095),河东区六纬路99号津东大厦一层大堂,天津,08:00-18:30,08/01/21 07:10,自运营,luckin coffee,
455,人人乐津塘公路店,(No.A0375),河东区大直沽街道津塘公路59号一层1号,天津,09:30-18:00,08/01/21 07:10,代运营,luckin coffee,
456,河东家乐福店,(No.0565),河东区张贵庄路160号增16号河东家乐福一层HD014号,天津,08:00-18:00,08/01/21 07:10,自运营,luckin coffee,
457,海河高新区科技金融大厦店,(No.2427),东丽区一经路1号海河高新区科技金融大厦底商,天津,07:30-17:00,08/01/21 07:10,自运营,luckin coffee,
458,空港管委会店,(No.0938),东丽区空港国际物流经济区西三道166号二层,天津,今日休息中,08/01/21 07:10,自运营,luckin coffee,
459,空港商务园东区店,(No.0101),东丽区环河北路82号空港商务园东区下沉广场7、8号,天津,08:00-17:00,08/01/21 07:10,自运营,luckin coffee,
460,SM滨海城市广场店,(No.A0112),空港经济区环河北路168号SM天津滨海城市广场D1012号,天津,10:00-21:00,08/01/21 07:10,代运营,luckin coffee,
461,津南大学城店,(No.A1056),津南区海河教育园区雅润路104号,天津,08:00-20:00,08/01/21 07:10,代运营,luckin coffee,
462,新华城市广场店,(No.4360),津南区咸水沽新华城市广场负一层,天津,10:00-20:30,08/01/21 07:10,自运营,luckin coffee,
463,信息安全产业园店,(No.0736),滨海新区滨海信息安全产业园11号楼一层101号,天津,今日休息中,08/01/21 07:10,自运营,luckin coffee,
464,天津津南吾悦广场店,(No.A0258),津南区咸水沽镇二八公路与同砚路交口新城吾悦广场7号楼-底商45,天津,09:30-21:00,08/01/21 07:10,代运营,luckin coffee,
465,南开大学津南校区店,(No.6446),津南区海河教育园区同砚路38号南开大学商业街2-102,天津,08:00-19:30,08/01/21 07:10,自运营,luckin coffee,
466,天津大学北洋园店,(No.C0329),津南区天津大学北洋园校区治园宿舍底商（京东便利店内）,天津,08:30-20:30,08/01/21 07:10,代运营,小鹿茶,
467,天津科大滨海西校区店,(No.4324),滨海新区天津科技大学滨海西校区大学生活动中心一层,天津,08:00-18:00,08/01/21 07:10,自运营,luckin coffee,
468,天津研发大厦店,(No.4449),滨海新区中新天津生态城科技园研发大厦一层102室,天津,08:00-18:00,08/01/21 07:10,自运营,luckin coffee,
469,泰达华润万家店,(No.2592),滨海新区黄海路19号华润万家泰达店一层S31号,天津,08:00-20:30,08/01/21 07:10,自运营,luckin coffee,
470,银座大厦店,(No.2313),滨海新区南海路35号银座大厦一层大堂,天津,08:00-17:00,08/01/21 07:10,自运营,luckin coffee,
471,宝坻温泉城服务区店,(No.4689),宝坻区津蓟高速(蓟州方向)温泉城服务区一层大堂,天津,09:00-18:00,08/01/21 07:10,自运营,luckin coffee,
472,海泰信息广场店,(No.0192),西青区华天道6号海泰信息广场H座一层117号,天津,08:00-18:00,08/01/21 07:10,自运营,luckin coffee,
473,北京科技大学天津学院店,(No.1208),宝坻区珠江北环东路1号北京科技大学天津学院玑瑛创客工厂一层大堂,天津,09:00-18:00,08/01/21 07:10,自运营,luckin coffee,
474,大厂县步行街店,(No.C0036),大厂回族自治县永安北路68号,天津,10:00-20:00,08/01/21 07:10,代运营,小鹿茶,
475,泛华国际大厦店,(No.1446),滨海新区塘沽营口道1021号泛华国际大厦附楼一层大堂,天津,08:00-18:00,08/01/21 07:10,自运营,luckin coffee,
476,旷世国际大厦A座店,(No.A0270),滨海新区迎宾大道旷世国际A座底商2132-2号,天津,08:30-17:30,08/01/21 07:10,代运营,luckin coffee,
477,滨海中原百货店,(No.3246),滨海新区解放路629号中原百货一层2号,天津,10:00-20:00,08/01/21 07:10,自运营,luckin coffee,
478,燕赵大厦店,(No.0361),滨海新区响螺湾汇津街62号燕赵大厦一层,天津,今日休息中,08/01/21 07:10,自运营,luckin coffee,
479,滨海大港胜利步行街店,(No.A0376),滨海新区大港胜利街296号,天津,10:00-20:00,08/01/21 07:10,代运营,luckin coffee,
480,大港万达广场店,(No.A1873),滨海新区古林街道世纪大道305号万达广场5F5038,天津,10:00-21:30,08/01/21 07:10,代运营,luckin coffee,
481,天津大学仁爱学院店,(No.3443),静海区团泊新城天津仁爱大学博学苑66号楼一层116号,天津,08:30-19:30,08/01/21 07:10,自运营,luckin coffee,
482,静海东方红路店,(No.A1446),静海区东方红路南侧（争光渠桥西100米）,天津,10:00-21:00,08/01/21 07:10,代运营,luckin coffee,
483,社会山广场店,(No.1873),西青区张家窝镇知景道198号社会山广场7栋一层171室,天津,10:00-20:30,08/01/21 07:10,自运营,luckin coffee,
484,天津西青大学城店,(No.A0025),西青区付村路星期八小镇商业街AB-51号,天津,10:00-21:00,08/01/21 07:10,代运营,luckin coffee,
485,海泰发展大厦店,(No.1228),西青区海泰发展六道6号海泰发展大厦G座一层大堂,天津,今日休息中,08/01/21 07:10,自运营,luckin coffee,
486,华鼎智地店,(No.1443),西青区华科一路华鼎智地4号楼2门一层,天津,今日休息中,08/01/21 07:10,自运营,luckin coffee,
487,天津城建大学店,(No.A1352),西青区张家窝镇城建大学小二层服务区F005,天津,今日休息中,08/01/21 07:10,代运营,luckin coffee,
488,智慧山店,(No.2566),西青区工华道1号智慧山数字文化园一层113号,天津,今日休息中,08/01/21 07:10,自运营,luckin coffee,
489,万科东第店,(No.2334),西青区卫津南路万科东第广场一层21号门,天津,10:00-20:30,08/01/21 07:10,自运营,luckin coffee,
490,天津大学北洋园校区店,(No.A1620),敬请期待!,天津,08:00-18:00,08/01/21 07:10,代运营,luckin coffee,
491,鑫茂科技园店,(No.0604),西青区榕苑路15号鑫茂科技园B座一层103-3号,天津,08:00-18:00,08/01/21 07:10,自运营,luckin coffee,
492,天津理工大学中环信息学院店,(No.6891),西青区杨柳青镇柳口路99号天津理工大学中环信息学院一层,天津,08:30-18:30,08/01/21 07:10,自运营,luckin coffee,
493,天津节能大厦店,(No.0988),西青区星光路80号星光天地一层101号,天津,07:30-18:30,08/01/21 07:10,自运营,luckin coffee,
494,滨海万达广场店,(No.2949),滨海新区洞庭路4572号万达广场负一层,天津,10:00-21:00,08/01/21 07:10,自运营,luckin coffee,
495,开发区金融服务中心店,(No.2717),滨海新区新城西路52号滨海金融街西区一期8号楼底商,天津,07:30-17:00,08/01/21 07:10,自运营,luckin coffee,
496,泊寓瑞达公寓店,(No.2417),滨海新区第五大街泊寓瑞达公寓5号楼一层,天津,今日休息中,08/01/21 07:10,自运营,luckin coffee,
497,滨海伊势丹店,(No.C0045),滨海新区第二大街62号伊势丹百货二层T207-2商铺,天津,11:00-20:30,08/01/21 07:10,代运营,小鹿茶,
498,贻航国际店,(No.0313),滨海新区津港路5号贻航国际10号楼一层大堂,天津,今日休息中,08/01/21 07:10,自运营,luckin coffee,
499,9号线广场店,(No.0770),滨海新区第二大街91号九号线广场一层S1-05A号,天津,08:00-18:30,08/01/21 07:10,自运营,luckin coffee,
500,天津瑞湾国际汇馆店,(No.A0013),滨海新区新港一号路2451号瑞湾国际汇馆一层,天津,08:30-18:00,08/01/21 07:10,代运营,luckin coffee,
501,天津于家堡环球购店,(No.C0623),滨海新区于家堡金融街环球购地下负二层030号,天津,08:00-18:00,08/01/21 07:10,代运营,小鹿茶,
502,东城金街创业街店,(No.C0321),蓟州区东城金街创业街F107,天津,10:00-21:00,08/01/21 07:10,代运营,小鹿茶,
503,沃尔玛荔隆广场店,(No.4525),武清区新城南财源道南侧荔隆广场二层沃尔玛出口旁,天津,09:00-20:00,08/01/21 07:10,自运营,luckin coffee,
504,创业总部基地C06号楼店,(No.1503),武清区福源道创业总部基地C06号楼底商,天津,今日休息中,08/01/21 07:10,自运营,luckin coffee,
505,威尼都意瑞广场12号楼店,(No.B0185),武清区瑞安威尼都意瑞广场12号楼H2-110,天津,09:00-20:00,08/01/21 07:10,自运营,小鹿茶,
506,廊坊万达店,(No.A0945),广阳区廊坊金街a2-112号,天津,09:30-21:00,08/01/21 07:10,代运营,luckin coffee,
507,河北工业大学亨顺广场店,(No.1580),北辰区津保高速辅路北亨顺广场一层大堂,天津,08:30-20:30,08/01/21 07:10,自运营,luckin coffee,
508,仓生大厦店,(No.3476),北辰区京津公路仓生大厦B区一层,天津,08:00-18:30,08/01/21 07:10,自运营,luckin coffee,
509,北辰医院店,(No.6531),北辰区北医道7号北辰医院门诊楼一层,天津,今日休息中,08/01/21 07:10,自运营,luckin coffee,
510,北辰大厦3号楼店,(No.7348),敬请期待!,天津,08:00-18:00,08/01/21 07:10,自运营,luckin coffee,
511,汇龙森科技园店,(No.A0386),敬请期待!,天津,08:00-18:00,08/01/21 07:10,代运营,luckin coffee,
512,新城市中心店,(No.0374),西青区中北镇万卉路3号新城市中心B座一层大堂,天津,08:30-18:00,08/01/21 07:10,自运营,luckin coffee,
513,熙悦汇购物中心店,(No.2571),南开区黄河道513号熙悦汇购物中心负一层B15号,天津,10:00-19:30,08/01/21 07:10,自运营,luckin coffee,
514,航天光电产业园店,(No.2218),南开区航天道58号航天光电产业园10号楼一层5-1号,天津,08:00-18:00,08/01/21 07:10,自运营,luckin coffee,
515,科技创新园店,(No.0915),南开区嘉陵道金坪路10号创客工坊一层,天津,今日休息中,08/01/21 07:10,自运营,luckin coffee,
516,壳牌白堤路店,(No.3313),南开区白堤路273号壳牌加油站一层超市1号,天津,07:30-18:00,08/01/21 07:10,自运营,luckin coffee,
517,南开万科时代中心店,(No.A1099),南开区万科时代中心（南体路2号）,天津,07:30-19:00,08/01/21 07:10,代运营,luckin coffee,
518,百脑汇商场二楼店,(No.1807),南开区鞍山西道336号百脑汇科技广场二层,天津,08:30-18:00,08/01/21 07:10,自运营,luckin coffee,
519,格调中心店,(No.0442),南开区黄河道281号格调中心一层大堂,天津,08:00-18:00,08/01/21 07:10,自运营,luckin coffee,
520,时代数码广场一层店,(No.7226),南开区鞍山西道265号时代大厦一层西门,天津,10:00-19:30,08/01/21 07:10,自运营,luckin coffee,
521,融侨中心店,(No.1240),南开区长江道18号融侨中心一层大堂,天津,08:00-18:00,08/01/21 07:10,自运营,luckin coffee,
522,南开金融街B座店,(No.0655),南开区南京路353号金融街中心B座负一层3号,天津,08:00-18:00,08/01/21 07:10,自运营,luckin coffee,
523,随州大润发店,(No.A1607),曾都区西城街道烈山大道495-9号齐星花园临街商铺,随州,09:00-21:00,08/01/21 07:10,代运营,luckin coffee,
524,随州万达广场店,(No.A1289),曾都区编钟大道与神农大道交叉路口万达广场三层3038B,随州,09:30-22:00,08/01/21 07:10,代运营,luckin coffee,
525,湖北三峡职业技术学院店,(No.A2063),敬请期待!,随州,08:00-18:00,08/01/21 07:10,代运营,luckin coffee,
526,葫芦岛民安步行街店,(No.A1556),连山区民安步行街中央路10-1号楼创元大厦一层商网,葫芦岛,07:30-21:00,08/01/21 07:10,代运营,luckin coffee,
527,葫芦岛大润发店,(No.A1857),龙港区大润发一层门市屈臣氏旁,葫芦岛,08:00-21:00,08/01/21 07:10,代运营,luckin coffee,
528,葫芦岛飞天广场店,(No.A1991),敬请期待!,葫芦岛,今日休息中,08/01/21 07:10,代运营,luckin coffee,
529,天下第一关景区店,(No.A1532),河北省秦皇岛市山海关区东街街道第一关路山海关景区天下第一关景区,葫芦岛,09:00-21:30,08/01/21 07:10,代运营,luckin coffee,
530,秦皇岛新天地店,(No.A0346),海港区新华街9号新天地购物广场一层F117号,葫芦岛,09:30-19:30,08/01/21 07:10,代运营,luckin coffee,
531,秦皇岛世纪港湾店,(No.A0159),海港区秦皇东大街 138号世纪港湾B座一层B-122号,葫芦岛,08:30-21:30,08/01/21 07:10,代运营,luckin coffee,
532,海港万达广场店,(No.A1410),海港区北环路街道秦皇岛万达广场二层,葫芦岛,10:00-21:30,08/01/21 07:10,代运营,luckin coffee,
533,秦皇岛茂业天地店,(No.A1125),海港区河北大街368号茂业天地1层F01024B,葫芦岛,10:00-21:30,08/01/21 07:10,代运营,luckin coffee,
534,渤海大学西门店,(No.A1198),太和区吉祥街2号文轩嘉苑20号100号商铺,葫芦岛,09:30-19:00,08/01/21 07:10,代运营,luckin coffee,
535,协和财富中心店,(No.3397),诸暨市艮塔西路135号协和财富中心底商,诸暨(绍兴),07:30-22:00,08/01/21 07:10,自运营,luckin coffee,
536,诸暨万达广场店,(No.3681),诸暨市浣东街道高湖东路69号诸暨万达广场二层2062A号,诸暨(绍兴),10:00-21:30,08/01/21 07:10,自运营,luckin coffee,
537,万风新天地店,(No.3577),诸暨市苎萝东路399号永利吾悦广场一层1023室,诸暨(绍兴),10:00-21:30,08/01/21 07:10,自运营,luckin coffee,
538,雄风新天地店,(No.3589),诸暨市浣东街道苎萝东路555号诸暨雄风新天地购物中心负一层,诸暨(绍兴),08:00-22:00,08/01/21 07:10,自运营,luckin coffee,
539,诸暨老雄风店,(No.3529),诸暨市暨阳街道艮塔路28号雄风新世界购物中心一层,诸暨(绍兴),08:00-20:00,08/01/21 07:10,自运营,luckin coffee,
540,诸暨不夜城店,(No.4859),诸暨市高湖路88号诸暨不夜城一层21号商铺,诸暨(绍兴),10:00-20:00,08/01/21 07:10,自运营,luckin coffee,
541,浙江农林大学暨阳学院店,(No.A0161),诸暨市浙江农林大学暨阳学院店,诸暨(绍兴),09:00-18:00,08/01/21 07:10,代运营,luckin coffee,
542,诸暨万安煦途广场店,(No.A0319),诸暨市店口镇万安北路98号万安煦途广场底商,诸暨(绍兴),10:00-20:30,08/01/21 07:10,代运营,luckin coffee,
543,莆田正荣时代店,(No.A0352),荔城区镇海街道东园东路366号正荣时代广场3号楼一层117号,莆田,09:30-22:30,08/01/21 07:10,代运营,luckin coffee,
544,阳光100凤凰广场店,(No.A0152),荔城区文献东路阳光100凤凰广场北门2F-37号,莆田,10:30-21:30,08/01/21 07:10,代运营,luckin coffee,
545,莆田万达广场店,(No.A0723),城厢区霞林街道荔华东路8号万达广场5幢105室,莆田,09:00-22:30,08/01/21 07:10,代运营,luckin coffee,
546,荔城中大道龙桥店,(No.A0172),城厢区龙桥街道荔城中大道1462号,莆田,08:30-22:00,08/01/21 07:10,代运营,luckin coffee,
547,莆田艾力艾国际中心店,(No.A1936),荔城区拱辰街道荔园中路189号中暨艾力艾国际中心二号楼大厅,莆田,08:30-20:00,08/01/21 07:10,代运营,luckin coffee,
548,馨宜新天地店,(No.A0770),荔城区西洪北街9号馨宜新天地商场大楼149室2号门,莆田,08:30-22:00,08/01/21 07:10,代运营,luckin coffee,
549,莆田天虹水韵城店,(No.A1472),涵江区涵东街道顶铺路66号水韵城天虹购物中心一层,莆田,09:30-22:30,08/01/21 07:10,代运营,luckin coffee,
550,莆田正荣财富中心店,(No.A2009),敬请期待!,莆田,08:00-18:00,08/01/21 07:10,代运营,luckin coffee,
551,仙游鲤中店,(No.A1511),仙游县鲤城街道花园路269号,莆田,10:00-23:00,08/01/21 07:10,代运营,luckin coffee,
552,枫亭蔡襄南街店,(No.A0697),仙游县枫亭蔡襄南街468号6号楼9号,莆田,10:00-22:00,08/01/21 07:10,代运营,luckin coffee,
553,仙游方圆荟店,(No.A2060),敬请期待!,莆田,08:00-18:00,08/01/21 07:10,代运营,luckin coffee,
554,仰恩大学店,(No.6759),洛江区马甲镇仰恩大学第一教学区食堂一层01单元,莆田,07:30-22:00,08/01/21 07:10,自运营,luckin coffee,
555,福清万达店,(No.A1361),福建省福清市音西区清昌路105号福清清仓万达广场三楼JY-BX-027,莆田,10:00-21:30,08/01/21 07:10,代运营,luckin coffee,
556,珠江国际大厦店,(No.1539),西岗区新开路99号珠江国际大厦二层,大连,今日休息中,08/01/21 07:10,自运营,luckin coffee,
557,金广大厦店,(No.2019),西岗区新开路91号金广大厦B座一层大堂,大连,08:00-18:00,08/01/21 07:10,自运营,luckin coffee,
558,大连印象城店,(No.6764),西岗区中山路261号印象城B栋MB-L1层-39号,大连,09:00-20:30,08/01/21 07:10,自运营,luckin coffee,
559,裕景中心裕澜店,(No.2028),中山区大公街13号大连中心·裕景T2号裕澜座一层008号,大连,08:00-18:00,08/01/21 07:10,自运营,luckin coffee,
560,汇景天地大厦店,(No.2463),西岗区五惠路32号汇景天地负二层北大堂,大连,今日休息中,08/01/21 07:10,自运营,luckin coffee,
561,亿达广场店,(No.4896),沙河口区东北路99号亿达广场4号楼一层大堂,大连,今日休息中,08/01/21 07:10,自运营,luckin coffee,
562,大连商场店,(No.2995),中山区青泥街7号大连商场南楼餐饮东门左侧,大连,09:00-20:00,08/01/21 07:10,自运营,luckin coffee,
563,万恒大厦店,(No.1939),中山区中山广场2号万恒商务大厦二层大堂,大连,08:00-18:00,08/01/21 07:10,自运营,luckin coffee,
564,人民路店,(No.1464),中山区人民路12号201-2二层商铺喜家德水饺旁,大连,08:00-18:00,08/01/21 07:10,自运营,luckin coffee,
565,7号国际商业中心店,(No.1327),甘井子区火炬路7号国际商业中心一层大堂,大连,08:00-18:00,08/01/21 07:10,自运营,luckin coffee,
566,设计城店,(No.1475),甘井子区七贤岭爱贤街10号大连设计城一层大堂 ,大连,08:00-18:00,08/01/21 07:10,自运营,luckin coffee,
567,名仕财富大厦店,(No.1525),中山区港湾街20号名仕财富中心大厦A座一层大堂,大连,08:00-18:00,08/01/21 07:10,自运营,luckin coffee,
568,大连软件园9号楼店,(No.1538),甘井子区软件园路18号软件园9号楼一层,大连,07:30-18:00,08/01/21 07:10,自运营,luckin coffee,
569,泰德大厦店,(No.1516),甘井子区黄浦路537号泰德大厦一层大堂 ,大连,08:00-18:00,08/01/21 07:10,自运营,luckin coffee,
570,鲅鱼圈万达广场店,(No.A0575),鲅鱼圈区蝴蝶泉路45号万达广场三层3050B,大连,09:30-21:00,08/01/21 07:10,代运营,luckin coffee,
571,保税区国际商务大厦店,(No.3518),保税区黄海西四路205号保税区管委会大厦一层大堂,大连,09:00-18:00,08/01/21 07:10,自运营,luckin coffee,
572,万和汇购物广场店,(No.4734),经济技术开发区金马路208号万和汇购物广场一 层1021K号商铺,大连,09:30-20:30,08/01/21 07:10,自运营,luckin coffee,
573,安盛购物广场店,(No.6571),开发区金马路189号安盛购物广场负一层(下沉广场)沃尔玛超市入口10010号商铺,大连,09:00-20:30,08/01/21 07:10,自运营,luckin coffee,
574,凯伦国际大厦店,(No.4329),金州区金马路五彩城A区1栋1号凯伦国际大厦一层大堂,大连,07:30-18:00,08/01/21 07:10,自运营,luckin coffee,
575,大连财经学院店,(No.4716),金州区开发区人文街80号-7大连财经学院商业街121-A室,大连,08:00-20:00,08/01/21 07:10,自运营,luckin coffee,
576,金凯隆商场店,(No.4675),金州区开发区学府大街25号金凯隆商城一层1-5号,大连,09:30-20:00,08/01/21 07:10,自运营,luckin coffee,
577,大连艺术学院店,(No.6273),经济技术开发区同汇路19号大连艺术学院体育馆一层,大连,08:00-20:00,08/01/21 07:10,自运营,luckin coffee,
578,安盛购物广场金州店,(No.7067),金州区光明街道斯大林路677号安盛购物广场五层5015号,大连,09:00-20:30,08/01/21 07:10,自运营,luckin coffee,
579,鲁迅美术学院店,(No.6526),大连经济技术开发区金石路39号图书馆二层,大连,08:30-20:00,08/01/21 07:10,自运营,luckin coffee,
580,大连理工城市学院店,(No.6518),大连保税区国际生态卫星城G-1-A地块 广宁路1-9号三层03室,大连,08:00-19:30,08/01/21 07:10,自运营,luckin coffee,
581,金州瑞柏中心店,(No.4719),金州区光明街道胜利路180-8号瑞柏中心负一层东门右侧,大连,08:30-20:00,08/01/21 07:10,自运营,luckin coffee,
582,安盛购物中心华南店,(No.7071),甘井子区中华西路22号安盛购物广场华南店四层4005,大连,09:00-20:30,08/01/21 07:10,自运营,luckin coffee,
583,亿合城购物中心店,(No.6123),甘井子区山东路235号亿合城四层YF4012号商铺,大连,09:00-21:00,08/01/21 07:10,自运营,luckin coffee,
584,东特购物广场店,(No.4921),甘井子区华北路（甘）10C-B1-2号东特购物广场负一层沃尔玛超市出口,大连,08:30-20:00,08/01/21 07:10,自运营,luckin coffee,
585,冰山慧谷店,(No.6127),沙河口区西南路888号冰山慧谷A9栋一层大堂116号,大连,07:30-18:00,08/01/21 07:10,自运营,luckin coffee,
586,大连甘井子万达广场店,(No.A0668),甘井子区机场街道万达广场3楼3067号,大连,09:30-21:00,08/01/21 07:10,代运营,luckin coffee,
587,大连工业大学店,(No.6828),甘井子区泡崖街道大连工业大学南苑新型食堂内一层,大连,07:00-20:00,08/01/21 07:10,自运营,luckin coffee,
588,辽宁师范大学北院店,(No.6390),沙河口区富民路12号佰益达美食广场一层E05号,大连,08:00-19:30,08/01/21 07:10,自运营,luckin coffee,
589,福佳爱琴海购物公园店,(No.3150),沙河口区兴工街8号福佳新天地广场一层1F016号商铺,大连,09:30-20:30,08/01/21 07:10,自运营,luckin coffee,
590,天地软件园金枫楼店,(No.6223),大连市高新园区宏川东路金枫楼美食广场负一层长边108室,大连,08:00-18:00,08/01/21 07:10,自运营,luckin coffee,
591,软景中心店,(No.6009),高新园区软件园路1A-4号软景中心一层大堂,大连,08:00-18:00,08/01/21 07:10,自运营,luckin coffee,
592,中央大道购物中心店,(No.4778),沙河口区西安路103号中央大道购物广场一层巨蛋直梯旁,大连,09:00-20:30,08/01/21 07:10,自运营,luckin coffee,
593,大连富力中心店,(No.4741),中山区港兴路6号大连富力中心一层大堂,大连,今日休息中,08/01/21 07:10,自运营,luckin coffee,
594,银洲国际大厦店,(No.7262),中山区七一街11号银洲国际大厦一层大堂,大连,08:00-18:00,08/01/21 07:10,自运营,luckin coffee,
595,上方港景大厦店,(No.4413),中山区五五路4A号上方港景大厦A座一层大堂,大连,今日休息中,08/01/21 07:10,自运营,luckin coffee,
596,软件园信息谷埃森哲店,(No.2031),甘井子区高新园区黄埔路955号埃森哲大厦28号楼一层,大连,今日休息中,08/01/21 07:10,自运营,luckin coffee,
597,大连外国语大学店,(No.B0052),旅顺口区南路西段6-16号大连外国语大学店餐饮中心一楼南侧07号,大连,07:30-19:30,08/01/21 07:10,自运营,小鹿茶,
598,三丰大厦店,(No.3005),高新园区亿阳路6A号三丰大厦A座一层大堂,大连,08:00-18:00,08/01/21 07:10,自运营,luckin coffee,
599,大连医科大学店,(No.4673),旅顺口区南路西段9-35号大连医科大学风雨馆一层,大连,07:30-20:00,08/01/21 07:10,自运营,luckin coffee,
600,大连科技学院店,(No.4788),旅顺口区海霞街10号六号学生公寓一层101号,大连,08:00-20:00,08/01/21 07:10,自运营,luckin coffee,
601,腾飞软件园店,(No.2662),高新园区汇贤园3号腾飞软件园6期一层大堂,大连,08:00-18:00,08/01/21 07:10,自运营,luckin coffee,
602,国际金融大厦店,(No.3335),中山区人民路15号国际金融大厦一层大堂,大连,今日休息中,08/01/21 07:10,自运营,luckin coffee,
603,大连中航国际广场店,(No.4809),沙河口区中山路468号中航国际广场写字楼一层大堂,大连,今日休息中,08/01/21 07:10,自运营,luckin coffee,
604,诺德大厦店,(No.2573),沙河口区体坛路22号诺德大厦一层大堂,大连,08:00-18:00,08/01/21 07:10,自运营,luckin coffee,
605,凯德和平广场店,(No.6883),沙河口区星海湾街道凯德和平广场四层7号,大连,09:30-20:00,08/01/21 07:10,自运营,luckin coffee,
606,深蓝国际大厦店,(No.2661),沙河口区星河二街5号绿城·大连深蓝国际一层大堂,大连,07:30-18:00,08/01/21 07:10,自运营,luckin coffee,
607,现代服务业大厦店,(No.2572),沙河口区黄河路620号现代服务业总部大厦一层大堂,大连,07:30-18:00,08/01/21 07:10,自运营,luckin coffee,
608,君安国际大厦店,(No.1942),沙河口区西安路66号君安国际大厦一层,大连,07:00-19:00,08/01/21 07:10,自运营,luckin coffee,
609,大连软件园22号楼店,(No.2762),沙河口区软件东路36号22号楼底商 ,大连,今日休息中,08/01/21 07:10,自运营,luckin coffee,
610,大连软件园16号楼店,(No.2451),沙河口区五一路269号大连软件园16号楼一层大堂,大连,08:00-18:00,08/01/21 07:10,自运营,luckin coffee,
611,东财锦辉沃尔玛店,(No.4802),沙河口区数码路南段15号锦辉购物广场沃尔玛超市B1层0811-B1-F0094号,大连,09:00-20:00,08/01/21 07:10,自运营,luckin coffee,
612,东北财经大学店,(No.6140),沙河口区黑石礁尖山街217号东北财经大学出版社一层大堂,大连,今日休息中,08/01/21 07:10,自运营,luckin coffee,
613,锦辉购物广场店,(No.2479),高新园区黄浦路517号锦辉购物广场负一层38号,大连,09:30-20:00,08/01/21 07:10,自运营,luckin coffee,
614,康定情歌店,(No.A0470),炉城镇东大街156号情歌酒店一层,甘孜藏族自治州,09:30-21:00,08/01/21 07:10,代运营,luckin coffee,
615,中环大厦店,(No.1175),拱墅区潮王路281号中环大厦一层大堂,杭州,07:00-21:00,08/01/21 07:10,自运营,luckin coffee,
616,美莱商务大厦店,(No.3388),西湖区莫干山路333号美莱商务大厦一层大堂,杭州,08:00-18:00,08/01/21 07:10,自运营,luckin coffee,
617,杭州新世纪大厦店,(No.1867),拱墅区密渡桥路19号新世纪大厦一层,杭州,07:30-18:00,08/01/21 07:10,自运营,luckin coffee,
618,浙江移动大厦店,(No.3784),拱墅区环城北路288号1幢一层102室,杭州,09:00-18:00,08/01/21 07:10,自运营,luckin coffee,
619,武林府店,(No.1493),下城区上塘路59-2号武林府一层,杭州,07:30-19:30,08/01/21 07:10,自运营,luckin coffee,
620,国都发展店,(No.1379),下城区朝晖路182号国都发展大厦2号楼一层大堂,杭州,08:00-18:00,08/01/21 07:10,自运营,luckin coffee,
621,国投大厦店,(No.2102),下城区绍兴路398号国投大厦一层大堂,杭州,07:30-18:00,08/01/21 07:10,自运营,luckin coffee,
622,杭州绿地中央店,(No.1083),拱墅区大关路98号绿地运河商务中心12幢一层123室,杭州,07:00-21:00,08/01/21 07:10,自运营,luckin coffee,
623,西湖金座店,(No.2489),上城区解放路131号西湖金座大酒店底商,杭州,08:00-18:00,08/01/21 07:10,自运营,luckin coffee,
624,绿都大厦店,(No.0669),上城区清吟街167号绿都大厦一层大堂,杭州,08:00-18:00,08/01/21 07:10,自运营,luckin coffee,
625,湖滨银泰店,(No.0853),上城区延安路234号湖滨银泰大厦一层 ,杭州,07:00-21:30,08/01/21 07:10,自运营,luckin coffee,
626,杭州商业大厦店,(No.3145),上城区庆春路149-3号杭州商业大厦一层大堂,杭州,08:00-18:00,08/01/21 07:10,自运营,luckin coffee,
627,南宋御街店,(No.4958),上城区中山中路121-2号,杭州,08:00-21:00,08/01/21 07:10,自运营,luckin coffee,
628,湖滨88店,(No.6791),上城区平海路124号湖滨88商场三层F3-10商铺,杭州,10:00-21:00,08/01/21 07:10,自运营,luckin coffee,
629,远洋大厦店,(No.0282),上城区庆春路25—29号 远洋大厦一层101室,杭州,07:00-19:30,08/01/21 07:10,自运营,luckin coffee,
630,中国移动延安路店,(No.2640),下城区延安路391号中国移动延安路营业厅101、201号,杭州,09:00-19:00,08/01/21 07:10,自运营,luckin coffee,
631,世纪联华江城路店,(No.4536),上城区江城路558号世纪联华商场底商,杭州,08:30-20:00,08/01/21 07:10,自运营,luckin coffee,
632,赞成大厦店,(No.0295),上城区复广直街20号赞成大厦2号楼一层,杭州,07:30-19:30,08/01/21 07:10,自运营,luckin coffee,
633,长城大厦店,(No.0613),上城区雷霆路60号长城大厦一层大堂,杭州,08:00-18:00,08/01/21 07:10,自运营,luckin coffee,
634,中纺中心服装城店,(No.7218),上城区杭海路116号中纺中心服装城中庭一层,杭州,07:00-17:30,08/01/21 07:10,自运营,luckin coffee,
635,庆菱路站店,(No.4300),江干区庆春东路庆菱路地铁站B口负一层01号,杭州,08:00-20:00,08/01/21 07:10,自运营,luckin coffee,
636,蕙沣大厦店,(No.0727),上城区婺江路333号蕙沣大厦一层大堂,杭州,07:00-18:00,08/01/21 07:10,自运营,luckin coffee,
637,杭州华成国际发展大厦店,(No.6860),江干区富春路308号华成国际发展大厦一层大堂,杭州,08:00-18:00,08/01/21 07:10,自运营,luckin coffee,
638,尊宝金尊店,(No.1294),江干区市民街98号尊宝大厦一层101室,杭州,08:00-18:00,08/01/21 07:10,自运营,luckin coffee,
639,财富金融中心店,(No.4292),江干区解放东路37号财富金融中心2幢负一层20号 ,杭州,今日休息中,08/01/21 07:10,自运营,luckin coffee,
640,凤起路站店,(No.4299),上城区凤起路地铁站D1口负一层01号,杭州,08:00-20:00,08/01/21 07:10,自运营,luckin coffee,
641,杭州元通大厦店,(No.4552),下城区延安路511号元通大厦中国移动营业厅一层大堂,杭州,今日休息中,08/01/21 07:10,自运营,luckin coffee,
642,茂泰世纪大楼店,(No.0196),下城区中河北路83号茂泰世纪大楼一层大堂,杭州,07:30-18:00,08/01/21 07:10,自运营,luckin coffee,
643,浙金广场店,(No.1950),下城区凤起路78号杭州国际假日酒店商务楼一层,杭州,08:00-18:00,08/01/21 07:10,自运营,luckin coffee,
644,联庄站店,(No.4293),滨江区东信大道联庄地铁站C口负一层01号 ,杭州,08:00-20:00,08/01/21 07:10,自运营,luckin coffee,
645,滨江宝龙城市广场店,(No.2934),滨江区滨盛路3867号滨江宝龙城市广场3幢二层永辉超市,杭州,09:30-22:00,08/01/21 07:10,自运营,luckin coffee,
646,通策广场店,(No.2107),滨江区江南大道3672-30号底商,杭州,08:00-18:00,08/01/21 07:10,自运营,luckin coffee,
647,杭州高新产业大楼店,(No.7207),滨江区信诚路567号杭州高新产业大楼A座一层101室,杭州,08:00-18:00,08/01/21 07:10,自运营,luckin coffee,
648,浙江省投资大厦店,(No.2787),西湖区教工路2号浙江省投资大厦底商,杭州,08:00-18:00,08/01/21 07:10,自运营,luckin coffee,
649,立元大厦店,(No.B0015),西湖区教工路88号立元大厦一层,杭州,08:00-20:00,08/01/21 07:10,自运营,小鹿茶,
650,杭州百脑汇店,(No.3069),西湖区教工路25号百脑汇科技大厦一层,杭州,08:00-18:00,08/01/21 07:10,自运营,luckin coffee,
651,颐高创业园店,(No.1223),西湖区黄姑山路23号西溪软件园3号楼一层5-103、105室,杭州,08:00-18:00,08/01/21 07:10,自运营,luckin coffee,
652,天际大厦店,(No.1149),西湖区天目山路181号天际大厦一层大堂,杭州,今日休息中,08/01/21 07:10,自运营,luckin coffee,
653,中国石油大厦店,(No.2896),西湖区玉古路168号中国石油大厦一层大堂,杭州,08:00-18:00,08/01/21 07:10,自运营,luckin coffee,
654,浙江大学科技园店,(No.1014),西湖区西溪路525号浙江大学科技园C楼一层106-107室,杭州,今日休息中,08/01/21 07:10,自运营,luckin coffee,
655,莱茵达大厦店,(No.1390),西湖区文三路535号莱茵达大厦一层大堂,杭州,08:00-18:00,08/01/21 07:10,自运营,luckin coffee,
656,计量大厦店,(No.0482),西湖区万塘路252号计量大厦主楼一层大堂,杭州,今日休息中,08/01/21 07:10,自运营,luckin coffee,
657,东软创业大厦店,(No.1224),西湖区华星路99号东软创业大厦一层A106室,杭州,08:00-18:00,08/01/21 07:10,自运营,luckin coffee,
658,黄龙万科中心店,(No.C0271),杭州市学院路77号黄龙国际中心商场一层121单元,杭州,09:00-21:00,08/01/21 07:10,代运营,小鹿茶,
659,丰潭路站店,(No.4298),西湖区丰潭路地铁站B口负一层01号,杭州,08:00-20:00,08/01/21 07:10,自运营,luckin coffee,
660,莲花商务中心店,(No.1691),西湖区莲花街333号莲花商务中心B座一层大堂,杭州,08:00-18:00,08/01/21 07:10,自运营,luckin coffee,
661,益展商务大厦店,(No.4411),西湖区文一西路1号益展商务大厦一层大堂,杭州,今日休息中,08/01/21 07:10,自运营,luckin coffee,
662,尚坤云谷中心店,(No.1753),西湖区三墩镇池华街332号丰盛九玺天城9号楼一层104室,杭州,08:00-18:00,08/01/21 07:10,自运营,luckin coffee,
663,数字产业园店,(No.1129),西湖区西园九路8号数字产业园3幢A座一层109室,杭州,08:00-18:00,08/01/21 07:10,自运营,luckin coffee,
664,西港发展中心店,(No.0216),西湖区振华路292号西港发展中心一层大堂,杭州,今日休息中,08/01/21 07:10,自运营,luckin coffee,
665,金家渡站店,(No.4295),西湖区古墩路金家渡地铁站C口负一层01号,杭州,08:00-20:00,08/01/21 07:10,自运营,luckin coffee,
666,紫金众创小镇店,(No.2111),西湖区西园八路3号紫金众创小镇E2幢一层大堂,杭州,今日休息中,08/01/21 07:10,自运营,luckin coffee,
667,西城博司店,(No.3360),西湖区紫萱路158号西城博司1幢一层大堂,杭州,08:00-18:00,08/01/21 07:10,自运营,luckin coffee,
668,浙大网新软件园店,(No.2109),西湖区西园一路18号浙大网新软件园A座一层103号,杭州,今日休息中,08/01/21 07:10,自运营,luckin coffee,
669,墩祥街站店,(No.4296),拱墅区古墩路墩祥街地铁站A口负一层02号,杭州,08:00-20:00,08/01/21 07:10,自运营,luckin coffee,
670,建银中心店,(No.2212),下城区体育场路288-290号建银中心二层,杭州,08:00-18:00,08/01/21 07:10,自运营,luckin coffee,
671,中天MCC店,(No.0329),西湖区西斗门路7号中天MCC-A座一层105室,杭州,07:30-20:00,08/01/21 07:10,自运营,luckin coffee,
672,银江科技店,(No.1165),西湖区益乐路223号银江科技园1幢一层101室,杭州,08:00-18:00,08/01/21 07:10,自运营,luckin coffee,
673,矩阵国际店,(No.1994),拱墅区余杭塘路517号矩阵国际一层,杭州,08:00-18:00,08/01/21 07:10,自运营,luckin coffee,
674,浙江图书馆店,(No.4968),西湖区曙光路73号浙江图书馆一层大堂,杭州,09:00-17:00,08/01/21 07:10,自运营,luckin coffee,
675,九橙·西溪创投中心店,(No.7099),余杭区文二西路952-1号九橙·西溪创投中心一层大堂,杭州,08:00-18:00,08/01/21 07:10,自运营,luckin coffee,
676,西溪国际商务中心店,(No.2920),西湖区文一西路767号绿城西溪国际大厦E座一层103室,杭州,08:00-18:00,08/01/21 07:10,自运营,luckin coffee,
677,万向职业技术学院店,(No.3742),西湖区西溪路896号万向职业技术学院一层,杭州,08:00-19:00,08/01/21 07:10,自运营,luckin coffee,
678,蒋村商务中心店,(No.0896),西湖区文一西路830号蒋村商务中心B1楼一层大堂,杭州,08:00-18:00,08/01/21 07:10,自运营,luckin coffee,
679,金色西溪商务中心店,(No.4374),西湖区双龙街199号金色西溪商务中心1号楼一层大堂,杭州,今日休息中,08/01/21 07:10,自运营,luckin coffee,
680,西溪八方城店,(No.A0309),余杭区五常街道西溪八方城11幢一层117室,杭州,09:00-19:00,08/01/21 07:10,代运营,luckin coffee,
681,西溪谷店,(No.2447),西湖区紫霞街80号西溪谷国际商务中心G座底商,杭州,08:00-18:00,08/01/21 07:10,自运营,luckin coffee,
682,华泰创业园店,(No.A0210),西湖区留下街道西溪路698号2幢一层103,杭州,09:00-17:30,08/01/21 07:10,代运营,luckin coffee,
683,汇峰国际店,(No.1120),西湖区留下街道荆山岭路2号汇峰国际商务中心3号楼A座一层A106室,杭州,08:00-18:00,08/01/21 07:10,自运营,luckin coffee,
684,浙工大屏峰校区店,(No.4223),西湖区留和路288号浙江工业大学屏峰校区养贤府一层 ,杭州,07:30-20:00,08/01/21 07:10,自运营,luckin coffee,
685,华立云立方店,(No.0567),余杭区五常大道181号华立云立方1号楼一层大厅,杭州,08:00-18:30,08/01/21 07:10,自运营,luckin coffee,
686,浙科院东和公寓店,(No.6398),西湖区留和路359号110室移动营业厅一层大堂,杭州,08:00-19:30,08/01/21 07:10,自运营,luckin coffee,
687,西溪联合广场店,(No.1039),余杭区五常街道高教路970-1号西溪联合科技广场6号楼一层大堂,杭州,08:00-18:00,08/01/21 07:10,自运营,luckin coffee,
688,浙江长征职业技术学院店,(No.6900),西湖区留和路525号浙江长征职业技术学院2期新食堂二层,杭州,08:00-21:30,08/01/21 07:10,自运营,luckin coffee,
689,浙科院西和公寓店,(No.4707),西湖区留和路318号浙科院西和公寓3幢一层,杭州,08:00-21:00,08/01/21 07:10,自运营,luckin coffee,
690,江口大厦店,(No.3793),西湖区转塘街道218号江口大厦世纪联华超市一层,杭州,08:00-20:30,08/01/21 07:10,自运营,luckin coffee,
691,银湖创新中心店,(No.3349),富阳区银湖街道富闲路9号银湖创新中心7号楼底商,杭州,08:00-18:00,08/01/21 07:10,自运营,luckin coffee,
692,杭州万通中心店,(No.0208),拱墅区大关路189号万通中心B座一层101室,杭州,07:30-20:00,08/01/21 07:10,自运营,luckin coffee,
693,城发天地店,(No.1128),拱墅区古运路城发天地17号一层106室,杭州,08:00-18:00,08/01/21 07:10,自运营,luckin coffee,
694,六和金座店,(No.2115),西湖区云展路99号一层,杭州,08:00-18:00,08/01/21 07:10,自运营,luckin coffee,
695,象山大厦店,(No.2116),西湖区龙田街17号象山大厦1号楼2单元一层底商,杭州,07:30-21:30,08/01/21 07:10,自运营,luckin coffee,
696,之江银泰店,(No.6642),西湖区转塘街道珊瑚沙路之江银泰三层,杭州,10:00-21:30,08/01/21 07:10,自运营,luckin coffee,
697,中控科技园店,(No.1291),滨江区六和路309号中控科技园F区一层大堂,杭州,08:00-18:00,08/01/21 07:10,自运营,luckin coffee,
698,东方通信科技园店,(No.4915),滨江区东信大道66号东方通信科技园5号门底商,杭州,08:00-18:00,08/01/21 07:10,自运营,luckin coffee,
699,浙江中医药大学店,(No.6425),滨江区浦沿街道滨文路548号中医药大学食堂二层大堂,杭州,07:30-19:30,08/01/21 07:10,自运营,luckin coffee,
700,立业园店,(No.6352),滨江区浦沿街道明德路650号 立业园1号楼底商,杭州,08:00-20:30,08/01/21 07:10,自运营,luckin coffee,
701,西溪智慧大厦店,(No.1853),西湖区文二西路669号西溪智慧大厦一层118室,杭州,08:00-18:00,08/01/21 07:10,自运营,luckin coffee,
702,文新站店,(No.4297),西湖区古墩路文新地铁站内B口负一层01号,杭州,08:00-20:00,08/01/21 07:10,自运营,luckin coffee,
703,桂花西路店,(No.A0372),富阳区富春街道桂花西路77-1号,杭州,09:00-21:00,08/01/21 07:10,代运营,luckin coffee,
704,玉长城商业广场店,(No.3521),富阳区春秋北路271号玉长城商业广场一层101室,杭州,08:00-22:00,08/01/21 07:10,自运营,luckin coffee,
705,富阳财富中心店,(No.3303),富阳区恩波大道531号财富中心A座一层大堂 ,杭州,08:00-19:00,08/01/21 07:10,自运营,luckin coffee,
706,富阳新山水国际店,(No.A0725),富阳区鹿山街道依江路480号山水国际中心3-2号,杭州,09:00-19:00,08/01/21 07:10,代运营,luckin coffee,
707,物美超市闻堰店,(No.3508),萧山区万达中路169号物美超市一层大堂,杭州,08:00-19:30,08/01/21 07:10,自运营,luckin coffee,
708,国瑞中心店,(No.4971),临安区畔湖路4号国瑞中心4号楼底商,杭州,08:00-22:00,08/01/21 07:10,自运营,luckin coffee,
709,衣锦街店,(No.3627),临安区衣锦街道衣锦街一层404号 ,杭州,08:00-20:30,08/01/21 07:10,自运营,luckin coffee,
710,浙江工商大学杭州商学院店,(No.A0214),桐庐县凤川街道春江东路1888号杭商院北门4号商铺,杭州,10:00-19:00,08/01/21 07:10,代运营,luckin coffee,
711,宝盛世纪中心店,(No.0197),萧山区民和路800号宝盛世纪中心一号楼一层大堂,杭州,07:30-18:30,08/01/21 07:10,自运营,luckin coffee,
712,海蓝电竞数娱中心店,(No.0233),下城区康宁街80号海蓝电竞数娱中心a幢一层106室,杭州,07:30-19:30,08/01/21 07:10,自运营,luckin coffee,
713,利尔达科技园店,(No.0248),余杭区仓前街道文一西路1328号利尔达园1号楼一层大堂 ,杭州,今日休息中,08/01/21 07:10,自运营,luckin coffee,
714,人工智能小镇店,(No.6780),余杭区文一西路1818-2号中国杭州人工智能小镇3号楼一层102室,杭州,08:00-18:00,08/01/21 07:10,自运营,luckin coffee,
715,浙江农林大学衣锦校区店,(No.6767),临安区锦城街道农林大路392号商铺,杭州,07:30-20:00,08/01/21 07:10,自运营,luckin coffee,
716,树人大学杨汛桥校区店,(No.6681),柯桥区杨汛桥镇树人大学食之源食堂一层,杭州,08:00-19:30,08/01/21 07:10,自运营,luckin coffee,
717,桐庐新青年广场店,(No.A0654),桐庐县迎春南路225号,杭州,09:00-18:30,08/01/21 07:10,代运营,luckin coffee,
718,梧桐凤栖商务楼店,(No.6499),杭州市桐庐县城南街道迎春南路152号,杭州,08:00-21:30,08/01/21 07:10,自运营,luckin coffee,
719,杭州余之城店,(No.A0518),余杭区南苑街道余之城生活广场西区1层151-4单元,杭州,09:00-22:00,08/01/21 07:10,代运营,luckin coffee,
720,浙江树人大学店,(No.6444),拱墅区树人街8号浙江树人大学北校区12号楼1层底商,杭州,08:00-19:30,08/01/21 07:10,自运营,luckin coffee,
721,杭州师范大学仓前店,(No.A0623),余杭区五常街道瑞谷中心7幢一层103室,杭州,09:00-19:30,08/01/21 07:10,代运营,luckin coffee,
722,欧美金融城店,(No.A0813),余杭区仓前街道欧美金融城1期2层肯德基斜对面,杭州,10:00-19:00,08/01/21 07:10,代运营,luckin coffee,
723,千岛湖店,(No.7118),淳安县千岛湖镇新安大街78号一层,杭州,07:00-22:00,08/01/21 07:10,自运营,luckin coffee,
724,兰溪世贸广场店,(No.A1419),丹溪大道153号世贸广场一层,杭州,08:00-22:00,08/01/21 07:10,代运营,luckin coffee,
725,民企发展大厦店,(No.1802),萧山区富业巷3号浙江民营企业发展大厦B座一层,杭州,08:00-18:00,08/01/21 07:10,自运营,luckin coffee,
726,第六空间现代馆店,(No.1796),滨江区江南大道1088号中南国际商城第六空间现代馆一层,杭州,08:00-18:00,08/01/21 07:10,自运营,luckin coffee,
727,南北盛德国际店,(No.1884),余杭区良渚街道金昌路2005号南北盛德国际一层120-1号,杭州,08:00-18:00,08/01/21 07:10,自运营,luckin coffee,
728,西溪银泰店,(No.2238),西湖区双龙街588号西溪银泰城A座负一层BF021,杭州,10:00-20:30,08/01/21 07:10,自运营,luckin coffee,
729,泰林大厦店,(No.2104),滨江区南环路2930号泰林大厦3幢一层大堂,杭州,08:00-18:00,08/01/21 07:10,自运营,luckin coffee,
730,蓝爵国际店,(No.1866),萧山区金鸡路357号-4蓝爵国际底商,杭州,07:30-19:30,08/01/21 07:10,自运营,luckin coffee,
731,东方科技城店,(No.2112),江干区10号大街300-11号东方科技城3幢一层大堂,杭州,08:00-18:00,08/01/21 07:10,自运营,luckin coffee,
732,恒生科技园店,(No.2018),余杭区文一西路1218号恒生科技园1号楼一层101-7室,杭州,今日休息中,08/01/21 07:10,自运营,luckin coffee,
733,市心南路店,(No.2114),萧山区市心南路106-5号,杭州,07:30-22:00,08/01/21 07:10,自运营,luckin coffee,
734,中国移动金沙湖店,(No.3729),江干区金沙大道482号晓城天地商业中心5幢底商,杭州,08:00-19:30,08/01/21 07:10,自运营,luckin coffee,
735,维多利中心店,(No.1313),江干区运河之江隧道维多利商务中心2幢一层大堂 ,杭州,08:00-18:00,08/01/21 07:10,自运营,luckin coffee,
736,庆春乐购店,(No.1358),江干区新塘路29-31号庆春广场华润万家一层L1007号 ,杭州,07:00-20:00,08/01/21 07:10,自运营,luckin coffee,
737,海华广场店,(No.1380),下城区建国北路658号海华广场一层大堂,杭州,08:00-18:00,08/01/21 07:10,自运营,luckin coffee,
738,西溪世纪广场店,(No.1383),西湖区余杭塘路西溪世纪中心6号楼一层110、111室,杭州,08:00-18:00,08/01/21 07:10,自运营,luckin coffee,
739,新加坡科技园8号楼店,(No.1417),江干区白杨街道科技园路20号新加坡科技园8幢一层113室,杭州,08:00-19:00,08/01/21 07:10,自运营,luckin coffee,
740,福雷德广场店,(No.2602),江干区白杨街道3号福雷德广场1幢底商,杭州,08:00-20:30,08/01/21 07:10,自运营,luckin coffee,
741,时代大观店,(No.2664),余杭区南苑街道101号新远金座大厦1幢底商,杭州,07:30-18:00,08/01/21 07:10,自运营,luckin coffee,
742,川山甲众创园店,(No.2105),滨江区滨文路60号川山甲众创园3号楼一层大堂,杭州,08:00-18:00,08/01/21 07:10,自运营,luckin coffee,
743,浙江财经大学桃李苑店,(No.2682),江干区学源街118号浙江财经大学桃李苑15幢底商,杭州,07:30-20:00,08/01/21 07:10,自运营,luckin coffee,
744,东谷创业园店,(No.2765),江干区普盛巷9号东谷创业中心3号楼一层101室,杭州,08:00-18:00,08/01/21 07:10,自运营,luckin coffee,
745,黄山新华书店共享书店,(No.A0438),屯溪区滨江西路43号,杭州,09:00-20:30,08/01/21 07:10,代运营,luckin coffee,
746,永安大厦店,(No.2298),余杭区南苑街道迎宾路355号永安大厦一层102号,杭州,08:00-18:00,08/01/21 07:10,自运营,luckin coffee,
747,杭州大厦501城市广场店,(No.2436),江干区景昙路9号杭州大厦501城市广场底商,杭州,08:00-21:30,08/01/21 07:10,自运营,luckin coffee,
748,正泰大厦店,(No.2113),滨江区月明路560号正泰大厦1号楼一层大堂,杭州,08:00-18:00,08/01/21 07:10,自运营,luckin coffee,
749,德信AI产业园店,(No.2110),滨江区伟业路3号德信AI产业园C幢一层C112号,杭州,08:00-18:00,08/01/21 07:10,自运营,luckin coffee,
750,杭州天虹购物中心店,(No.3743),江干区新塘路108号天虹购物中心A座一层A106号,杭州,10:00-21:30,08/01/21 07:10,自运营,luckin coffee,
751,绿城兰园店,(No.1633),下城区环城北路11号绿城兰园一期6幢一层,杭州,08:00-18:00,08/01/21 07:10,自运营,luckin coffee,
752,平安金融中心店,(No.1034),江干区钱江路1288号平安金融中心3幢一层104号 ,杭州,08:00-18:00,08/01/21 07:10,自运营,luckin coffee,
753,富亿中心店,(No.7195),上城区全福桥路298号富亿中心B座一层大堂,杭州,08:00-18:00,08/01/21 07:10,自运营,luckin coffee,
754,杭州湾商务大厦店,(No.2871),江干区秋涛北路296号杭州湾商务大厦一层113室,杭州,07:30-20:00,08/01/21 07:10,自运营,luckin coffee,
755,东恒大厦店,(No.1051),江干区东宁路617-3东恒大厦一层大堂,杭州,08:00-18:00,08/01/21 07:10,自运营,luckin coffee,
756,杭州东站西广场店,(No.3000),江干区杭州火车东站西广场到达层负一层2-1商铺,杭州,08:00-20:00,08/01/21 07:10,自运营,luckin coffee,
757,智谷国际人才大厦店,(No.6617),江干区花园兜街177号恒祺商务中心2幢智谷国际人才大厦一层113室,杭州,08:00-18:00,08/01/21 07:10,自运营,luckin coffee,
758,杭州东溪德必易园店,(No.A0332),江干区东宁路553号东溪德必易园127室,杭州,08:00-21:00,08/01/21 07:10,代运营,luckin coffee,
759,杭州之翼德信总部店,(No.3169),江干区环站东路杭州之翼项目4号楼德信控股集团一层大堂,杭州,08:00-18:00,08/01/21 07:10,自运营,luckin coffee,
760,禧福汇店,(No.0585),江干区红普路759号禧福汇1幢一层大堂,杭州,08:00-18:00,08/01/21 07:10,自运营,luckin coffee,
761,浙江省国家大学科技园店,(No.4328),江干区九环路9号浙江省国家大学科技园B栋一层大堂 ,杭州,今日休息中,08/01/21 07:10,自运营,luckin coffee,
762,凯诚商务园店,(No.0571),江干区九和路19号凯诚商务园5幢一层109室,杭州,08:00-18:30,08/01/21 07:10,自运营,luckin coffee,
763,七堡地铁站店,(No.A0856),江干区九和路528号2幢T1楼T1-25-2,杭州,08:30-20:00,08/01/21 07:10,代运营,luckin coffee,
764,金海城店,(No.7211),上城区杭海路878号金海城购物中心A座一层,杭州,09:30-21:30,08/01/21 07:10,自运营,luckin coffee,
765,国际服装城店,(No.6623),江干区德胜东路3678号6幢杭州国际服装城一层,杭州,08:00-19:30,08/01/21 07:10,自运营,luckin coffee,
766,三堡产业大厦店,(No.7130),上城区杭海路601号浙江互联网产业大厦B座一层大堂,杭州,08:00-18:00,08/01/21 07:10,自运营,luckin coffee,
767,杭州明珠街店,(No.A0200),江干区丁兰街道明珠街374号,杭州,09:00-21:00,08/01/21 07:10,代运营,luckin coffee,
768,方回春堂店,(No.3364),拱墅区广济路189号方回春堂3幢一层,杭州,08:00-18:00,08/01/21 07:10,自运营,luckin coffee,
769,C+星空间店,(No.4340),余杭区星桥北路56号c+星空间底商,杭州,08:00-19:30,08/01/21 07:10,自运营,luckin coffee,
770,崇贤上亿店,(No.4402),崇贤区上亿街道崇杭街上亿广场一层,杭州,08:00-21:00,08/01/21 07:10,自运营,luckin coffee,
771,新天地店,(No.0598),下城区费家塘路661号一层,杭州,07:30-20:30,08/01/21 07:10,自运营,luckin coffee,
772,中大银泰店,(No.1466),下城区石祥路126号一层,杭州,07:30-21:00,08/01/21 07:10,自运营,luckin coffee,
773,浙江传媒学院店,(No.4816),江干区德胜东路1101号浙江传媒学院国际交流中心一层大堂,杭州,07:30-19:30,08/01/21 07:10,自运营,luckin coffee,
774,华元欢乐城店,(No.3455),余杭区南苑街道华元欢乐城喜悦庭1幢底商,杭州,08:00-22:00,08/01/21 07:10,自运营,luckin coffee,
775,中国计量大学方圆楼店,(No.2844),江干区学源街258号中国计量大学西校区方圆北楼二层,杭州,08:00-18:00,08/01/21 07:10,自运营,luckin coffee,
776,杭职含晖苑店,(No.6834),钱塘新区学源街717-13号杭职含晖苑8号楼底商,杭州,07:30-22:00,08/01/21 07:10,自运营,luckin coffee,
777,钱塘御景店,(No.A0984),萧山经济开发区耕文路钱塘御景4-11-1号,杭州,09:00-20:00,08/01/21 07:10,代运营,luckin coffee,
778,杭州创意大厦店,(No.1038),江干区天城东路77号东沙创意大厦一层71号,杭州,07:00-20:30,08/01/21 07:10,自运营,luckin coffee,
779,和达高科生命科技中心店,(No.1048),江干区经济技术开发区下沙街道七格路459号一层113室,杭州,08:00-18:00,08/01/21 07:10,自运营,luckin coffee,
780,杭州金沙印象城,(No.A0273),江干区下沙金沙大道97号金沙印象城B1层14A号,杭州,10:00-22:00,08/01/21 07:10,代运营,luckin coffee,
781,龙湖时代金沙天街店,(No.3293),江干区金沙大道560号时代天街商业中心负一层28号,杭州,10:00-22:00,08/01/21 07:10,自运营,luckin coffee,
782,西悦生活广场店,(No.1382),下城区东新路666号西联商务中心一层107号、108号,杭州,08:00-20:00,08/01/21 07:10,自运营,luckin coffee,
783,海蓝财富中心店,(No.0745),下城区白石路318号海蓝财富中心南楼一层112室,杭州,08:00-18:00,08/01/21 07:10,自运营,luckin coffee,
784,南北商务港店,(No.2831),拱墅区温州路71号南北商务港大厦1幢一层109室,杭州,08:00-18:00,08/01/21 07:10,自运营,luckin coffee,
785,浙江农林大学东湖校区店,(No.3512),临安区农林大路666号农林大学西径食堂二层,杭州,08:00-20:00,08/01/21 07:10,自运营,luckin coffee,
786,金之源大厦店,(No.1718),余杭区仓前街道文一西路1380号一层大堂,杭州,08:00-18:00,08/01/21 07:10,自运营,luckin coffee,
787,海创科技店,(No.1207),余杭区文一西路1288号海创科技中心4号楼一层105-3号,杭州,08:00-18:00,08/01/21 07:10,自运营,luckin coffee,
788,临平北大街店,(No.A1206),余杭区临平北大街198号（大红鹰超市旁边九曲营路北大街交叉口）,杭州,10:00-21:30,08/01/21 07:10,代运营,luckin coffee,
789,工商大学钱江湾生活区店,(No.6817),钱塘新区2号大街122号钱江湾生活区35幢宿舍楼底商,杭州,07:00-22:00,08/01/21 07:10,自运营,luckin coffee,
790,宝龙广场学林支路店,(No.6882),江干区学林支路25号宝龙广场底商,杭州,07:00-21:30,08/01/21 07:10,自运营,luckin coffee,
791,拱墅万达店,(No.A1310),拱墅区万达商业中心3幢2单元112室一层,杭州,07:30-17:30,08/01/21 07:10,代运营,luckin coffee,
792,鼎创财富中心店,(No.A1383),余杭区仓前街道鼎创财富中心A1座105室,杭州,09:00-18:00,08/01/21 07:10,代运营,luckin coffee,
793,杭州海亮大厦店,(No.4771),滨江区滨盛路1508号海亮大厦一层大堂,杭州,08:00-18:00,08/01/21 07:10,自运营,luckin coffee,
794,杭州印店,(No.0558),滨江区江晖路2030号杭州印B座一层大堂 ,杭州,07:30-18:00,08/01/21 07:10,自运营,luckin coffee,
795,恒鑫大厦店,(No.0740),滨江区长河街道江南大道588号恒鑫大厦主楼一层大堂,杭州,07:30-18:00,08/01/21 07:10,自运营,luckin coffee,
796,润和信雅达店,(No.2866),滨江区江虹路1760号招商信雅达国际一层大堂,杭州,今日休息中,08/01/21 07:10,自运营,luckin coffee,
797,芯图大厦店,(No.2890),滨江区物联网街451号芯图大厦一层大堂,杭州,08:00-18:00,08/01/21 07:10,自运营,luckin coffee,
798,星联合店,(No.1178),滨江区西兴街道物联网街277号星联合中心一层大堂,杭州,08:00-18:00,08/01/21 07:10,自运营,luckin coffee,
799,慧港商务中心店,(No.1150),滨江区滨兴路301号之滨江慧港科技园1幢一层102单元,杭州,08:00-18:00,08/01/21 07:10,自运营,luckin coffee,
800,万轮科技园店,(No.2960),滨江区江陵路88号万轮科技园3号楼一层大堂,杭州,07:30-18:00,08/01/21 07:10,自运营,luckin coffee,
801,中石化南环路店,(No.1293),滨江区南环路中石化南环路加油站一层,杭州,08:00-18:30,08/01/21 07:10,自运营,luckin coffee,
802,天和高科产业园店,(No.0514),滨江区长河街道滨安路688号天和高科产业园2幢E楼一层165室 ,杭州,08:00-18:00,08/01/21 07:10,自运营,luckin coffee,
803,聚光科技店,(No.3377),滨江区滨安路760号聚光科技大厦一层大堂,杭州,08:00-18:00,08/01/21 07:10,自运营,luckin coffee,
804,拓森科技园店,(No.4755),滨江区长河路351号拓森科技园B座一层130室,杭州,08:00-18:00,08/01/21 07:10,自运营,luckin coffee,
805,绿都世贸店,(No.1093),萧山区北干街道市心中路819号绿都世贸广场写字楼一层大堂,杭州,08:00-18:00,08/01/21 07:10,自运营,luckin coffee,
806,华瑞中心店,(No.0643),萧山区建设一路66号华瑞中心1号楼一层大堂,杭州,07:30-18:00,08/01/21 07:10,自运营,luckin coffee,
807,萧山湾信息港店,(No.A1624),萧山区启迪路198号信息港小镇A座一楼108室,杭州,09:00-18:30,08/01/21 07:10,代运营,luckin coffee,
808,港汇中心店,(No.0651),萧山区市心北路905号港汇中心2号楼一层,杭州,08:00-18:00,08/01/21 07:10,自运营,luckin coffee,
809,浙江财经东方学院店,(No.A1626),长安镇长河路44号,杭州,今日休息中,08/01/21 07:10,代运营,luckin coffee,
810,财经大学下沙校区店,(No.4815),江干区学源街18号财经大学教学区图书馆一层,杭州,07:00-20:00,08/01/21 07:10,自运营,luckin coffee,
811,杭州师范大学钱江学院店,(No.6676),钱塘新区学林街16号16-23学生公寓四号楼底商,杭州,07:00-22:00,08/01/21 07:10,自运营,luckin coffee,
812,浙江工商大学金沙港店,(No.6649),钱塘新区学府街411号浙江工商大学玉屏洲生活区明月苑三层大堂,杭州,08:00-19:30,08/01/21 07:10,自运营,luckin coffee,
813,中国计量大学西校区店,(No.4628),江干区学源街445号中国计量大学生活区西门四幢9号,杭州,07:30-20:00,08/01/21 07:10,自运营,luckin coffee,
814,瓜沥文体中心店,(No.A0075),萧山区瓜沥镇建设四路10778号瓜沥文体中心副馆B1,杭州,08:30-21:30,08/01/21 07:10,代运营,luckin coffee,
815,赢和欐都店,(No.6622),柯桥区华舍街道绸缎路赢和欐都大厦1幢0104室,杭州,08:00-19:30,08/01/21 07:10,自运营,luckin coffee,
816,柯桥万达步行街店,(No.A0239),柯桥区齐贤镇柯桥街道钱陶路799号柯桥万达广场,杭州,10:00-22:00,08/01/21 07:10,代运营,luckin coffee,
817,浙工大之江学院店,(No.4367),柯桥区华舍街道越州大道985号浙江工业大学之江学院图书馆一层,杭州,08:00-21:00,08/01/21 07:10,自运营,luckin coffee,
818,金昌中央大厦店,(No.3572),柯桥区裕民路1068号金昌中央大厦一层大堂,杭州,08:00-18:00,08/01/21 07:10,自运营,luckin coffee,
819,屹男中心店,(No.2487),柯桥区金柯桥大道1088号屹男中心底商,杭州,07:30-20:30,08/01/21 07:10,自运营,luckin coffee,
820,柯桥银泰店,(No.4833),柯桥区笛杨路1531号银泰百货一层大堂,杭州,10:00-21:30,08/01/21 07:10,自运营,luckin coffee,
821,新加坡科技园16号楼店,(No.3405),江干区科技园路57号新加坡科技园16幢一层101号,杭州,08:00-18:00,08/01/21 07:10,自运营,luckin coffee,
822,绿都国金中心店,(No.3147),萧山区平澜路259号绿都国金中心广场一层大堂,杭州,今日休息中,08/01/21 07:10,自运营,luckin coffee,
823,博地中心店,(No.6787),萧山区宁围街道时代博地大厦C座一层102-1室,杭州,08:00-18:00,08/01/21 07:10,自运营,luckin coffee,
824,左右世界店,(No.2984),萧山区鸿宁路1839号左右世界大厦一层大堂,杭州,08:00-18:00,08/01/21 07:10,自运营,luckin coffee,
825,永利昌民百货店,(No.3626),越城区世纪东街59号昌民百货一层035室,杭州,09:30-21:30,08/01/21 07:10,自运营,luckin coffee,
826,浙江理工大学科艺学院店,(No.A1428),上虞区滨海新城康阳大道58号浙江理工大学科技与艺术学院食堂三层大厅,杭州,今日休息中,08/01/21 07:10,代运营,luckin coffee,
827,绍兴长业天悦城店,(No.A1051),越城区站前大道长业天悦城二层2054-2055号,杭州,09:30-21:00,08/01/21 07:10,代运营,luckin coffee,
828,理想银泰城步行街店,(No.A0923),余杭区南苑街道北湖街2-4-223理想银泰城步行街二层,杭州,09:00-21:00,08/01/21 07:10,代运营,luckin coffee,
829,万宝城店,(No.6738),余杭区临平街道荷禹路105号万宝城B区一层119号,杭州,10:00-22:00,08/01/21 07:10,自运营,luckin coffee,
830,德清群益街店,(No.A0515),德清县武康镇群益街367号,杭州,09:30-21:00,08/01/21 07:10,代运营,luckin coffee,
831,德清沃尔玛店,(No.A0712),德清县武康镇永安街158号F3,杭州,09:00-20:30,08/01/21 07:10,代运营,luckin coffee,
832,良渚·永旺梦乐城店,(No.7232),敬请期待!,杭州,07:00-22:00,08/01/21 07:10,自运营,luckin coffee,
833,上城发展店,(No.1296),拱墅区莫干山路1418-40号上城发展一层103室,杭州,今日休息中,08/01/21 07:10,自运营,luckin coffee,
834,杭州智慧信息产业园店,(No.A0476),拱墅区祥园路88号杭州智慧信息产业园N座一层大堂,杭州,08:30-18:30,08/01/21 07:10,代运营,luckin coffee,
835,迪凯银座店,(No.0319),江干区解放东路29号迪凯银座大厦一层大堂,杭州,今日休息中,08/01/21 07:10,自运营,luckin coffee,
836,未来park店,(No.0526),余杭区五常街道三维智汇中心3B号楼一层101室,杭州,07:30-19:30,08/01/21 07:10,自运营,luckin coffee,
837,泰嘉园店,(No.0568),拱墅区莫干山路972号泰嘉园A座一层大堂,杭州,08:00-18:00,08/01/21 07:10,自运营,luckin coffee,
838,杭州奥克斯中心店,(No.A1610),余杭区仓前街道时代未来之城3-13号,杭州,09:00-19:00,08/01/21 07:10,代运营,luckin coffee,
839,梦想小镇店,(No.A0979),余杭区仓兴街52号梦想小镇,杭州,09:30-22:00,08/01/21 07:10,代运营,luckin coffee,
840,欧美金融城二店,(No.7264),余杭区联创街39号欧美金融城一层8-18,杭州,08:00-21:00,08/01/21 07:10,自运营,luckin coffee,
841,安吉万象世界购物广场店,(No.A0641),安吉县万象世界购物广场一层1002室,杭州,10:00-21:30,08/01/21 07:10,代运营,luckin coffee,
842,安吉胜利东路店,(No.A2113),敬请期待!,杭州,08:00-18:00,08/01/21 07:10,代运营,luckin coffee,
843,D32购物中心店,(No.C0081),拱墅区拱宸桥街道小河路306号宾购商业中心负一层A010a铺,杭州,09:30-20:00,08/01/21 07:10,代运营,小鹿茶,
844,金通国际大厦店,(No.0941),拱墅区花园岗街113号金通国际大厦1-1幢1单元一层104室,杭州,08:00-18:00,08/01/21 07:10,自运营,luckin coffee,
845,月星家居顾家生活馆店,(No.3020),拱墅区莫干山路1165号月星家居顾家生活体验店一层,杭州,09:00-19:30,08/01/21 07:10,自运营,luckin coffee,
846,佳源银座店,(No.1495),拱墅区莫干山路949号佳源银座一层,杭州,08:00-18:00,08/01/21 07:10,自运营,luckin coffee,
847,天行国际中心店,(No.0890),拱墅区丰潭路508号天行国际中心1、2号楼一层103室,杭州,07:30-20:00,08/01/21 07:10,自运营,luckin coffee,
848,虾龙圩站店,(No.4294),西湖区古墩路虾龙圩地铁站A口负一层02号,杭州,08:00-20:00,08/01/21 07:10,自运营,luckin coffee,
849,城西银泰城店,(No.2919),拱墅区丰潭路380号银泰城4栋一层,杭州,07:30-21:30,08/01/21 07:10,自运营,luckin coffee,
850,宜昌国贸购物中心店,(No.A0085),西陵区东山大道106号国贸大厦二层,宜昌,10:00-22:00,08/01/21 07:10,代运营,luckin coffee,
851,恒基国际大堂店,(No.A0227),西陵区夷陵大道52号恒基国际大厦A座一层大堂,宜昌,09:00-20:00,08/01/21 07:10,代运营,luckin coffee,
852,宜昌水悦城店,(No.A1622),西陵区发展大道13号一层129号商铺,宜昌,10:00-21:30,08/01/21 07:10,代运营,luckin coffee,
853,宜昌万达广场店,(No.A1265),伍家岗区沿江大道168号万达广场三层335号,宜昌,09:00-21:30,08/01/21 07:10,代运营,luckin coffee,
854,宜昌三峡大学店,(No.A0145),西陵区三峡大学沁苑公寓2栋一层,宜昌,今日休息中,08/01/21 07:10,代运营,luckin coffee,
855,德阳T39创意园店,(No.A0329),旌阳区泰山南路一段39号T39创意园大厅,广汉(德阳),09:00-20:00,08/01/21 07:10,代运营,luckin coffee,
856,嵊州吾悦广场店,(No.A0724),嵊州市三江街道兴盛街666号吾悦广场金街2-125,嵊州(绍兴),08:00-21:30,08/01/21 07:10,代运营,luckin coffee,
857,嵊州鹿山广场店,(No.A1065),剡湖街道鹿山路6号鹿山广场1_232商铺,嵊州(绍兴),08:00-21:30,08/01/21 07:10,代运营,luckin coffee,
858,十字里店,(No.3068),云岩区中华中路8号十字里百货商场负一层A-14号,贵阳,08:00-21:30,08/01/21 07:10,自运营,luckin coffee,
859,贵阳富水北路店,(No.4699),云岩区富水北路6号北京华联超市负一层1号,贵阳,09:00-20:00,08/01/21 07:10,自运营,luckin coffee,
860,贵阳百盛购物中心店,(No.3240),云岩区中华中路117号百盛购物中心一层,贵阳,09:30-22:00,08/01/21 07:10,自运营,luckin coffee,
861,国恒百货店,(No.4663),云岩区中山西路56号恒峰步行街负一层2号,贵阳,10:30-21:00,08/01/21 07:10,自运营,luckin coffee,
862,国贸商场店,(No.2853),云岩区中华北路1号国贸商场二层,贵阳,10:00-21:30,08/01/21 07:10,自运营,luckin coffee,
863,荔星名店店,(No.3440),南明区富水南路2号荔星名店A座二层1号,贵阳,09:30-20:30,08/01/21 07:10,自运营,luckin coffee,
864,贵阳和舍精品酒店店,(No.4375),云岩区宝山北路219号贵阳和舍精品酒店1层1-1号 ,贵阳,08:00-21:30,08/01/21 07:10,自运营,luckin coffee,
865,汇金星力城店,(No.B0045),云岩区延安西路汇金星力城负一层3号,贵阳,10:30-21:30,08/01/21 07:10,自运营,小鹿茶,
866,民大人文科技学院店,(No.4819),花溪区贵州民族大学人文科技大厦奇洋酒店一层大堂,贵阳,今日休息中,08/01/21 07:10,自运营,luckin coffee,
867,贵州师范学院店,(No.4854),乌当区高新路115号贵州师范学院菊园负一层S25号,贵阳,10:00-20:30,08/01/21 07:10,自运营,luckin coffee,
868,贵阳金融城C座店,(No.4855),观山湖区长岭北路中天金融城MAX-C座一层大堂,贵阳,08:00-18:00,08/01/21 07:10,自运营,luckin coffee,
869,贵阳云岩未来方舟G9店,(No.C0125),云岩区渔安安井片区未来方舟G9,贵阳,11:00-20:30,08/01/21 07:10,代运营,小鹿茶,
870,贵阳龙洞堡机场店,(No.4980),双龙航空经济区贵阳龙洞堡国际机场2号航站楼出发层商业区CF-32,贵阳,07:00-21:00,08/01/21 07:10,自运营,luckin coffee,
871,云岩万达广场店,(No.4920),云岩区新添大道南段302号大上海万达广场3号楼一层1-1,贵阳,10:00-21:30,08/01/21 07:10,自运营,luckin coffee,
872,印象城购物中心店,(No.6156),观山湖区金阳南路印象城购物中心一层41号,贵阳,10:00-21:00,08/01/21 07:10,自运营,luckin coffee,
873,群升精彩城店,(No.6782),花溪区思雅路花溪大学城群升大智慧29号一层,贵阳,10:00-21:00,08/01/21 07:10,自运营,luckin coffee,
874,花果园国际中心店,(No.A1221),南明区花果园国际中心二幢204号,贵阳,08:00-19:00,08/01/21 07:10,代运营,luckin coffee,
875,贵阳金融城B座店,(No.6855),观山湖区长岭北路中天金融城MAX-B座一层大堂,贵阳,08:00-18:00,08/01/21 07:10,自运营,luckin coffee,
876,贵阳鸿通城店,(No.A1499),南明区解放路100号鸿通城购物中心二层,贵阳,10:00-22:00,08/01/21 07:10,代运营,luckin coffee,
877,花果园金融街2号楼店,(No.7066),南明区中山南路62号金融街2号楼勇惠便利店一层,贵阳,08:30-20:00,08/01/21 07:10,自运营,luckin coffee,
878,君派酒店店,(No.7092),云岩区北京路9号君派酒店一层大堂,贵阳,08:00-18:00,08/01/21 07:10,自运营,luckin coffee,
879,贵阳德福中心店,(No.7138),观山湖区黔灵山路343号德福中心A4楼乐品便利店一层,贵阳,07:30-20:00,08/01/21 07:10,自运营,luckin coffee,
880,小河万达广场店,(No.7146),花溪区黄河路2号万达广场一层W1017号,贵阳,10:00-22:00,08/01/21 07:10,自运营,luckin coffee,
881,中大国际广场购物中心店,(No.2851),云岩区贵乌北路199号中大国际广场购物中心负一层301号,贵阳,10:00-21:00,08/01/21 07:10,自运营,luckin coffee,
882,贵阳凯恩斯酒店店,(No.3115),观山湖区长岭南路33号天一国际广场12栋1单元凯恩斯酒店一层大堂,贵阳,08:00-18:00,08/01/21 07:10,自运营,luckin coffee,
883,贵州师范大学店,(No.3160),花溪区思雅路12号贵州师范大学思雅美食城一层1号,贵阳,09:30-20:30,08/01/21 07:10,自运营,luckin coffee,
884,永辉超市世纪金源店,(No.3205),观山湖区北京西路1号世纪金源购物中心B座永辉超市负一层,贵阳,09:30-20:30,08/01/21 07:10,自运营,luckin coffee,
885,天一国际广场店,(No.3294),观山湖区长岭南路33号天一国际广场北广场中央底商,贵阳,09:00-20:00,08/01/21 07:10,自运营,luckin coffee,
886,七冶保利广场店,(No.6652),白云区白云南路218号七冶保利广场一层,贵阳,10:00-22:00,08/01/21 07:10,自运营,luckin coffee,
887,烈变国际广场店,(No.3492),观山湖区金阳北路306号烈变国际广场负二层,贵阳,08:00-18:00,08/01/21 07:10,自运营,luckin coffee,
888,贵阳富力中心店,(No.6169),观山湖区诚信南路富力中心A1栋一层大堂左侧,贵阳,今日休息中,08/01/21 07:10,自运营,luckin coffee,
889,中天CCPark店,(No.4397),观山湖区林城东路155号中天CCPark B馆一层62号,贵阳,10:00-22:00,08/01/21 07:10,自运营,luckin coffee,
890,贵阳交通银行大厦店,(No.3398),观山湖区长岭北路辅路交通银行大厦一层大堂,贵阳,08:00-19:30,08/01/21 07:10,自运营,luckin coffee,
891,大唐东原财富广场店,(No.3414),观山湖区长岭北路6号大唐东原财富广场3栋一层大堂,贵阳,08:00-18:00,08/01/21 07:10,自运营,luckin coffee,
892,正德家邦店,(No.4315),乌当区新添大道北段99号正德家邦购物中心负一层1号,贵阳,10:00-22:00,08/01/21 07:10,自运营,luckin coffee,
893,贵黔国际总医院店,(No.A0846),乌当区东凤镇后所村贵黔国际医院管理有限公司门诊大厅二层东侧,贵阳,08:30-18:00,08/01/21 07:10,代运营,luckin coffee,
894,友山基金大厦店,(No.3750),观山湖区湖滨路17号友山基金大厦一层大堂,贵阳,08:00-18:30,08/01/21 07:10,自运营,luckin coffee,
895,贵阳联合广场店,(No.7192),观山湖区毕节路58号联合广场B座一层,贵阳,08:00-18:00,08/01/21 07:10,自运营,luckin coffee,
896,喀斯特城市广场店,(No.3427),观山湖区金阳南路喀斯特城市广场A座负一层,贵阳,09:30-21:30,08/01/21 07:10,自运营,luckin coffee,
897,太升国际店,(No.3438),南明区龙洞堡机场路太升国际A1栋一层大堂,贵阳,08:00-18:00,08/01/21 07:10,自运营,luckin coffee,
898,贵阳银海元隆店,(No.4630),云岩区北京路219号银海元隆广场7号楼山水颐和酒店后面大堂一层,贵阳,08:00-18:30,08/01/21 07:10,自运营,luckin coffee,
899,贵阳保利国际广场店,(No.3570),南明区市南路42号保利国际广场5号楼一层大堂,贵阳,08:00-20:00,08/01/21 07:10,自运营,luckin coffee,
900,亚太中心店,(No.6275),南明区花果园五里冲花果园项目V区第15栋一层3号,贵阳,08:00-19:30,08/01/21 07:10,自运营,luckin coffee,
901,花果园财富广场6号楼店,(No.A0348),南明区R1区财富广场6号楼一层19号商铺,贵阳,08:30-21:00,08/01/21 07:10,代运营,luckin coffee,
902,中央商务区店,(No.3713),南明区花果园大街中央商务区5号楼一层大堂,贵阳,08:00-19:30,08/01/21 07:10,自运营,luckin coffee,
903,万科大都会店,(No.3603),花溪区珠江路万科大都会负一层北京华联超市出口,贵阳,08:30-21:30,08/01/21 07:10,自运营,luckin coffee,
904,贵州大学学府里店,(No.6570),花溪区溪花石路194号吉林花园一层B-13号,贵阳,10:00-22:00,08/01/21 07:10,自运营,luckin coffee,
905,贵师大庭轩店,(No.A1072),花溪区大学城庭轩美食广场M-2-87,贵阳,11:00-20:00,08/01/21 07:10,代运营,luckin coffee,
906,贵澳时代广场店,(No.A0351),贵安新区大学城贵澳时代广场1层02L1001号,贵阳,今日休息中,08/01/21 07:10,代运营,luckin coffee,
907,海门商业步行街店,(No.A0225),经济技术开发区商业步行街一期4号401幢,海门(南通),08:30-21:30,08/01/21 07:10,代运营,luckin coffee,
908,海门龙信广场大众书局店,(No.A0279),海门市海门街道长江南路99号,海门(南通),09:30-21:00,08/01/21 07:10,代运营,luckin coffee,
909,海门金花影城店,(No.6311),海门市解放中路778号,海门(南通),08:30-18:00,08/01/21 07:10,自运营,luckin coffee,
910,南通叠石桥步行街店,(No.A0975),海门区三星镇天发路180号4幢4134室,海门(南通),07:30-19:30,08/01/21 07:10,代运营,luckin coffee,
911,滁州万尚城时尚购物广场店,(No.A0456),琅琊区南谯北路709号万尚城时尚购物广场店一层1号,滁州,09:30-21:30,08/01/21 07:10,代运营,luckin coffee,
912,滁州万达广场店,(No.A1592),南谯区龙蟠街道万达广场4F-4008铺位,滁州,10:00-22:00,08/01/21 07:10,代运营,luckin coffee,
913,滁州学院会峰校区店,(No.A1878),琅琊区凤凰街道丰乐大道汇丰雅苑1487号,滁州,09:30-21:30,08/01/21 07:10,代运营,luckin coffee,
914,滁州金鹏广场店,(No.A0890),南谯区龙蟠大道9号金鹏玖玖广场2楼B-001,滁州,09:30-21:30,08/01/21 07:10,代运营,luckin coffee,
915,天长天发广场店,(No.A1977),天长市千秋街道天发广场购物中心南入口,滁州,10:00-20:00,08/01/21 07:10,代运营,luckin coffee,
916,天长吾悦广场店,(No.A2066),敬请期待!,滁州,08:00-18:00,08/01/21 07:10,代运营,luckin coffee,
917,蚌埠大学城店,(No.A0715),龙子湖区西班牙风情商业街北段3号803-02,滁州,09:30-21:30,08/01/21 07:10,代运营,luckin coffee,
918,蚌埠凤凰国际店,(No.A0181),蚌埠市蚌山区东海大道与虎山西路交汇处凤凰国际AB座写字楼大堂,滁州,08:00-21:00,08/01/21 07:10,代运营,luckin coffee,
919,蚌山万达金街店,(No.A1406),蚌山区万达金街东段118号商铺,滁州,09:00-22:00,08/01/21 07:10,代运营,luckin coffee,
920,南京信息工程大学店,(No.4581),浦口区宁六路217号南京信息工程大学西苑第一食堂一层,滁州,08:30-18:00,08/01/21 07:10,自运营,luckin coffee,
921,南京信息工程大学东苑店,(No.6125),浦口区宁六路219号南京信息工程大学东苑食堂三层,滁州,09:00-19:00,08/01/21 07:10,自运营,luckin coffee,
922,南京大学金陵学院店,(No.2335),浦口区学府路8号南京大学金陵学院第一学生餐厅三层教工食堂,滁州,今日休息中,08/01/21 07:10,自运营,luckin coffee,
923,美利广场店,(No.1692),六合区葛关路818-2号美利广场一层124室,滁州,09:00-21:30,08/01/21 07:10,自运营,luckin coffee,
924,南京科技职业学院店,(No.4346),葛关路625号南京科技职业学院第一食堂二层,滁州,今日休息中,08/01/21 07:10,自运营,luckin coffee,
925,南京钢铁集团店,(No.6025),六合区大厂卸甲甸幸福路8号新办公大楼一层大堂,滁州,今日休息中,08/01/21 07:10,自运营,luckin coffee,
926,江苏警官学院店,(No.4806),浦口区佛寺三宫48号江苏警官学院训练中心一层,滁州,09:00-19:00,08/01/21 07:10,自运营,luckin coffee,
927,南京软件大厦店,(No.1860),江北新区星火路9号软件大厦B座一层104室,滁州,今日休息中,08/01/21 07:10,自运营,luckin coffee,
928,北斗大厦店,(No.4341),浦口区惠达路6号北斗大厦写字楼大堂一层,滁州,今日休息中,08/01/21 07:10,自运营,luckin coffee,
929,智芯科技大厦店,(No.2231),浦口区江北新区星火路15号智芯科技大厦一层,滁州,今日休息中,08/01/21 07:10,自运营,luckin coffee,
930,东营万达广场店,(No.A1560),东营区北一路730号万达广场3F-3057A铺位,东营,10:00-21:30,08/01/21 07:10,代运营,luckin coffee,
931,东营宝贝新天地店,(No.A2032),敬请期待!,东营,今日休息中,08/01/21 07:10,代运营,luckin coffee,
932,江西理工大学店,(No.A0411),理工大学西郊路31-1,赣州,09:30-21:30,08/01/21 07:10,代运营,luckin coffee,
933,赣州万盛购物中心店,(No.A0061),章贡区兴国路9号和富城百货一楼L1-001D号铺,赣州,10:00-22:00,08/01/21 07:10,代运营,luckin coffee,
934,达芬奇大堂店,(No.A0389),章贡区达芬奇国际中心10号楼一层大堂,赣州,10:00-22:00,08/01/21 07:10,代运营,luckin coffee,
935,阳明国际中心店,(No.A2025),敬请期待!,赣州,08:00-18:00,08/01/21 07:10,代运营,luckin coffee,
936,福清景观豪庭南区店,(No.A0359),福清市景观豪庭南区77号,福清(福州),09:30-21:30,08/01/21 07:10,代运营,luckin coffee,
937,自贡灯上城店,(No.A0603),自流井区五星街53号,自贡,09:00-21:00,08/01/21 07:10,代运营,luckin coffee,
938,四川自贡汇兴路店,(No.A0517),自贡市自流井区汇兴路636号,自贡,09:00-21:00,08/01/21 07:10,代运营,luckin coffee,
939,自贡万达广场店,(No.A1480),大安区凤凰街道万达广场二层2078商铺,自贡,10:00-21:30,08/01/21 07:10,代运营,luckin coffee,
940,华商国际城店,(No.A0423),自流井区红旗乡华商·国际城一期7幢1-021B号,自贡,09:30-22:00,08/01/21 07:10,代运营,luckin coffee,
941,自贡华商蓝岸天街店,(No.A1586),自流井区华商南路68号蓝岸天街14-2-05号,自贡,09:30-22:00,08/01/21 07:10,代运营,luckin coffee,
942,富顺远达时代广场店,(No.A1840),富顺县富州大道中段远达·时代商业广场9栋1层71号,自贡,09:00-22:30,08/01/21 07:10,代运营,luckin coffee,
943,自贡南悦里店,(No.A2046),敬请期待!,自贡,08:00-18:00,08/01/21 07:10,代运营,luckin coffee,
944,富顺宏帆广场店,(No.A1824),敬请期待!,自贡,08:00-18:00,08/01/21 07:10,代运营,luckin coffee,
945,威远中心街店,(No.A1601),威远县严陵镇中心街127号,自贡,09:00-21:30,08/01/21 07:10,代运营,luckin coffee,
946,隆昌文兴街店,(No.A1577),隆昌市文兴街二段18号铺面,自贡,09:30-21:00,08/01/21 07:10,代运营,luckin coffee,
947,内江卓尔购物广场店,(No.A1874),市中区城南街道交通路11-41号卓尔购物中心二层扶梯口,自贡,09:00-21:00,08/01/21 07:10,代运营,luckin coffee,
948,内江万达广场店,(No.A0468),栖霞路401号商铺39号,自贡,09:00-21:00,08/01/21 07:10,代运营,luckin coffee,
949,内江华联购物中心店,(No.A1851),东兴区汉安大道西段89号内江华联购物中心一层F1-23铺位,自贡,10:00-21:30,08/01/21 07:10,代运营,luckin coffee,
950,内江万晟天街店,(No.A1451),汉安大道东二段401号万晟天街云府19-1-23商铺,自贡,10:00-21:30,08/01/21 07:10,代运营,luckin coffee,
951,泸县创业街店,(No.A1881),泸县玉蟾街道创业街177号,自贡,09:30-22:30,08/01/21 07:10,代运营,luckin coffee,
952,泸州金融中心店,(No.A1028),江阳区酒城大道三段爱印象主题宴会酒店一层大厅,自贡,08:30-19:00,08/01/21 07:10,代运营,luckin coffee,
953,泸州华润万象汇店,(No.A1248),江阳区康城路一段1号1栋附311号附2号,自贡,09:00-20:30,08/01/21 07:10,代运营,luckin coffee,
954,泸州万达广场店,(No.A1426),龙马潭区红星街道万达广场4F层4057B号商铺,自贡,10:00-21:30,08/01/21 07:10,代运营,luckin coffee,
955,泸州重百商场店,(No.A1233),江阳区重百商场一层大厅,自贡,09:30-20:30,08/01/21 07:10,代运营,luckin coffee,
956,犍为龙池广场店,(No.A1432),犍为县玉津镇龙池街112号,自贡,10:00-22:00,08/01/21 07:10,代运营,luckin coffee,
957,兰花城购物中心店,(No.A1241),西街街道新市西街1336号兰花城购物中心一层,晋城,10:00-22:00,08/01/21 07:10,代运营,luckin coffee,
958,茂业中心店,(No.A0910),东风路茂业中心一楼大堂,保定,09:00-20:00,08/01/21 07:10,代运营,luckin coffee,
959,保定万博广场店,(No.A0236),竞秀区朝阳大街99号万博广场南下沉广场底商,保定,09:00-22:00,08/01/21 07:10,代运营,luckin coffee,
960,保定北国先天下店,(No.C0176),竞秀区保定国家高新区朝阳北大街799号保定北国先天下店6层,保定,10:30-20:30,08/01/21 07:10,代运营,小鹿茶,
961,华北电力大学二校区店,(No.C0627),莲池区华电路华北电力大学二校区医务室旁,保定,今日休息中,08/01/21 07:10,代运营,小鹿茶,
962,保定长城汽车技术中心店,(No.A0189),莲池区朝阳大街2076号哈佛技术中心一层大堂,保定,10:00-17:00,08/01/21 07:10,代运营,luckin coffee,
963,汇博上谷大观店,(No.A0006),莲池区朝阳北大街2238号汇博上谷天街一层T01号,保定,09:30-21:30,08/01/21 07:10,代运营,luckin coffee,
964,未来石万达广场店,(No.A0087),莲池区七一路1999号B1060,保定,10:00-21:00,08/01/21 07:10,代运营,luckin coffee,
965,河北农业大学西校区店,(No.A1986),敬请期待!,保定,08:00-18:00,08/01/21 07:10,代运营,luckin coffee,
966,定州万达金街店,(No.A1819),北城区街道定州万达广场金街B座一层123号商铺,保定,09:00-22:00,08/01/21 07:10,代运营,luckin coffee,
967,任丘蕾莎购物广场店,(No.A1140),会战北道与裕华中路交叉口东南角蕾莎购物广场一层F1-19b,保定,09:00-21:00,08/01/21 07:10,代运营,luckin coffee,
968,沧州万达广场店,(No.A1831),敬请期待!,保定,08:00-18:00,08/01/21 07:10,代运营,luckin coffee,
969,河北农大西校区店,(No.A2112),敬请期待!,保定,08:00-18:00,08/01/21 07:10,代运营,luckin coffee,
970,河北美术学院店,(No.A0323),长寿街道长杨路河北美术学院北区,保定,今日休息中,08/01/21 07:10,代运营,luckin coffee,
971,天宫院凯德MALL店,(No.1731),大兴区新源大街凯德MALL商场一层18C-19号,保定,09:30-21:00,08/01/21 07:10,自运营,luckin coffee,
972,北京龙湖时代天街店,(No.6710),大兴区永兴路7号院1号楼一层,保定,10:00-21:30,08/01/21 07:10,自运营,luckin coffee,
973,大兴机场国内隔离区店-2F安检内,(No.2721),大兴新机场2层安检区内西南指廊B37登机口旁,保定,00:00-24:00,08/01/21 07:10,自运营,luckin coffee,
974,大兴机场国内抵港大厅店-2F,(No.2720),大兴新机场2层国内抵港大厅S-AL02-015,保定,00:00-24:00,08/01/21 07:10,自运营,luckin coffee,
975,大兴机场国内值机大厅店-3F,(No.2722),大兴新机场3层国内值机大厅10号门对面,保定,00:00-24:00,08/01/21 07:10,自运营,luckin coffee,
976,邵阳大汉悦中心店,(No.A1283),双清区大汉悦中心6栋1688号门面,邵阳,09:30-22:30,08/01/21 07:10,代运营,luckin coffee,
977,金鹰天地广场店,(No.A0027),宿城区金鹰国际购物中心1F北侧（电梯）,宿迁,09:30-21:00,08/01/21 07:10,代运营,luckin coffee,
978,宿迁宝龙广场店,(No.A1518),宿城区西湖路6号宝龙广场4层090号,宿迁,09:00-21:30,08/01/21 07:10,代运营,luckin coffee,
979,宿迁中央商场店,(No.A1593),宿城区幸福南路92号1F,宿迁,09:30-21:00,08/01/21 07:10,代运营,luckin coffee,
980,宿迁学院店,(No.C0236),宿城区宿迁学院北门学生生活服务用房1-122号,宿迁,10:00-20:00,08/01/21 07:10,代运营,小鹿茶,
981,宿迁万达广场店,(No.A1877),宿豫区项王东路8号万达广场4层,宿迁,09:30-21:30,08/01/21 07:10,代运营,luckin coffee,
982,京东信息科技园店,(No.A1282),宿豫区顺河镇京东餐饮中心北门（交通银行旁）,宿迁,08:30-20:30,08/01/21 07:10,代运营,luckin coffee,
983,兴美店,(No.A1057),徐州睢宁县兴美城市广场1-1006,宿迁,09:30-21:30,08/01/21 07:10,代运营,luckin coffee,
984,沭阳中央城市广场店,(No.A1579),沭阳县沭城街道人民中路33号中央城市广场1层,宿迁,09:30-21:30,08/01/21 07:10,代运营,luckin coffee,
985,泗阳中央商场店,(No.A0305),泗阳县人民北路70号中央商场南门门厅,宿迁,09:00-18:30,08/01/21 07:10,代运营,luckin coffee,
986,泗洪花园口店,(No.A0757),泗洪县花园口国际广场一层大堂,宿迁,09:30-22:00,08/01/21 07:10,代运营,luckin coffee,
987,泗阳振兴商贸城店,(No.A1043),泗阳县振兴路13号振兴商贸城南门东侧,宿迁,08:00-22:00,08/01/21 07:10,代运营,luckin coffee,
988,新沂段家巷宏基天城店,(No.A1945),敬请期待!,宿迁,08:00-18:00,08/01/21 07:10,代运营,luckin coffee,
989,泗县绿城深蓝中心店,(No.A2010),敬请期待!,宿迁,08:00-18:00,08/01/21 07:10,代运营,luckin coffee,
990,锦州盛文店,(No.A1196),凌河区中央大街三段3号茂业天地一层,锦州,09:30-20:30,08/01/21 07:10,代运营,luckin coffee,
991,锦州五中店,(No.A1371),凌河区南宁路4段9-3号,锦州,09:30-19:30,08/01/21 07:10,代运营,luckin coffee,
992,辽宁工业大学店,(No.A1492),古塔区敬业街道士英街169号辽宁工业大学院内5号教学楼,锦州,今日休息中,08/01/21 07:10,代运营,luckin coffee,
993,锦州万达广场店,(No.A0858),太和区科技路21-1号锦州万达广场室内步行街4F4035A号商铺,锦州,09:30-21:00,08/01/21 07:10,代运营,luckin coffee,
994,济南火车站店,(No.7050),天桥区站前路19号济南火车站二层B1口,济南,08:00-20:00,08/01/21 07:10,自运营,luckin coffee,
995,经四路万达店,(No.0354),市中区经四路5号万达写字楼C座一层大堂,济南,08:00-18:30,08/01/21 07:10,自运营,luckin coffee,
996,经四路万达家乐福店,(No.6745),市中区经四路95号万达家乐福南门入口西邻一层,济南,09:30-21:00,08/01/21 07:10,自运营,luckin coffee,
997,济南绿地中心店,(No.1018),市中区共青团路78号绿地中心一层大堂,济南,08:00-19:30,08/01/21 07:10,自运营,luckin coffee,
998,K88名泉广场店,(No.1488),天桥区堤口路南益名泉广场C区写字楼一层大堂,济南,08:00-18:30,08/01/21 07:10,自运营,luckin coffee,
999,银座晶都国际店,(No.1021),市中区顺河东街66号银座晶都国际1号楼一层大堂 ,济南,今日休息中,08/01/21 07:10,自运营,luckin coffee,
1000,猪八戒网大观园店,(No.A0843),市中区纬二路66号,济南,08:00-18:30,08/01/21 07:10,代运营,luckin coffee,
1001,银座购物广场店,(No.B0068),历下区泺源大街99号银座购物中心下沉广场负一层,济南,09:30-21:30,08/01/21 07:10,自运营,小鹿茶,
1002,山交第一食堂店,(No.3775),长清区海棠路5001号山东交通学院第一食堂三层,济南,08:00-20:30,08/01/21 07:10,自运营,luckin coffee,
1003,齐鲁工业大学店,(No.3369),长清区瓦特路齐鲁工业大学第二食堂三层,济南,08:00-19:30,08/01/21 07:10,自运营,luckin coffee,
1004,山东师范大学长清湖校区店,(No.3356),长清区大学科技园大学路1号山东师范大学长清校区第二食堂二层,济南,08:00-19:30,08/01/21 07:10,自运营,luckin coffee,
1005,山东工艺美术学院店,(No.6813),长清区大学科技园大学路1255号山东工艺美术学院食堂负一层地下超市,济南,08:00-20:00,08/01/21 07:10,自运营,luckin coffee,
1006,山东艺术学院长清校区店,(No.3562),长清区紫薇路6000号山东艺术学院长清校区山艺食堂一层,济南,08:00-19:30,08/01/21 07:10,自运营,luckin coffee,
1007,山东圣翰财贸职业学院店,(No.4989),长清区山东圣翰财贸职业学院院内原校史馆1号房间,济南,今日休息中,08/01/21 07:10,自运营,luckin coffee,
1008,济南大学西校区店,(No.6674),市中区南辛庄西路336号济南大学西校区第二食堂二层大堂,济南,08:00-20:30,08/01/21 07:10,自运营,luckin coffee,
1009,和谐银座店,(No.0549),槐荫区经十路22799号银座中心2号楼一层大堂,济南,08:00-20:00,08/01/21 07:10,自运营,luckin coffee,
1010,鑫盛大厦店,(No.0190),高新区新泺大街1299号鑫盛大厦2号楼一层大堂,济南,08:00-18:00,08/01/21 07:10,自运营,luckin coffee,
1011,银丰广场店,(No.0124),历下区龙奥西路1号银丰财富广场2号楼一层103室,济南,08:00-18:00,08/01/21 07:10,自运营,luckin coffee,
1012,银荷大厦店,(No.0212),高新区新泺大街2008号路银荷大厦C座一层大堂105号,济南,08:00-18:00,08/01/21 07:10,自运营,luckin coffee,
1013,中润世纪锋店,(No.0324),历下区经十路12111号中润世纪中心1号楼一层北厅,济南,07:30-18:30,08/01/21 07:10,自运营,luckin coffee,
1014,中润世纪广场店,(No.0330),历下区经十路13777号中润世纪广场5号楼一层,济南,08:00-18:00,08/01/21 07:10,自运营,luckin coffee,
1015,汉峪金谷店,(No.0353),高新区舜华南路汉峪金谷A3-2号楼一层大堂,济南,08:00-18:00,08/01/21 07:10,自运营,luckin coffee,
1016,报业大厦店,(No.0760),槐荫区腊山河西路口济南报业大厦一层大堂,济南,08:00-18:30,08/01/21 07:10,自运营,luckin coffee,
1017,山东司法行政学院店,(No.6358),济南市章丘区双山街道山东司法行政学院2食堂二层,济南,07:30-20:30,08/01/21 07:10,自运营,luckin coffee,
1018,山东城市建设职业学院店,(No.6173),历城区旅游路4657号山东城市建设职业学院第一学生餐厅三楼,济南,08:00-20:00,08/01/21 07:10,自运营,luckin coffee,
1019,山东科技大学店,(No.6349),天桥区胜利庄山东科技大学餐厅二层,济南,10:30-18:00,08/01/21 07:10,自运营,luckin coffee,
1020,西市场店,(No.C0275),槐荫区纬十路29号,济南,09:00-21:30,08/01/21 07:10,代运营,小鹿茶,
1021,济南印象城店,(No.6662),历城区花园路136-7号印象城六层L6-K01号,济南,10:00-22:00,08/01/21 07:10,自运营,luckin coffee,
1022,山东大学店,(No.1673),历城区山大南路29号鲁能科技大厦A座底商,济南,07:00-21:30,08/01/21 07:10,自运营,luckin coffee,
1023,华强广场店,(No.2257),历下区解放路79号华强大厦A座一层大堂,济南,08:00-18:00,08/01/21 07:10,自运营,luckin coffee,
1024,汇隆广场店,(No.1468),历下区华能路38号汇隆广场一层S-2号,济南,10:00-18:00,08/01/21 07:10,自运营,luckin coffee,
1025,济南世茂国际广场店,(No.4591),历下区泉城路26号世茂广场东座四层连廊E475-1号商铺,济南,10:00-22:00,08/01/21 07:10,自运营,luckin coffee,
1026,舜井淳和数码广场店,(No.2360),历下区泉城路180号舜井淳和数码广场底商,济南,07:30-21:00,08/01/21 07:10,自运营,luckin coffee,
1027,良友富临大酒店店,(No.7141),历下区泺源大街5号良友富临大酒店一层大堂,济南,08:00-18:00,08/01/21 07:10,自运营,luckin coffee,
1028,济南东站店,(No.2491),历城区济南东站二层候车室,济南,07:00-20:00,08/01/21 07:10,自运营,luckin coffee,
1029,祥泰广场店,(No.3016),市中区英雄山路129号祥泰广场1号楼一层大堂,济南,08:00-18:30,08/01/21 07:10,自运营,luckin coffee,
1030,领秀城贵和购物中心店,(No.2118),市中区二环南路2688号鲁能领秀城商业综合体购物中心F4层GDF4-11号 ,济南,10:00-21:00,08/01/21 07:10,自运营,luckin coffee,
1031,山东财大舜耕校区店,(No.4812),市中区舜耕路40号山东财经大学第一食堂一层,济南,08:00-20:00,08/01/21 07:10,自运营,luckin coffee,
1032,山东师范大学店,(No.1105),历下区文化东路88号山东师范大学紫荆园餐厅二层第一单间,济南,08:00-20:00,08/01/21 07:10,自运营,luckin coffee,
1033,玉泉森信酒店店,(No.1698),历下区泺源大街68号玉泉森信酒店一层大堂 ,济南,07:30-19:00,08/01/21 07:10,自运营,luckin coffee,
1034,山东艺术学院文东店,(No.A1112),历下区文化东路91-4号101商铺,济南,10:00-20:00,08/01/21 07:10,代运营,luckin coffee,
1035,山东财经大学燕山校区店,(No.3465),历下区二环东路7366号山东财经大学燕山校区西苑餐厅一层,济南,08:00-20:00,08/01/21 07:10,自运营,luckin coffee,
1036,山东大学齐鲁软件学院店,(No.3103),高新区舜华路1500号山东大学齐鲁软件学院学生食堂二层,济南,08:00-19:00,08/01/21 07:10,自运营,luckin coffee,
1037,舜泰广场店,(No.0792),高新区舜华路 2000 号舜泰广场 2 号楼一 层 101 室 ,济南,今日休息中,08/01/21 07:10,自运营,luckin coffee,
1038,山东建筑大学店,(No.4869),历城区凤鸣路1000号山东建筑大学雅苑餐厅一楼东侧A1区域,济南,08:00-20:30,08/01/21 07:10,自运营,luckin coffee,
1039,山东建筑大学文苑店,(No.7128),历城区港沟街道凤鸣路1000号山东建筑大学文苑餐厅二层,济南,07:00-19:00,08/01/21 07:10,自运营,luckin coffee,
1040,龙湖济南奥体天街店,(No.6736),历下区奥体西路与礼耕路交叉口龙湖济南奥体天街A塔五层12号,济南,10:00-21:30,08/01/21 07:10,自运营,luckin coffee,
1041,黄金时代广场店,(No.0923),历下区经十路9999号黄金时代广场F座一层大堂,济南,08:00-18:00,08/01/21 07:10,自运营,luckin coffee,
1042,鲁商国奥城店,(No.6563),历下区经十路9777号国奥城3号楼一层,济南,今日休息中,08/01/21 07:10,自运营,luckin coffee,
1043,龙奥天街店,(No.A0980),历下区舜华路街道龙奥天街2幢一层112房间,济南,今日休息中,08/01/21 07:10,代运营,luckin coffee,
1044,济南绿城玉兰广场店,(No.A0471),历下区龙洞街道龙奥北路8号玉兰广场一层大堂,济南,08:30-17:00,08/01/21 07:10,代运营,luckin coffee,
1045,未来创业广场店,(No.A0086),高新区经十东路未来创业广场美食广场A118-31号,济南,10:30-18:00,08/01/21 07:10,代运营,luckin coffee,
1046,山东青年政治学院店,(No.6737),历城区经十东路31699号山东青年政治学院图书馆一层东侧下沉区域,济南,09:00-21:00,08/01/21 07:10,自运营,luckin coffee,
1047,山东英才学院水上餐厅店,(No.3782),高新区英才路2号山东英才学院兰园水上餐厅一层N3号,济南,08:00-19:00,08/01/21 07:10,自运营,luckin coffee,
1048,山东财经大学圣井校区店,(No.6856),章丘区经十东路18602号山东财经大学圣井校区三餐厅三层,济南,07:30-21:00,08/01/21 07:10,自运营,luckin coffee,
1049,大卫城店,(No.6395),金水区大卫城6楼CGV星聚汇影城左侧M004号商铺,郑州,10:30-21:00,08/01/21 07:10,自运营,luckin coffee,
1050,郑州大上海城店,(No.2368),管城回族区东太康路28号大上海城西门旁侧电梯二层南侧C2-12号,郑州,08:30-20:30,08/01/21 07:10,自运营,luckin coffee,
1051,华润大厦店,(No.6172),郑州市二七区民主路10号华润大厦一层大堂北侧,郑州,08:00-19:00,08/01/21 07:10,自运营,luckin coffee,
1052,大观国贸店,(No.2546),管城区乔家门1号大观国贸A座B座之间通道南侧商铺A1098-1099号,郑州,08:00-19:00,08/01/21 07:10,自运营,luckin coffee,
1053,卜蜂莲花店,(No.7187),管城回族区紫荆山路58号卜蜂莲花东门底商,郑州,08:30-21:30,08/01/21 07:10,自运营,luckin coffee,
1054,紫荆山新世界店,(No.1843),管城回族区紫荆山路新世界百货一层优衣库旁商场西门北侧57-1号,郑州,09:30-20:30,08/01/21 07:10,自运营,luckin coffee,
1055,建文新世界商厦店,(No.3623),金水区黄河路96号建文新世界商厦底商,郑州,07:30-20:30,08/01/21 07:10,自运营,luckin coffee,
1056,中苑名都店,(No.3179),二七区大学北路30号中苑名都永辉超市一层 ,郑州,08:00-20:30,08/01/21 07:10,自运营,luckin coffee,
1057,亚太时代广场店,(No.1265),管城区航海东路1210号亚太时代广场A座一层大堂,郑州,08:00-18:00,08/01/21 07:10,自运营,luckin coffee,
1058,威科姆大厦店,(No.1410),中原区莲花街55号1号楼A座一层大堂,郑州,08:00-18:00,08/01/21 07:10,自运营,luckin coffee,
1059,御玺酒店店,(No.1302),管城回族区东明路南3号御玺酒店一层115室,郑州,08:00-18:00,08/01/21 07:10,自运营,luckin coffee,
1060,京莎国际广场店,(No.1326),二七区京广路8号京莎广场写字楼A座一层大堂,郑州,08:00-18:00,08/01/21 07:10,自运营,luckin coffee,
1061,未来大厦店,(No.1391),金水区未来路69号未来大厦一层大堂,郑州,08:00-18:00,08/01/21 07:10,自运营,luckin coffee,
1062,锦艺城购物中心店,(No.1395),中原区锦艺城购物中心C区四层东侧CG5-05号,郑州,09:30-21:30,08/01/21 07:10,自运营,luckin coffee,
1063,硅谷广场店,(No.1343),金水区文化路西82号硅谷未来城一层Y-115-1室,郑州,09:00-20:30,08/01/21 07:10,自运营,luckin coffee,
1064,金印现代城店,(No.1362),金水区经三路北86号金印现代城6号楼一层大堂,郑州,08:00-18:00,08/01/21 07:10,自运营,luckin coffee,
1065,郑州轻工业大学店,(No.6055),高新区科学大道136号郑州轻工业大学莘园餐厅一层,郑州,08:30-20:00,08/01/21 07:10,自运营,luckin coffee,
1066,郑州大学柳园店,(No.7043),高新区科学大道100号郑州大学柳园天猫校园一层,郑州,09:00-21:00,08/01/21 07:10,自运营,luckin coffee,
1067,郑州大学高新区松园店,(No.6863),中原区高新区科学大道100号郑州大学松园一期6号楼一层108号,郑州,07:00-21:00,08/01/21 07:10,自运营,luckin coffee,
1068,河南工业大学设计艺术学院店,(No.3007),高新区莲花街100号河南工业大学设计艺术学院18号楼一层大堂,郑州,08:30-19:00,08/01/21 07:10,自运营,luckin coffee,
1069,郑州兰德中心店,(No.A0331),金水区文化路街道花园路31号兰德中心大堂,郑州,08:00-17:30,08/01/21 07:10,代运营,luckin coffee,
1070,国贸360店,(No.4702),金水区花园路39号国贸360广场三层,郑州,10:00-21:00,08/01/21 07:10,自运营,luckin coffee,
1071,国贸招银大厦店,(No.1997),金水区花园路39号招银大厦一层大堂,郑州,07:30-20:00,08/01/21 07:10,自运营,luckin coffee,
1072,花园路丹尼斯店,(No.7201),金水区花园路1号丹尼斯百货商场花园店负一层区,郑州,09:30-21:30,08/01/21 07:10,自运营,luckin coffee,
1073,经三路店,(No.2692),金水区经三路北46号华润万家底商一层KFC隔壁,郑州,07:30-20:00,08/01/21 07:10,自运营,luckin coffee,
1074,金成时代广场店,(No.3350),金水区丰产路中州大道金城时代广场9号楼一层118铺,郑州,08:00-18:00,08/01/21 07:10,自运营,luckin coffee,
1075,美景万科广场店,(No.2237),惠济区文化北路英才街22号美景万科广场一层17号 ,郑州,08:30-21:30,08/01/21 07:10,自运营,luckin coffee,
1076,惠济万达店,(No.6632),惠济区开元路69号万达广场五层中厅070号商铺,郑州,10:00-21:00,08/01/21 07:10,自运营,luckin coffee,
1077,郑州月湖店,(No.A0989),郑州月湖广场1号楼商场A入口西侧,郑州,09:00-21:00,08/01/21 07:10,代运营,luckin coffee,
1078,普罗旺世店,(No.2331),金水区国基路168号普罗旺世二期西苑罗蔓维森12号楼底商,郑州,07:30-20:00,08/01/21 07:10,自运营,luckin coffee,
1079,YOYOPARK购物公园店,(No.3482),金水区国基路87号YOYOPARK优悠购物公园负一层F10号,郑州,10:00-21:00,08/01/21 07:10,自运营,luckin coffee,
1080,瀚海海尚MALL店,(No.6850),金水区东风路32号瀚海海尚广场五层506号,郑州,10:00-21:00,08/01/21 07:10,自运营,luckin coffee,
1081,轻工业大学北门店,(No.A1047),金水区东风路街道东风路5号5-5商铺,郑州,08:30-21:00,08/01/21 07:10,代运营,luckin coffee,
1082,郑州信息大厦店,(No.4905),金水区花园路144号信息大厦一层大堂,郑州,今日休息中,08/01/21 07:10,自运营,luckin coffee,
1083,招商银行大厦店,(No.2899),金水区经三路68号招商银行大厦一层大堂,郑州,08:00-18:00,08/01/21 07:10,自运营,luckin coffee,
1084,正弘城店,(No.2242),金水区花园路126号正弘城5号门一层L161号,郑州,07:30-22:00,08/01/21 07:10,自运营,luckin coffee,
1085,正弘中心店,(No.3754),金水区花园路126号正弘中心一层大堂,郑州,08:00-20:30,08/01/21 07:10,自运营,luckin coffee,
1086,熙地港王府井店,(No.7147),郑东新区农业东路15号cityon熙地港王府井一层,郑州,10:00-21:00,08/01/21 07:10,自运营,luckin coffee,
1087,陇海东路店,(No.1629),管城回族区陇海东路大润发超市东侧美食街丽健游泳健身一层大厅,郑州,09:00-18:00,08/01/21 07:10,自运营,luckin coffee,
1088,银基王朝店,(No.4251),金水区福元路157号21-24号裙楼房底商 ,郑州,08:00-21:00,08/01/21 07:10,自运营,luckin coffee,
1089,楷林国际店,(No.2267),金水区金水路226号楷林国际大厦一层大堂 ,郑州,08:00-18:00,08/01/21 07:10,自运营,luckin coffee,
1090,郑州华强广场店,(No.6508),高新区电厂路70号华强城市广场店一层GDNL108号商铺,郑州,10:00-20:30,08/01/21 07:10,自运营,luckin coffee,
1091,建业总部港店,(No.3070),郑东新区地润路18号建业总部港C栋一层大堂,郑州,08:00-18:00,08/01/21 07:10,自运营,luckin coffee,
1092,局外太格茂店,(No.6489),郑东新区平安大道博学路局外太格贸购物中心4层15-01商铺,郑州,10:00-21:00,08/01/21 07:10,自运营,luckin coffee,
1093,郑州航院店,(No.6064),郑东新区展翼南路郑州航院西苑餐厅二层,郑州,09:00-20:00,08/01/21 07:10,自运营,luckin coffee,
1094,永和龙子湖中央广场店,(No.2374),郑东新区平安大道博学路永和龙子湖中央广场A座主入口大堂右转后左前方20米,郑州,08:00-18:30,08/01/21 07:10,自运营,luckin coffee,
1095,信息产业大厦店,(No.3097),郑东新区平安大道201号信息产业大厦一层大堂 ,郑州,今日休息中,08/01/21 07:10,自运营,luckin coffee,
1096,新田360广场店,(No.4527),金水区金水东路北80号新田360广场4层AC36号,郑州,10:00-21:00,08/01/21 07:10,自运营,luckin coffee,
1097,郑州绿地新都会店,(No.2470),郑东新区金水东路80号绿地新都会9号楼一层大堂,郑州,08:00-18:00,08/01/21 07:10,自运营,luckin coffee,
1098,绿地之窗云峰店,(No.2243),郑东新区普惠路80号绿地之窗云峰座A座一层大堂,郑州,08:00-18:00,08/01/21 07:10,自运营,luckin coffee,
1099,华北水利水电大学龙子湖店,(No.6724),郑东新区金水东路136号华北水利水电大学大学生生活广场24号,郑州,09:00-21:00,08/01/21 07:10,自运营,luckin coffee,
1100,永和国际广场店,(No.1861),郑东新区金水东路21号永和国际广场一层1F大堂,郑州,08:00-18:00,08/01/21 07:10,自运营,luckin coffee,
1101,绿地中心北塔店,(No.4919),郑东新区东风南路绿地中心北塔一层大堂,郑州,08:00-18:00,08/01/21 07:10,自运营,luckin coffee,
1102,郑州高铁东站店,(No.2910),郑东新区高铁东站三层候车厅夹层31A检票口上方,郑州,08:00-18:30,08/01/21 07:10,自运营,luckin coffee,
1103,河南财经政法大学郑东校区店,(No.6903),郑东新区博学路河南财经政法大学郑东校区托斯卡纳北侧一层,郑州,09:00-20:00,08/01/21 07:10,自运营,luckin coffee,
1104,锦艺城王府井店,(No.2064),中原区锦艺城购物中心A区王府井城市奥莱2楼东南角,郑州,10:00-20:30,08/01/21 07:10,自运营,luckin coffee,
1105,升龙广场店,(No.6746),郑东新区东风南路商鼎路升龙广场3号楼下沉广场负一层39号商铺,郑州,08:00-18:00,08/01/21 07:10,自运营,luckin coffee,
1106,大河锦悦酒店店,(No.1624),郑东新区CBD商务外环路2号楼大河锦悦酒店一层大堂,郑州,08:00-18:00,08/01/21 07:10,自运营,luckin coffee,
1107,丹尼斯三天地店,(No.1637),郑东新区商务西三街4-2号丹尼斯三天地底商,郑州,09:00-20:00,08/01/21 07:10,自运营,luckin coffee,
1108,王鼎国际店,(No.6171),郑东新区商务外环路25号王鼎大厦一层大堂,郑州,今日休息中,08/01/21 07:10,自运营,luckin coffee,
1109,中原科技学院店,(No.7171),中牟县郑开大道50号中原科技学院食堂一层,郑州,09:00-20:00,08/01/21 07:10,自运营,luckin coffee,
1110,中牟郑州工商学院店,(No.A1120),中牟区文明路岗赵集贸市场28号,郑州,11:00-20:30,08/01/21 07:10,代运营,luckin coffee,
1111,中原国家广告产业园店,(No.3608),高新区科学大道53号中原国家广告产业园4号楼大堂,郑州,08:00-18:00,08/01/21 07:10,自运营,luckin coffee,
1112,中原万达店,(No.3221),中原区华山路116号中原万达2号门旁侧金街入口处西侧一层底商,郑州,08:30-22:00,08/01/21 07:10,自运营,luckin coffee,
1113,金河里店,(No.2501),二七区嵩山南路190号金河里商场一楼观光直梯南侧1001号,郑州,09:00-20:30,08/01/21 07:10,自运营,luckin coffee,
1114,裕达国贸店,(No.2065),中原区中原西路220号裕达国贸酒店一楼西门南侧104号,郑州,07:30-18:30,08/01/21 07:10,自运营,luckin coffee,
1115,二七万达店,(No.6704),二七区大学南路8号二七万达1号门中厅2层苏宁百货001商铺,郑州,10:00-21:30,08/01/21 07:10,自运营,luckin coffee,
1116,鑫苑鑫都汇店,(No.2954),二七区陇海中路100号鑫苑鑫都汇临街商铺1号楼大门西侧F1-03,郑州,08:00-20:00,08/01/21 07:10,自运营,luckin coffee,
1117,橄榄城都市广场店,(No.2282),二七区贺江路78号橄榄城都市广场写字楼B座写字楼东门一层大厅,郑州,08:00-18:30,08/01/21 07:10,自运营,luckin coffee,
1118,绿地滨湖国际店,(No.6878),二七区大学南路绿地滨湖国际城一区2号楼一层大堂,郑州,今日休息中,08/01/21 07:10,自运营,luckin coffee,
1119,中原工学院南龙湖店,(No.6908),新郑市龙湖镇淮河路1号中原工学院图书馆二层新华书店尚书房,郑州,09:00-20:00,08/01/21 07:10,自运营,luckin coffee,
1120,升达经贸管理学院店,(No.6036),新郑市龙湖镇文昌路1号升达经贸管理学院西门南侧文萃苑餐厅二楼,郑州,09:30-20:30,08/01/21 07:10,自运营,luckin coffee,
1121,万佳商业广场店,(No.4655),新郑市龙湖镇双湖大道万佳商业广场1层1号门东侧,郑州,10:00-20:00,08/01/21 07:10,自运营,luckin coffee,
1122,郑州工业应用技术学院店,(No.6697),新郑市学院路16号工业应用技术学院东校区E-online商业体一层L115号,郑州,08:00-20:30,08/01/21 07:10,自运营,luckin coffee,
1123,西亚斯国际学院店,(No.3553),新郑市人民路168号郑州西亚斯国际学院图书馆三层,郑州,08:30-20:00,08/01/21 07:10,自运营,luckin coffee,
1124,新郑市人民医院店,(No.6566),新郑市解放路学院路新郑市人民医院门诊楼二楼连廊西侧,郑州,08:00-19:00,08/01/21 07:10,自运营,luckin coffee,
1125,汇美茂店,(No.7291),敬请期待!,郑州,07:00-22:00,08/01/21 07:10,自运营,luckin coffee,
1126,郑州正商经开广场店,(No.6063),经济技术开发区航海东路第九大街1409号正商经开广场1号楼一层,郑州,今日休息中,08/01/21 07:10,自运营,luckin coffee,
1127,万锦城店,(No.4950),经济技术开发区万锦城购物广场3栋一层F1035号,郑州,09:00-21:00,08/01/21 07:10,自运营,luckin coffee,
1128,佳田商务中心店,(No.1685),郑东新区商都路67号佳田国际广场一层大堂,郑州,08:00-18:00,08/01/21 07:10,自运营,luckin coffee,
1129,富田东方广场店,(No.6839),管城回族区航海路2号富田东方广场西侧底商,郑州,07:00-22:00,08/01/21 07:10,自运营,luckin coffee,
1130,海汇新发展大厦店,(No.2699),郑东新区东风南路海马海汇中心6号楼新发展大厦一层大堂,郑州,08:30-18:00,08/01/21 07:10,自运营,luckin coffee,
1131,汇艺银河里浦发银行店,(No.6849),郑东新区商鼎路77号汇艺银河里浦发银行一层101-102号,郑州,09:00-21:00,08/01/21 07:10,自运营,luckin coffee,
1132,河南大学金明店,(No.A1238),河南大学金明校区创业中心亚星超市一层（靠近东门）,郑州,09:00-20:00,08/01/21 07:10,代运营,luckin coffee,
1133,开封大商新玛特店,(No.A1260),龙亭区西门大街388号大商新玛特开封总店一层,郑州,10:00-20:30,08/01/21 07:10,代运营,luckin coffee,
1134,河南大学明伦店,(No.A1301),河南大学明伦校区河大教育购物中心内（靠近西门）,郑州,今日休息中,08/01/21 07:10,代运营,luckin coffee,
1135,天一广场A座店,(No.A0899),桥东区新华北路235号天一广场A座一层南门,邢台,09:30-23:00,08/01/21 07:10,代运营,luckin coffee,
1136,邢台世贸天街店,(No.A0457),桥东区中兴大街18号世贸天街B座底商,邢台,08:30-22:30,08/01/21 07:10,代运营,luckin coffee,
1137,邢台万达店,(No.A0571),桥东区开元路256-1号万达广场二层2029A,邢台,10:00-22:00,08/01/21 07:10,代运营,luckin coffee,
1138,邢台北国商城店,(No.A0070),桥西区中兴西大街188号北国商城一层,邢台,09:30-23:00,08/01/21 07:10,代运营,luckin coffee,
1139,汉中盛世国际店,(No.A1159),汉台区东一环路盛世国际临街商铺一层,汉中,09:30-21:00,08/01/21 07:10,代运营,luckin coffee,
1140,汉中吾悦店,(No.A1295),汉台区新城吾悦广场二号门外金街底商,汉中,10:00-21:00,08/01/21 07:10,代运营,luckin coffee,
1141,太仓华旭大厦店,(No.4576),太仓市人民南路95号华旭大厦一层,太仓(苏州),08:00-20:00,08/01/21 07:10,自运营,luckin coffee,
1142,太仓国贸大厦店,(No.A0115),太仓市娄东街道上海东路168号1幢107室,太仓(苏州),08:00-18:00,08/01/21 07:10,代运营,luckin coffee,
1143,苏州健雄职业技术学院店,(No.6048),太仓市建雄路1号苏州健雄职业技术学院服务中心负一层,太仓(苏州),今日休息中,08/01/21 07:10,自运营,luckin coffee,
1144,太仓港港城广场店,(No.A0420),太仓市太仓港经济技术开发区北环路16号港城广场3幢一层大堂,太仓(苏州),10:00-17:00,08/01/21 07:10,代运营,luckin coffee,
1145,太仓南洋影城店,(No.A1179),城厢镇人民南路96号C-1-2室,太仓(苏州),07:30-22:30,08/01/21 07:10,代运营,luckin coffee,
1146,衡水学院政通街店,(No.A1343),桃城区政通街269号康弘名邸一期102号商铺,衡水,10:00-21:00,08/01/21 07:10,代运营,luckin coffee,
1147,德州学院店,(No.A1457),德城区大学西路与育英大街交叉口德州学院步行街南首路东,衡水,09:30-21:30,08/01/21 07:10,代运营,luckin coffee,
1148,德州万达店,(No.A1625),德城区新华街道湖滨南路669号万达广场三楼东侧,衡水,10:30-21:00,08/01/21 07:10,代运营,luckin coffee,
1149,澳德乐时代广场店,(No.A0094),德城区长河街道东风路澳德乐B1楼,衡水,10:00-20:30,08/01/21 07:10,代运营,luckin coffee,
1150,广元图腾广场店,(No.A1293),利州区北街图腾广场B1层A17号,广元,09:30-21:00,08/01/21 07:10,代运营,luckin coffee,
1151,广元万达广场店,(No.A0762),利州区万缘新区滨河路南侧万达广场金街西-1-31号,广元,09:30-21:30,08/01/21 07:10,代运营,luckin coffee,
1152,阆中古城1966广场店,(No.A1222),阆中市西街西城1966广场B栋B59铺,广元,10:00-21:30,08/01/21 07:10,代运营,luckin coffee,
1153,濮阳铜锣湾广场店,(No.A0996),华龙区人民路铜锣湾广场南门东侧,濮阳,08:30-22:00,08/01/21 07:10,代运营,luckin coffee,
1154,濮阳万嘉360广场店,(No.A0283),华龙区黄河路长庆路交叉口东北角万嘉360购物广场1层1-32号,濮阳,10:00-21:30,08/01/21 07:10,代运营,luckin coffee,
1155,濮阳万达金街店,(No.A0921),开州北路万达广场东南角肯德基南10米,濮阳,09:00-22:00,08/01/21 07:10,代运营,luckin coffee,
1156,肇庆合百利广场店,(No.A1132),端州区天宁北路好世界购物中心首层019号商铺,肇庆,09:00-22:30,08/01/21 07:10,代运营,luckin coffee,
1157,肇庆星湖国际广场店,(No.A0249),端州区城东街道端州四路10号星湖国际广场二期二楼天桥,肇庆,10:00-22:30,08/01/21 07:10,代运营,luckin coffee,
1158,广东工商职业技术大学店,(No.A1336),端州区黄岗街道广东工商职业技术大学星湖校区第二食堂内一楼档口商铺,肇庆,今日休息中,08/01/21 07:10,代运营,luckin coffee,
1159,广东理工学院店,(No.A0195),广东理工学院高要校区41幢1层110卡商铺,肇庆,今日休息中,08/01/21 07:10,代运营,luckin coffee,
1160,肇庆学院店,(No.A1266),端州区肇庆学院第二食堂二层一铺面,肇庆,08:00-21:00,08/01/21 07:10,代运营,luckin coffee,
1161,广东理工学院鼎湖校区店,(No.A1868),鼎湖区坑口街道广东理工学院(鼎湖校区)9幢1层,肇庆,今日休息中,08/01/21 07:10,代运营,luckin coffee,
1162,肇庆敏捷城店,(No.A2003),敬请期待!,肇庆,08:00-18:00,08/01/21 07:10,代运营,luckin coffee,
1163,怀集商业步行街店,(No.A1955),敬请期待!,肇庆,08:00-18:00,08/01/21 07:10,代运营,luckin coffee,
1164,四会嘉宏国际中心店,(No.A0473),东城街道四会大道南21号嘉宏大厦2栋首层113、114,肇庆,10:00-23:00,08/01/21 07:10,代运营,luckin coffee,
1165,玉器博览城店,(No.A1452),东城街道玉器博览城负一层T区1001号商位,肇庆,08:00-23:00,08/01/21 07:10,代运营,luckin coffee,
1166,广宁弘宇万汇城店,(No.A1879),广宁县南街街道中华中路32号弘宇万汇城A区A1F05号商铺,肇庆,09:00-22:00,08/01/21 07:10,代运营,luckin coffee,
1167,大旺国际广场店,(No.A1914),大旺高新区工业大街10号大旺国际广场步行街一层1-150号,肇庆,11:00-22:30,08/01/21 07:10,代运营,luckin coffee,
1168,工商学院第二食堂店,(No.3683),三水区三花公路23号广州工商学院三水校区第二食堂一层大堂,肇庆,09:00-20:00,08/01/21 07:10,自运营,luckin coffee,
1169,四会玉博城店,(No.A1243),敬请期待!,肇庆,08:00-18:00,08/01/21 07:10,代运营,luckin coffee,
1170,四会吾悦广场店,(No.A2059),敬请期待!,肇庆,08:00-18:00,08/01/21 07:10,代运营,luckin coffee,
1171,华商四会校区店,(No.A2054),敬请期待!,肇庆,08:00-18:00,08/01/21 07:10,代运营,luckin coffee,
1172,清远万达广场店,(No.A1534),敬请期待!,肇庆,08:00-18:00,08/01/21 07:10,代运营,luckin coffee,
1173,佛山三水广场东门店,(No.A1004),西南街道三水广场东广场1387号,肇庆,08:00-22:30,08/01/21 07:10,代运营,luckin coffee,
1174,佛山三水冠军城店,(No.A0932),三水区西南街道健力宝南路44号20栋一层128号商铺,肇庆,10:00-21:30,08/01/21 07:10,代运营,luckin coffee,
1175,三水万达广场店,(No.6453),三水区西南街道南丰大道9号万达广场金街二座1064号铺,肇庆,10:00-22:00,08/01/21 07:10,自运营,luckin coffee,
1176,西樵创新大厦店,(No.6246),南海区轻纺大道西樵轻纺城内西樵创新大厦大堂,肇庆,08:00-19:30,08/01/21 07:10,自运营,luckin coffee,
1177,佛山新城广场店,(No.A1996),南海区西樵镇樵高路与樵金路交叉口新城广场美食街F1-20号铺,肇庆,08:00-22:30,08/01/21 07:10,代运营,luckin coffee,
1178,济宁万达金街店,(No.A1387),任城区太白东路55号万达广场12幢一层,济宁,09:00-22:00,08/01/21 07:10,代运营,luckin coffee,
1179,济宁金宇贵和广场店,(No.A1475),金宇路贵和购物广场负一层b1k1铺位,济宁,08:30-22:30,08/01/21 07:10,代运营,luckin coffee,
1180,济宁建设路万达店,(No.A2045),敬请期待!,济宁,08:00-18:00,08/01/21 07:10,代运营,luckin coffee,
1181,济宁太白商业广场店,(No.A1891),敬请期待!,济宁,09:30-21:30,08/01/21 07:10,代运营,luckin coffee,
1182,曲阜三孔鼓楼街店,(No.A1919),曲阜市鼓楼南街12号,济宁,08:30-22:00,08/01/21 07:10,代运营,luckin coffee,
1183,兖州贵和广场店,(No.A1937),兖州区建设路与龙桥北路交叉口贵和购物广场1层沿街,济宁,08:00-23:00,08/01/21 07:10,代运营,luckin coffee,
1184,城中城步行街店,(No.A2055),敬请期待!,济宁,08:00-18:00,08/01/21 07:10,代运营,luckin coffee,
1185,枣庄四里石店,(No.A1347),薛城区世浩拉面东临喜来登大酒店路南,济宁,09:00-22:00,08/01/21 07:10,代运营,luckin coffee,
1186,沛县城投国际广场店,(No.A0682),沛县城投国际广场店4层电影院,济宁,09:00-21:30,08/01/21 07:10,代运营,luckin coffee,
1187,抚顺万达广场店,(No.A0786),新抚区浑河南路中段56号抚顺万达广场室负一层超B1028B号,抚顺,09:30-21:00,08/01/21 07:10,代运营,luckin coffee,
1188,辽宁石油化工大学店,(No.A1253),望花区建设街道辽宁石油化工大学海天考研,抚顺,今日休息中,08/01/21 07:10,代运营,luckin coffee,
1189,沈阳工学院店,(No.A1269),望花区李石街道滨河路1号沈阳工学院中苑二食堂二层,抚顺,今日休息中,08/01/21 07:10,代运营,luckin coffee,
1190,中国医科大沈北校区店,(No.A1225),沈北新区蒲河路77号中国医科大学商业街113号,抚顺,08:00-17:00,08/01/21 07:10,代运营,luckin coffee,
1191,沈阳师范大学校园店,(No.A1110),沈北新区黄河北大街253号沈阳师范大学第三生活区7号档口,抚顺,今日休息中,08/01/21 07:10,代运营,luckin coffee,
1192,沈阳工程学院店,(No.4421),沈北新区蒲昌路18号沈阳工程学院图书馆北门,抚顺,09:00-19:00,08/01/21 07:10,自运营,luckin coffee,
1193,沈阳师范大学北区店,(No.6556),北新区道义街道黄河北大街253-54甲沈阳师范大学北区宿舍生活超市一层,抚顺,08:00-20:00,08/01/21 07:10,自运营,luckin coffee,
1194,沈阳航院南区店,(No.A0383),航空航天大学南区浴池楼下一门,抚顺,10:00-18:00,08/01/21 07:10,代运营,luckin coffee,
1195,沈阳建筑大学店,(No.A0356),浑南区五三街道浑南东路9号 沈阳建筑大学校内建大超市内7号商铺,抚顺,09:00-17:00,08/01/21 07:10,代运营,luckin coffee,
1196,大东长峰中心店,(No.3226),大东区滂江街22号长峰中心一层大堂,抚顺,08:00-18:00,08/01/21 07:10,自运营,luckin coffee,
1197,龙之梦大厦店,(No.4488),大东区滂江街18号龙之梦大厦一层大堂,抚顺,08:00-18:00,08/01/21 07:10,自运营,luckin coffee,
1198,沈阳新生活广场店,(No.6267),"沈河区长青街121号A栋三层SS-328,SS-325号商铺",抚顺,09:30-20:00,08/01/21 07:10,自运营,luckin coffee,
1199,沈阳理工大学店,(No.4508),浑南区南屏中路6号101单元沈阳理工大学兵工书店一层,抚顺,09:00-20:30,08/01/21 07:10,自运营,luckin coffee,
1200,华联商厦时代广场店,(No.A1185),四川省乐山市市中区凤凰路南段211号,乐山,10:00-21:00,08/01/21 07:10,代运营,luckin coffee,
1201,乐山通江店,(No.A1442),市中区通江街道平江东路274号,乐山,10:00-22:00,08/01/21 07:10,代运营,luckin coffee,
1202,乐山重百店,(No.A0755),市中区上土桥街58号,乐山,10:00-21:00,08/01/21 07:10,代运营,luckin coffee,
1203,成都理工学院乐山店,(No.A1470),成都理工大学工程职业技术学院校园生活广场小食汇1层,乐山,09:00-17:00,08/01/21 07:10,代运营,luckin coffee,
1204,世豪广场金街店,(No.A1156),乐山市市中区凤洲路1757号1楼59号,乐山,10:00-21:00,08/01/21 07:10,代运营,luckin coffee,
1205,乐山万达广场金街店,(No.A0060),市中区乐青路822号1楼45号,乐山,10:00-21:00,08/01/21 07:10,代运营,luckin coffee,
1206,乐山师范学院南校区店,(No.A1833),敬请期待!,乐山,08:00-18:00,08/01/21 07:10,代运营,luckin coffee,
1207,成理工程技术学院店,(No.A1391),敬请期待!,乐山,08:00-18:00,08/01/21 07:10,代运营,luckin coffee,
1208,峨眉文庙步行街店,(No.A1435),峨眉山绥山镇胜利街道文庙街87号,乐山,10:00-21:00,08/01/21 07:10,代运营,luckin coffee,
1209,万年华地财富广场店,(No.A1370),敬请期待!,乐山,08:00-18:00,08/01/21 07:10,代运营,luckin coffee,
1210,抚州华宏万象新城店,(No.A1422),临川区青云街道华宏万象新城3栋116号商铺,抚州,09:30-22:30,08/01/21 07:10,代运营,luckin coffee,
1211,抚州万达广场店,(No.A1918),临川区迎宾大道688号万达商业广场室内步行街1F层1003A,抚州,09:30-22:00,08/01/21 07:10,代运营,luckin coffee,
1212,硕果时代永辉超市中心店,(No.A1498),临川区金巢大道777号硕果时代负一层,抚州,08:00-22:00,08/01/21 07:10,代运营,luckin coffee,
1213,中阳广场店,(No.A1483),赣东大道2088中阳广场商铺1层15号,抚州,08:00-20:30,08/01/21 07:10,代运营,luckin coffee,
1214,鹰潭凯翔购物广场店,(No.A0986),月湖区交通街道凯翔新天地一层1058号,抚州,10:00-22:00,08/01/21 07:10,代运营,luckin coffee,
1215,荆州新天地店,(No.A1864),沙市区塔桥路新天地6栋一层影城电梯入口,荆州,08:30-20:30,08/01/21 07:10,代运营,luckin coffee,
1216,荆州万达广场店,(No.A0024),荆州区北京西路万达广场外铺155号,荆州,09:00-21:30,08/01/21 07:10,代运营,luckin coffee,
1217,荆州人信汇店,(No.A0037),沙市区北京中路人信汇商场四层,荆州,09:00-21:30,08/01/21 07:10,代运营,luckin coffee,
1218,荆州长江大学店,(No.A1195),长江大学东校区万品汇一层,荆州,今日休息中,08/01/21 07:10,代运营,luckin coffee,
1219,荆州吾悦广场店,(No.A1247),沙市区吾悦广场2号门左侧,荆州,09:30-22:00,08/01/21 07:10,代运营,luckin coffee,
1220,荆州北京中路店,(No.A1902),沙市区北京中路红门路车站进站口,荆州,08:00-22:00,08/01/21 07:10,代运营,luckin coffee,
1221,天一广场碶闸街店,(No.7139),海曙区药行街酷购商城A馆一层152号,宁波,08:00-21:00,08/01/21 07:10,自运营,luckin coffee,
1222,宁波恒一城市广场店,(No.A1150),海曙区碶闸街9号恒一城市广场三层03-23室,宁波,10:00-21:30,08/01/21 07:10,代运营,luckin coffee,
1223,天一广场店,(No.2456),海曙区华楼巷28号天一广场服装区一层105室 ,宁波,08:00-22:00,08/01/21 07:10,自运营,luckin coffee,
1224,月湖新荟天地店,(No.3176),海曙区广济街69号,宁波,08:00-19:30,08/01/21 07:10,自运营,luckin coffee,
1225,银亿时代广场店,(No.2529),海曙区仓桥街35弄29号银亿时代广场底商,宁波,08:00-18:00,08/01/21 07:10,自运营,luckin coffee,
1226,宁波汇金大厦店,(No.7028),海曙区中山东路137号汇金大厦底商,宁波,08:30-21:00,08/01/21 07:10,自运营,luckin coffee,
1227,鼓楼步行街店,(No.7184),海曙区鼓楼街道公园路16号一层,宁波,08:00-21:00,08/01/21 07:10,自运营,luckin coffee,
1228,恒泰大厦店,(No.6118),海曙区车轿街69号恒泰大厦一层大堂,宁波,08:00-18:00,08/01/21 07:10,自运营,luckin coffee,
1229,宁波北仑银泰城店,(No.A0954),北仑区中河路399号（北仑银泰城四层4019-1号）,宁波,09:30-21:00,08/01/21 07:10,代运营,luckin coffee,
1230,北仑区行政服务中心店,(No.4563),北仑区四明山路773号行政服务中心一层大堂,宁波,今日休息中,08/01/21 07:10,自运营,luckin coffee,
1231,太平洋国际大厦店,(No.A1086),宁波北仑明州路500号,宁波,08:00-21:00,08/01/21 07:10,代运营,luckin coffee,
1232,富邦世纪商业广场D区店,(No.6898),北仑区黄山路857号富邦世纪商业广场D区7幢三层3058室,宁波,09:30-21:30,08/01/21 07:10,自运营,luckin coffee,
1233,开发区数字科技园店,(No.3412),北仑区大碶街道新大路1069号开发区数字科技园C座101号,宁波,今日休息中,08/01/21 07:10,自运营,luckin coffee,
1234,博地影秀城店,(No.4228),北仑区宝山路博地影秀城商业广场室内步行街C馆三层02号商铺,宁波,09:30-21:00,08/01/21 07:10,自运营,luckin coffee,
1235,凤凰国际商务广场店,(No.4447),北仑区新碶街道宝山路凤凰国际商务广场2幢一层75号,宁波,08:00-18:00,08/01/21 07:10,自运营,luckin coffee,
1236,镇海招宝广场店,(No.A0664),镇海区招宝山街道西街54号,宁波,09:00-21:30,08/01/21 07:10,代运营,luckin coffee,
1237,汇银国际店,(No.1254),鄞州区宝华街77号汇银大厦一层大堂 ,宁波,今日休息中,08/01/21 07:10,自运营,luckin coffee,
1238,和丰创意广场店,(No.1328),鄞州区江东北路395号066幢宁波和丰创意广场22号一层1-1室,宁波,08:00-20:00,08/01/21 07:10,自运营,luckin coffee,
1239,总部壹号店,(No.1448),鄞州区日丽中路555号总部壹号大厦一层101室,宁波,08:00-18:00,08/01/21 07:10,自运营,luckin coffee,
1240,恒一大厦店,(No.1385),江北区北环西路1116号恒一大厦一层,宁波,08:00-18:00,08/01/21 07:10,自运营,luckin coffee,
1241,创意设计大厦店,(No.1298),鄞州区首南街道泰安中路512号创意设计大厦一层大堂,宁波,今日休息中,08/01/21 07:10,自运营,luckin coffee,
1242,金融硅谷店,(No.1384),鄞州区宁穿路1733号金融硅谷7号楼一层底商,宁波,08:00-20:00,08/01/21 07:10,自运营,luckin coffee,
1243,鄞州商会大厦店,(No.1386),鄞州区首南街道鄞县大道东段1299号鄞州商会大厦一层大堂,宁波,今日休息中,08/01/21 07:10,自运营,luckin coffee,
1244,鄞州金融大厦店,(No.1752),鄞州区首南西路88号鄞州金融大厦B幢一层,宁波,08:00-18:00,08/01/21 07:10,自运营,luckin coffee,
1245,三方大厦店,(No.1983),鄞州区汇海路52号三方大厦B座一层大堂,宁波,08:00-18:00,08/01/21 07:10,自运营,luckin coffee,
1246,浙江海洋大学新城校区店,(No.A2083),敬请期待!,宁波,08:00-18:00,08/01/21 07:10,代运营,luckin coffee,
1247,舟山定海凯虹广场店,(No.A1119),定海区东瀛路199号凯虹广场L1-146,宁波,09:30-21:00,08/01/21 07:10,代运营,luckin coffee,
1248,宁波大学东校区店,(No.2943),江北区风华路818号宁波大学宾馆一层,宁波,08:00-20:30,08/01/21 07:10,自运营,luckin coffee,
1249,宁波大学锦绣中心店,(No.4208),江北区风华路818宁波大学本部校区锦绣活动中心一层师生服务大厅,宁波,07:30-18:00,08/01/21 07:10,自运营,luckin coffee,
1250,宁大学生一村店,(No.6627),镇海区庄市街道毓秀路宁大学生村食堂三层,宁波,今日休息中,08/01/21 07:10,自运营,luckin coffee,
1251,宁波大学北校区店,(No.2968),镇海区庄市街道天圣路488-287号求是超市一层,宁波,09:00-19:30,08/01/21 07:10,自运营,luckin coffee,
1252,天安路壹街区店,(No.A0522),象山县丹城天安路204号,宁波,08:30-21:00,08/01/21 07:10,代运营,luckin coffee,
1253,宁波象山涌金广场店,(No.A0481),象山县丹东街道新华路308,宁波,08:30-21:30,08/01/21 07:10,代运营,luckin coffee,
1254,象山石浦店,(No.A0606),宁波市象山县石浦镇金山路221号,宁波,08:30-21:30,08/01/21 07:10,代运营,luckin coffee,
1255,镇海开元广场店,(No.7040),镇海区庄市街道同心路888号镇海开元广场一层1024室,宁波,09:00-22:00,08/01/21 07:10,自运营,luckin coffee,
1256,宁波研发园店,(No.1981),鄞州区聚贤路587弄15号研发园A区3幢一层大堂,宁波,今日休息中,08/01/21 07:10,自运营,luckin coffee,
1257,深蓝广场凤竹里店,(No.A0997),高新区风竹路96号深蓝广场凤竹里1-19,宁波,08:00-20:30,08/01/21 07:10,代运营,luckin coffee,
1258,掌起七彩商业广场店,(No.A1835),掌起镇掌起大街8号七彩商业广场1幢05号铺,宁波,09:00-20:30,08/01/21 07:10,代运营,luckin coffee,
1259,恒凯大厦店,(No.3021),江北区长兴路715号恒凯大厦底商,宁波,08:00-18:00,08/01/21 07:10,自运营,luckin coffee,
1260,亿天中心店,(No.6766),江北区同济路121号亿天大厦一层大堂,宁波,今日休息中,08/01/21 07:10,自运营,luckin coffee,
1261,金宁大厦店,(No.2898),镇海区骆驼街道镇海大道中段417号金宁大厦一层大堂,宁波,08:00-18:30,08/01/21 07:10,自运营,luckin coffee,
1262,天鸿大厦店,(No.3010),镇海区骆驼街道六合街80号天鸿大厦一层大堂,宁波,今日休息中,08/01/21 07:10,自运营,luckin coffee,
1263,宁波第九医院店,(No.3054),江北区榭嘉路619弄68号宁波市第九医院2号楼负一层,宁波,今日休息中,08/01/21 07:10,自运营,luckin coffee,
1264,江北万达广场店,(No.3557),江北区江北大道188号万达广场二层2-03-02号,宁波,10:00-21:00,08/01/21 07:10,自运营,luckin coffee,
1265,宁波工程学院店,(No.4452),江北区风华路201号工程学院食堂一层,宁波,09:00-19:30,08/01/21 07:10,自运营,luckin coffee,
1266,天水广场店,(No.4406),江北区康庄南路72号天水广场一层101A铺,宁波,08:00-20:30,08/01/21 07:10,自运营,luckin coffee,
1267,宁波绿地中心店,(No.A1175),江北区大庆南路102号绿地中心写字楼1号楼大堂,宁波,08:00-19:00,08/01/21 07:10,代运营,luckin coffee,
1268,北岸星街坊音乐广场店,(No.2882),江北区新马路288弄北岸财富中心32号底商,宁波,08:00-18:00,08/01/21 07:10,自运营,luckin coffee,
1269,银亿外滩大厦店,(No.2395),江北区人民路132号银亿·外滩大厦一层,宁波,08:00-18:00,08/01/21 07:10,自运营,luckin coffee,
1270,世茂日湖中心店,(No.2666),江北区环城北路西段207弄19号世贸日湖中心一层大堂,宁波,08:00-18:00,08/01/21 07:10,自运营,luckin coffee,
1271,宁波万象城店,(No.7101),江北区清河路265号万象城二层S217,宁波,10:00-21:30,08/01/21 07:10,自运营,luckin coffee,
1272,1844广场店,(No.4725),海曙区和义路102弄1号1844和义艺术生活中心上海三联书店01-1号,宁波,10:30-18:00,08/01/21 07:10,自运营,luckin coffee,
1273,宁波集盒店,(No.2554),鄞州区徐戎路39号宁波集盒广场MR.BOX3幢底商,宁波,08:00-20:00,08/01/21 07:10,自运营,luckin coffee,
1274,九五国际商务大厦店,(No.2757),鄞州区江南路598号九五商务大厦A座一层大堂,宁波,今日休息中,08/01/21 07:10,自运营,luckin coffee,
1275,高桥商会大厦店,(No.4629),海曙区通途西路南50米高桥商会大厦一层大堂,宁波,08:00-18:00,08/01/21 07:10,自运营,luckin coffee,
1276,高鑫广场店,(No.2739),海曙区新星路111号高鑫广场二层247号,宁波,10:00-21:30,08/01/21 07:10,自运营,luckin coffee,
1277,宁波市中医院店,(No.6071),海曙区丽园北路819号宁波市中医院二期侧裙楼一层大堂,宁波,07:30-18:00,08/01/21 07:10,自运营,luckin coffee,
1278,真如国际中心店,(No.2548),海曙区环城西路北段241号真如国际中心13号底商 ,宁波,08:00-20:00,08/01/21 07:10,自运营,luckin coffee,
1279,宁波科创大厦店,(No.2541),海曙区中山西路布政巷16号科创大厦一层大堂,宁波,08:00-18:00,08/01/21 07:10,自运营,luckin coffee,
1280,奉化银泰城店,(No.4667),奉化区南山路150号银泰城广场四层25号,宁波,09:30-21:00,08/01/21 07:10,自运营,luckin coffee,
1281,奉化万达广场店,(No.3691),奉化区中山东路299号奉化万达广场四层4050号,宁波,10:00-21:30,08/01/21 07:10,自运营,luckin coffee,
1282,浙江医药高等专科学校奉化店,(No.7096),奉化区萧王庙街道四明路666号浙江医药高等专科学校12号宿舍楼一层,宁波,07:00-21:00,08/01/21 07:10,自运营,luckin coffee,
1283,环球银泰城店,(No.4569),鄞州区天童南路1088号环球银泰城广场三层345号,宁波,10:00-21:30,08/01/21 07:10,自运营,luckin coffee,
1284,宁波诺丁汉大学店,(No.4306),鄞州区首南街道泰康东路199号宁波诺丁汉大学商业街16号楼一层,宁波,08:00-18:00,08/01/21 07:10,自运营,luckin coffee,
1285,荣安大厦店,(No.2921),鄞州区天童南路700号荣安大厦一层大堂,宁波,08:00-18:00,08/01/21 07:10,自运营,luckin coffee,
1286,博纳国际大厦店,(No.1918),鄞州区泰康中路456号博纳国际大厦一层大堂,宁波,08:00-18:00,08/01/21 07:10,自运营,luckin coffee,
1287,水街店,(No.6635),鄞州区天童南路578街50号,宁波,08:00-20:00,08/01/21 07:10,自运营,luckin coffee,
1288,洛兹购物中心店,(No.3337),海曙区石碶街道食品街35号宁波洛兹购物中心一层,宁波,09:00-21:00,08/01/21 07:10,自运营,luckin coffee,
1289,宁海大厦店,(No.A0594),宁海县人民大道15号,宁波,08:00-20:00,08/01/21 07:10,代运营,luckin coffee,
1290,宁波西子国际广场店,(No.A0030),宁海县西子国际购物中心西子国际广场8幢1-3,宁波,08:30-22:00,08/01/21 07:10,代运营,luckin coffee,
1291,桃源广场店,(No.A0482),宁海县气象北路398号桃源广场1W-03-1号,宁波,08:30-21:00,08/01/21 07:10,代运营,luckin coffee,
1292,三门星悦广场店,(No.A1167),三门县西区大道103号,宁波,09:30-21:30,08/01/21 07:10,代运营,luckin coffee,
1293,余姚四明广场店,(No.A0079),余姚市兰江街道大黄桥路159-8号,宁波,08:30-21:00,08/01/21 07:10,代运营,luckin coffee,
1294,余姚阳明西路店,(No.A0698),余姚市阳明西路247-1号,宁波,09:00-20:30,08/01/21 07:10,代运营,luckin coffee,
1295,中国移动余姚店,(No.6154),南雷南路378号移动营业厅一层大堂,宁波,08:30-16:00,08/01/21 07:10,自运营,luckin coffee,
1296,余姚万达广场店,(No.A0170),余姚市开丰路296号,宁波,09:00-22:00,08/01/21 07:10,代运营,luckin coffee,
1297,余姚人民医院店,(No.A0228),第一人民医院门诊楼3层,宁波,08:00-16:30,08/01/21 07:10,代运营,luckin coffee,
1298,余姚银泰店,(No.4820),余姚市新建北路217号余姚银泰城三层3037号,宁波,10:00-21:30,08/01/21 07:10,自运营,luckin coffee,
1299,余姚五彩城外街店,(No.A1097),城东路888号华润五彩城商业街557-28,宁波,08:30-21:30,08/01/21 07:10,代运营,luckin coffee,
1300,慈溪吾悦广场店,(No.A0097),浒山街道翔龙路914弄38号慈溪吾悦广场金街一楼32#1-39铺,宁波,08:00-21:00,08/01/21 07:10,代运营,luckin coffee,
1301,慈溪新城大道店,(No.A1285),慈溪浒山街道新城大道263号,宁波,08:30-20:30,08/01/21 07:10,代运营,luckin coffee,
1302,慈溪银泰城店,(No.4377),慈溪市浒山街道南城路152号,宁波,08:30-21:30,08/01/21 07:10,自运营,luckin coffee,
1303,慈溪观海卫路店,(No.A0543),慈溪观海卫观海卫路288号,宁波,09:00-21:00,08/01/21 07:10,代运营,luckin coffee,
1304,爱琴海购物公园店,(No.B0113),慈溪市北三环东路1888号爱琴海购物公园二层F2020号,宁波,10:00-21:00,08/01/21 07:10,自运营,小鹿茶,
1305,上百万和城购物中心店,(No.A0078),上虞区百官街道市民大道688号上百万和城负一层,宁波,09:00-20:30,08/01/21 07:10,代运营,luckin coffee,
1306,上虞万达店,(No.A1951),浙江省绍兴市上虞区高铁新城万达商业广场A区118号商铺,宁波,09:30-21:30,08/01/21 07:10,代运营,luckin coffee,
1307,浪木大厦店,(No.4355),慈溪市古塘街道人和路515号浪木大厦一层大堂,宁波,08:00-18:00,08/01/21 07:10,自运营,luckin coffee,
1308,宁波财经学院杭州湾店,(No.6670),慈溪市博华路77号宁波财经学院学生公寓6号楼一层5号,宁波,08:00-21:00,08/01/21 07:10,自运营,luckin coffee,
1309,宁波财经学院店,(No.4395),海曙区学院路899号宁波财经学院学生公寓北6号楼商业街二楼B2-4号商铺,宁波,08:00-19:00,08/01/21 07:10,自运营,luckin coffee,
1310,杭州湾金融广场店,(No.4227),慈溪市杭州湾新区滨海二路903弄8号杭州湾金融广场一层101室,宁波,08:00-18:00,08/01/21 07:10,自运营,luckin coffee,
1311,和邦大厦A座店,(No.1926),鄞州区天童北路933号和邦大厦A座一层大堂,宁波,08:00-18:00,08/01/21 07:10,自运营,luckin coffee,
1312,名汇大厦店,(No.2415),鄞州区中河街锦寓路666号名汇大厦一层大堂,宁波,08:00-18:00,08/01/21 07:10,自运营,luckin coffee,
1313,宁波印象城店,(No.6671),鄞州区钱湖北路288号印象城广场地下一层B1-45号,宁波,10:00-22:00,08/01/21 07:10,自运营,luckin coffee,
1314,宁波宝龙广场店,(No.6070),鄞州区钱湖北路199号宁波宝龙广场3楼-A座C座交界,宁波,10:00-20:30,08/01/21 07:10,自运营,luckin coffee,
1315,浙江医药高等专科学校店,(No.6029),鄞州区中河街道启美路浙江医药高等专科学校鄞州校区商业街10号,宁波,今日休息中,08/01/21 07:10,自运营,luckin coffee,
1316,鄞州万达广场店,(No.6822),鄞州区四明中路999号宁波鄞州万达广场一层1号门,宁波,07:30-22:00,08/01/21 07:10,自运营,luckin coffee,
1317,万里学院钱湖校区店,(No.4645),鄞州区钱湖南路8号浙江万里学院钱湖校区后勤生活区E110号,宁波,08:00-19:00,08/01/21 07:10,自运营,luckin coffee,
1318,宁波联安品牌产业园店,(No.A0860),鄞州区兴宁路46号联安品牌产业园大厦一层大堂,宁波,07:30-18:00,08/01/21 07:10,代运营,luckin coffee,
1319,中信银行大厦店,(No.2889),海曙区镇明路66弄11号底商,宁波,08:00-18:00,08/01/21 07:10,自运营,luckin coffee,
1320,会展中心大厦店,(No.3425),鄞州区百丈路168号会展中心大厦A座一层大堂,宁波,今日休息中,08/01/21 07:10,自运营,luckin coffee,
1321,宁波嘉汇国贸店,(No.2569),鄞州区彩虹南路11号嘉汇国贸大厦B座底商,宁波,08:00-18:00,08/01/21 07:10,自运营,luckin coffee,
1322,泰富广场店,(No.2788),鄞州区惊驾路555号泰富广场A座一层大堂,宁波,08:00-18:00,08/01/21 07:10,自运营,luckin coffee,
1323,慧和大厦店,(No.3228),鄞州区后庙路487号慧和大厦裙楼底商,宁波,08:00-18:00,08/01/21 07:10,自运营,luckin coffee,
1324,恒通广场店,(No.4538),海曙区丽园南路1091号恒通广场一层1-18室,宁波,08:00-18:00,08/01/21 07:10,自运营,luckin coffee,
1325,海曙恒一广场店,(No.6621),海曙区丽园北路606号恒一广场B1层,宁波,10:00-21:00,08/01/21 07:10,自运营,luckin coffee,
1326,地质大厦店,(No.1767),海曙区丽园南路501号地质大厦一层,宁波,08:00-18:00,08/01/21 07:10,自运营,luckin coffee,
1327,彩虹北路店,(No.A0532),鄞州区彩虹北路58号江左大厦,宁波,08:00-18:00,08/01/21 07:10,代运营,luckin coffee,
1328,中国人寿大厦店,(No.2626),海曙区灵桥路777号中国人寿大厦一层大堂,宁波,今日休息中,08/01/21 07:10,自运营,luckin coffee,
1329,创新128广场店,(No.4478),鄞州区启明路818号创新128广场三期24号楼一层1-28商铺,宁波,08:00-18:30,08/01/21 07:10,自运营,luckin coffee,
1330,959电商产业园店,(No.1776),鄞州区下应北路567号959电商产业园A1幢一层大堂,宁波,08:00-18:00,08/01/21 07:10,自运营,luckin coffee,
1331,宁波保险科技产业园店,(No.A1107),鄞州区下应街道湖下路199号保险科技产业园1幢一层大堂,宁波,今日休息中,08/01/21 07:10,代运营,luckin coffee,
1332,宁波卫生职业技术学院店,(No.6851),鄞州区首南街道宁波卫生职业技术学院D2宿舍楼一层005室,宁波,08:00-20:30,08/01/21 07:10,自运营,luckin coffee,
1333,和荣大厦店,(No.2419),鄞州区潘火街道潘火路215号和荣大厦B座一层大堂,宁波,08:00-18:00,08/01/21 07:10,自运营,luckin coffee,
1334,宁波文化广场店,(No.2856),鄞州区中山东路1999号2幢宁波文化广场B2-108-1号,宁波,08:00-21:00,08/01/21 07:10,自运营,luckin coffee,
1335,汇盈大厦店,(No.2832),鄞州区河清北路299号汇盈大厦一层大堂,宁波,08:00-18:00,08/01/21 07:10,自运营,luckin coffee,
1336,宏泰广场店,(No.7233),鄞州区宁穿路1336号宏泰广场PC楼B1层36-38号商铺,宁波,10:00-22:00,08/01/21 07:10,自运营,luckin coffee,
1337,交通银行大厦店,(No.7290),鄞州区鼎泰路455号交通银行大厦一层188号,宁波,08:00-18:00,08/01/21 07:10,自运营,luckin coffee,
1338,宁兴天润商座店,(No.2888),鄞州区中兴路735号天润商座大厦1幢4号,宁波,08:00-18:00,08/01/21 07:10,自运营,luckin coffee,
1339,世纪东方广场店,(No.2967),鄞州区中山东路1086号世纪东方广场二层F2112商铺,宁波,10:00-21:30,08/01/21 07:10,自运营,luckin coffee,
1340,宁波软件园店,(No.1856),鄞州区创苑路800号软件园2期二层大堂,宁波,今日休息中,08/01/21 07:10,自运营,luckin coffee,
1341,万特商务中心店,(No.2457),鄞州区杨木碶487号万特商务中心1号楼一层大堂,宁波,08:00-18:00,08/01/21 07:10,自运营,luckin coffee,
1342,科贸中心店,(No.2570),鄞州区广贤路50号科贸中心西楼一层,宁波,今日休息中,08/01/21 07:10,自运营,luckin coffee,
1343,汉德城店,(No.1858),鄞州区惊驾路728号芯空间一层大堂,宁波,08:00-18:00,08/01/21 07:10,自运营,luckin coffee,
1344,杉杉国贸店,(No.7112),鄞州区海晏北路681弄86号杉杉国贸A栋一层,宁波,07:30-18:00,08/01/21 07:10,自运营,luckin coffee,
1345,宁波发展大厦店,(No.2713),鄞州区和济街118号发展大厦A座底商 ,宁波,今日休息中,08/01/21 07:10,自运营,luckin coffee,
1346,沃尔玛联丰店,(No.4423),海曙区环城西路南段256号沃尔玛联丰店一层,宁波,08:30-21:00,08/01/21 07:10,自运营,luckin coffee,
1347,慈溪世纪金源店,(No.A1826),敬请期待!,宁波,08:00-18:00,08/01/21 07:10,代运营,luckin coffee,
1348,杭州湾新区众创园店,(No.A0968),杭州湾新区众创二路创客公寓G栋底商,宁波,今日休息中,08/01/21 07:10,代运营,luckin coffee,
1349,巴中巴人广场文轩店,(No.A1292),江北大道中段381号新华文轩书店内,巴中,09:30-21:00,08/01/21 07:10,代运营,luckin coffee,
1350,王府井购物中心店,(No.A0269),巴州区秦巴大道东段王府井购物中心G-2F-D013,巴中,10:00-21:30,08/01/21 07:10,代运营,luckin coffee,
1351,宁德万达店,(No.A0711),蕉城区万达广场金街1-5号商铺,宁德,10:00-23:00,08/01/21 07:10,代运营,luckin coffee,
1352,宁德师范学院店,(No.A0841),蕉城区学院路1号宁德师范学院(新校区)学生街110号,宁德,今日休息中,08/01/21 07:10,代运营,luckin coffee,
1353,东方伟业广场店,(No.A1845),霞浦县东方伟业广场5号楼15号店铺,宁德,08:30-22:30,08/01/21 07:10,代运营,luckin coffee,
1354,古田中央名城店,(No.A1976),敬请期待!,宁德,08:00-18:00,08/01/21 07:10,代运营,luckin coffee,
1355,福安冠后路店,(No.A2012),敬请期待!,宁德,08:00-18:00,08/01/21 07:10,代运营,luckin coffee,
1356,福鼎中汇广场店,(No.A0680),中汇广场10栋天湖路75号,宁德,09:30-21:30,08/01/21 07:10,代运营,luckin coffee,
1357,福鼎乐群店,(No.A0833),敬请期待!,宁德,00:00-24:00,08/01/21 07:10,代运营,luckin coffee,
1358,苍南银泰城店,(No.A0149),苍南县灵溪镇银泰城花神庙街4057-4058号,宁德,08:30-22:00,08/01/21 07:10,代运营,luckin coffee,
1359,赛格科技园店,(No.2248),福田区赛格科技园2栋东一层108B号,深圳,08:30-18:30,08/01/21 07:10,自运营,luckin coffee,
1360,现代之窗大厦店,(No.4860),福田区华强北路现代之窗大厦A座一层大堂,深圳,09:00-18:30,08/01/21 07:10,自运营,luckin coffee,
1361,华强电子世界店,(No.1723),福田区华强北路1019号华强电子世界二店23号门底商,深圳,08:00-21:00,08/01/21 07:10,自运营,luckin coffee,
1362,世纪汇广场店,(No.3290),福田区华强北街道深南大道3018号世纪汇商场负一层B117南区,深圳,09:00-22:00,08/01/21 07:10,自运营,luckin coffee,
1363,世界贸易广场店,(No.0379),福田区福虹路9号世界贸易广场负一层大堂,深圳,08:00-18:00,08/01/21 07:10,自运营,luckin coffee,
1364,深南茂业百货店,(No.3615),福田区华强北街道深南中路2018号兴华大厦一层2018-3号,深圳,08:00-22:00,08/01/21 07:10,自运营,luckin coffee,
1365,东风大厦店,(No.0615),福田区深南中路2010号东风大厦北门一层,深圳,07:30-18:00,08/01/21 07:10,自运营,luckin coffee,
1366,大中华IFC店,(No.6907),福田区深南大道1003号大中华国际金融中心A座一层大堂,深圳,08:30-18:00,08/01/21 07:10,自运营,luckin coffee,
1367,田厦金牛广场店,(No.0168),南山区桃园路79号田厦金牛广场负二层02号,深圳,07:30-21:00,08/01/21 07:10,自运营,luckin coffee,
1368,深大桂庙店,(No.A1032),南山区粤海街道粤桂社区桂庙新村36号一层,深圳,今日休息中,08/01/21 07:10,代运营,luckin coffee,
1369,松日鼎盛店,(No.0137),南山区深南大道9996号松日鼎盛大厦一层大堂,深圳,今日休息中,08/01/21 07:10,自运营,luckin coffee,
1370,软件产业基地4A栋店,(No.2058),南山区海天一路软件产业基地4A栋一层大堂,深圳,08:00-18:00,08/01/21 07:10,自运营,luckin coffee,
1371,万利达科技大厦店,(No.2013),南山区深南大道9998号万利达科技大厦一层102号,深圳,今日休息中,08/01/21 07:10,自运营,luckin coffee,
1372,三诺智慧大厦店,(No.2744),南山区粤海街道滨海大道3012号三诺智慧大厦底商,深圳,07:30-18:00,08/01/21 07:10,自运营,luckin coffee,
1373,软件产业基地1B座店,(No.2614),南山区学府路83号软件产业基地1B座底商,深圳,07:30-20:00,08/01/21 07:10,自运营,luckin coffee,
1374,深圳大学店,(No.2500),南山区南海大道3688号深圳大学南校区男生公寓1号楼底商,深圳,08:00-22:00,08/01/21 07:10,自运营,luckin coffee,
1375,水湾1979广场店,(No.7245),南山区荔园路8号水湾一里街坊购物中心L1层101号,深圳,07:00-22:00,08/01/21 07:10,自运营,luckin coffee,
1376,万融大厦店,(No.1951),南山区南海大道1029号万融大厦B座一层大堂,深圳,08:00-18:00,08/01/21 07:10,自运营,luckin coffee,
1377,汇港购物中心店,(No.6498),南山区太子路汇港购物中心D栋一层1-29号铺,深圳,09:00-22:00,08/01/21 07:10,自运营,luckin coffee,
1378,海翔广场店,(No.0868),南山区招商街道南海大道1052号至卓飞高大厦一层126A号,深圳,08:00-18:30,08/01/21 07:10,自运营,luckin coffee,
1379,海上世界广场店,(No.7172),南山区望海路1128号海上世界船前广场一层3-1-011号,深圳,07:00-22:00,08/01/21 07:10,自运营,luckin coffee,
1380,新时代广场店,(No.0215),南山区蛇口太子路1号新时代广场一层C单元,深圳,08:00-18:00,08/01/21 07:10,自运营,luckin coffee,
1381,蛇口邮轮中心店,(No.1770),南山区海运路1号蛇口邮轮中心四层,深圳,10:00-18:00,08/01/21 07:10,自运营,luckin coffee,
1382,致远大厦店,(No.0352),南山区工业八路89号致远大厦B栋一层,深圳,07:30-18:00,08/01/21 07:10,自运营,luckin coffee,
1383,朗诗大厦店,(No.0120),南山区科技南十二路12号朗诗大厦一楼大堂,深圳,08:00-18:00,08/01/21 07:10,自运营,luckin coffee,
1384,国信投资大厦店,(No.4779),南山区粤海街道高新南七道07号国信投资大厦一层,深圳,08:00-18:00,08/01/21 07:10,自运营,luckin coffee,
1385,泰邦科技大厦店,(No.3344),南山区高新南六道6号泰邦科技大厦一层大堂,深圳,今日休息中,08/01/21 07:10,自运营,luckin coffee,
1386,创维半导体大厦店,(No.0381),南山区粤海街道高新南四道18号创维半导体设计大厦西座一层大堂,深圳,08:00-18:00,08/01/21 07:10,自运营,luckin coffee,
1387,飞亚达科技大厦店,(No.3314),南山区高新南一道2号飞亚达科技大厦一层大堂,深圳,08:00-18:00,08/01/21 07:10,自运营,luckin coffee,
1388,中科大厦店,(No.3490),南山区粤海街道高新南一道9号中科大厦一楼大堂A区,深圳,今日休息中,08/01/21 07:10,自运营,luckin coffee,
1389,D.T未来科技体验中心店,(No.0162),南山区粤海街道深圳湾科技生态园八栋D.T未来科技体验中心一层大堂,深圳,07:30-20:00,08/01/21 07:10,自运营,luckin coffee,
1390,科技生态园10栋店,(No.2235),南山区高新南九道10号深圳湾科技生态园三区10栋B座裙楼一层37号,深圳,08:00-18:00,08/01/21 07:10,自运营,luckin coffee,
1391,创维创新谷店,(No.6824),宝安区石岩街道塘头1号路8号创维创新谷2号楼L1层2-L163号,深圳,08:00-22:00,08/01/21 07:10,自运营,luckin coffee,
1392,深圳汇邦中心店,(No.A1346),宝安区汇邦名都花园一期1层商铺,深圳,08:00-21:00,08/01/21 07:10,代运营,luckin coffee,
1393,容锦酒店店,(No.1114),龙华区大浪街道办工业园路1号容锦酒店一层大堂,深圳,08:00-18:00,08/01/21 07:10,自运营,luckin coffee,
1394,明君商务中心店,(No.1017),龙华区大浪街道新石社区浪荣路1号明君商务中心一层大堂,深圳,07:30-18:00,08/01/21 07:10,自运营,luckin coffee,
1395,凯达尔集团中心大厦店,(No.0845),南山区同沙路168号凯达尔集团中心大厦1号楼一层101-1室,深圳,08:00-18:00,08/01/21 07:10,自运营,luckin coffee,
1396,新视艺创客公园店,(No.0786),南山区桃源街道丽山路65号新视艺创客公园A栋一层味蕾时代19号,深圳,08:00-18:30,08/01/21 07:10,自运营,luckin coffee,
1397,西丽地铁站店,(No.7012),南山区留仙大道6008号鼎新大厦一层101-2,深圳,08:00-22:00,08/01/21 07:10,自运营,luckin coffee,
1398,南山云谷二期店,(No.6728),南山区平山一路1-6号大园工业区北区11栋一层A4商铺,深圳,08:00-18:00,08/01/21 07:10,自运营,luckin coffee,
1399,南山智园店,(No.6923),南山区学苑大道1001号南山智园店A5栋负一层,深圳,今日休息中,08/01/21 07:10,自运营,luckin coffee,
1400,金骐智谷大厦店,(No.3224),南山区塘岭路1号金骐智谷大厦一层大堂,深圳,08:00-18:00,08/01/21 07:10,自运营,luckin coffee,
1401,集悦城店,(No.1444),南山区塘兴路133号集悦城B区25栋一层,深圳,07:30-21:00,08/01/21 07:10,自运营,luckin coffee,
1402,万科金色家园店,(No.6628),福田区莲花街道景田社区莲花路2018号万科金色家园10、11栋一层101,深圳,08:00-21:00,08/01/21 07:10,自运营,luckin coffee,
1403,印力中心店,(No.6559),福田区竹园社区农林路69号印力中心商场负一层下沉广场,深圳,08:00-22:00,08/01/21 07:10,自运营,luckin coffee,
1404,文博大厦店,(No.2635),福田区莲花路2005号文博大厦一层大堂,深圳,07:30-18:00,08/01/21 07:10,自运营,luckin coffee,
1405,多丽科技楼店,(No.1556),福田区梅华路105号梅林多丽工作小区多丽科技楼一层大堂,深圳,07:30-18:00,08/01/21 07:10,自运营,luckin coffee,
1406,卓越城店,(No.1259),福田区中康路128号卓越城1期3栋一层,深圳,07:30-19:30,08/01/21 07:10,自运营,luckin coffee,
1407,智恒产业园店,(No.1189),南山区南头关口二路智恒战略性新兴产业园30栋一层102室,深圳,08:00-18:00,08/01/21 07:10,自运营,luckin coffee,
1408,海岸时代公寓店,(No.0194),南山区南头街道深南大道12069号海岸时代公寓西座一层106号,深圳,08:00-21:00,08/01/21 07:10,自运营,luckin coffee,
1409,龙光世纪大厦店,(No.0238),宝安区海秀路23号龙光世纪大厦一层1-27号,深圳,07:30-18:00,08/01/21 07:10,自运营,luckin coffee,
1410,前海卓越时代广场店,(No.2359),宝安区海天路15-3号前海卓越时代广场C栋一层大堂,深圳,今日休息中,08/01/21 07:10,自运营,luckin coffee,
1411,勤诚达大厦店,(No.4311),宝安区新安街道灵芝园社区22区勤诚达乐园13号楼勤诚达购物中心一层02号,深圳,07:30-22:00,08/01/21 07:10,自运营,luckin coffee,
1412,大新时代大厦店,(No.1091),南山区学府路263号大新时代大厦一层131室,深圳,07:30-20:30,08/01/21 07:10,自运营,luckin coffee,
1413,鹏基商务时空大厦店,(No.0198),福田区八卦一路50号鹏基商务时空大厦一层132号,深圳,08:00-18:30,08/01/21 07:10,自运营,luckin coffee,
1414,天利名城A座店,(No.0136),南山区海德三道195号天利中央广场A座一层194B单元,深圳,08:00-22:00,08/01/21 07:10,自运营,luckin coffee,
1415,海王星辰总部大厦店,(No.0186),南山区中心路兰香一街2号海王星辰总部大楼一层大堂,深圳,08:00-19:00,08/01/21 07:10,自运营,luckin coffee,
1416,丰盛町店,(No.0109),福田区车公庙丰盛町地下阳光街BCD区C1-107号,深圳,08:00-18:00,08/01/21 07:10,自运营,luckin coffee,
1417,深圳来福士广场店,(No.7069),南山区南海大道2163号来福士广场负一层52B,深圳,10:00-22:00,08/01/21 07:10,自运营,luckin coffee,
1418,南油服装城店,(No.A1075),南山区登良路25号南油天安工业村7栋B01,深圳,今日休息中,08/01/21 07:10,代运营,luckin coffee,
1419,中洲控股中心店,(No.3052),南山区海德一道88号中洲控股中心B栋一层大堂,深圳,08:00-18:00,08/01/21 07:10,自运营,luckin coffee,
1420,天利名城C座店,(No.7284),南山区海德三道195号天利中央广场C座一层大堂,深圳,08:00-18:00,08/01/21 07:10,自运营,luckin coffee,
1421,保利文化广场店,(No.1250),南山区文心六路4号保利文化广场C区后海天虹商场一层1200号,深圳,10:00-22:00,08/01/21 07:10,自运营,luckin coffee,
1422,阳光科创大厦店,(No.2249),南山区南华路0902号阳光科创大厦C座底商,深圳,07:30-21:00,08/01/21 07:10,自运营,luckin coffee,
1423,深圳中海油大厦店,(No.6638),南山区后海滨路深圳湾段3168号中海油大厦A座一层101房,深圳,08:00-19:30,08/01/21 07:10,自运营,luckin coffee,
1424,天悦大厦店,(No.0813),宝安区新桥街道中心路110号天悦荟一层A32号,深圳,09:00-20:30,08/01/21 07:10,自运营,luckin coffee,
1425,oppo长安工业园店,(No.6235),长安镇乌沙海滨路18号8号楼101室,深圳,今日休息中,08/01/21 07:10,自运营,luckin coffee,
1426,长安万科中心店,(No.3222),长安镇长青南路1号万科中心1栋一层147室,深圳,08:00-22:00,08/01/21 07:10,自运营,luckin coffee,
1427,长安地王广场店,(No.A0754),东莞市长安镇地王广场1118号,深圳,09:00-21:00,08/01/21 07:10,代运营,luckin coffee,
1428,宝安益田假日天地店,(No.6804),宝安区福永街道怀德社区广深路福永段77号宝安益田假日天地L2层40号,深圳,10:00-22:00,08/01/21 07:10,自运营,luckin coffee,
1429,星港同创汇店,(No.1593),宝安区福海街道6099号星港同创汇天枢座一层,深圳,07:30-20:30,08/01/21 07:10,自运营,luckin coffee,
1430,方元城店,(No.6832),宝安区福永街道广深路福永路段75号方元城一层1070商铺,深圳,07:00-22:00,08/01/21 07:10,自运营,luckin coffee,
1431,万和科技大厦店,(No.0946),光明新区高新技术产业园汇通路7号万和科技大厦A座一层大堂,深圳,08:00-18:30,08/01/21 07:10,自运营,luckin coffee,
1432,星航中心店,(No.1092),宝安区福永街道兴围路口兴华北路2号星航华府四期F座一层大堂,深圳,08:00-18:30,08/01/21 07:10,自运营,luckin coffee,
1433,壹航城店,(No.6599),宝安区航城街道后瑞社区新瑞路13、15号壹航城T4-116号,深圳,08:00-21:00,08/01/21 07:10,自运营,luckin coffee,
1434,西部硅谷店,(No.0583),宝安区航城街道草围社区宝安大道5010号深圳多彩汇威文化创意博览城T3艺博城一层105a号,深圳,08:00-20:30,08/01/21 07:10,自运营,luckin coffee,
1435,深圳宝安国际机场店,(No.4571),宝安区深圳机场地面交通中心GTC-210铺15号出入口,深圳,08:00-22:30,08/01/21 07:10,自运营,luckin coffee,
1436,深业U中心店,(No.1006),宝安区西乡鹤洲洲石路743号深业U中心B栋一层102号,深圳,08:00-18:00,08/01/21 07:10,自运营,luckin coffee,
1437,光明区招商局智慧城店,(No.A1214),光明新区凤凰街道凤凰社区观光路招商局光明科技园A2大堂,深圳,08:30-18:30,08/01/21 07:10,代运营,luckin coffee,
1438,福城天虹购物中心店,(No.6906),观澜大道117号福城天虹购物中心商场负一层B179铺,深圳,08:00-22:00,08/01/21 07:10,自运营,luckin coffee,
1439,硅谷大院店,(No.1368),龙华区龙华街道三联社区锦华发工业园3栋硅谷大院T1栋一层108-B号,深圳,08:00-22:00,08/01/21 07:10,自运营,luckin coffee,
1440,稻兴环球科创中心店,(No.7144),宝安区新安街道洪浪北二路30号信义领御研发中心7栋一层7-S123号,深圳,08:00-18:00,08/01/21 07:10,自运营,luckin coffee,
1441,庭威大厦店,(No.1047),宝安区67区留芳路6号庭威产业园文化街一层021号,深圳,07:30-18:30,08/01/21 07:10,自运营,luckin coffee,
1442,流塘商务大厦店,(No.0276),宝安区前进二路流塘商务大厦B座阳光茶城1层,深圳,08:00-18:30,08/01/21 07:10,自运营,luckin coffee,
1443,宝立方店,(No.A0562),宝安区西乡街道新安四路198号宝立方创意研发大厦A座L1A-1-01,深圳,10:00-22:00,08/01/21 07:10,代运营,luckin coffee,
1444,TCL国际E城店,(No.0979),南山区西丽街道中山园路1001号TCL国际E城F3栋一层101室,深圳,08:00-18:00,08/01/21 07:10,自运营,luckin coffee,
1445,创智云城店,(No.7127),南山区留仙大道创科路创智云城项目一期一层165号,深圳,08:00-18:00,08/01/21 07:10,自运营,luckin coffee,
1446,TCL电子大厦店,(No.4541),南山区西丽街道曙光社区中山园路1001号TCL国际E城D4栋101号TCL电子大厦一楼大堂,深圳,今日休息中,08/01/21 07:10,自运营,luckin coffee,
1447,深圳U8产业园店,(No.A0974),宝安区航城大道U8智造产业园 U6栋101-1商铺,深圳,08:30-18:00,08/01/21 07:10,代运营,luckin coffee,
1448,华丰机器人产业园店,(No.6715),宝安区西乡街道南昌社区航城大道华丰机器人产业园A栋1125至1126号,深圳,08:00-18:30,08/01/21 07:10,自运营,luckin coffee,
1449,航城智慧科技园店,(No.6247),宝安区航城街道三围社区航城智慧安防科技园A栋一层大堂,深圳,08:00-18:00,08/01/21 07:10,自运营,luckin coffee,
1450,宝安智谷店,(No.2930),宝安区银田路4号华丰宝安智谷科技创新园A座底商,深圳,08:00-21:00,08/01/21 07:10,自运营,luckin coffee,
1451,旭生大厦店,(No.6845),宝安区宝安大道4004号西乡街道银田文乐工业区A栋厂房一层大堂,深圳,08:00-18:00,08/01/21 07:10,自运营,luckin coffee,
1452,新华保险大厦店,(No.0676),福田区民田路171号新华保险大厦一层大堂,深圳,08:00-18:00,08/01/21 07:10,自运营,luckin coffee,
1453,国际商会大厦店,(No.0211),福田区福华路138号国际商会大厦A座一层138-1号,深圳,07:30-19:00,08/01/21 07:10,自运营,luckin coffee,
1454,连城新天地购物公园店,(No.2574),福田区福田街道连城新天地A区负二层购物公园地铁站B出口,深圳,08:00-20:00,08/01/21 07:10,自运营,luckin coffee,
1455,平安金融店,(No.6741),福田区益田路5033号平安金融中心一层B37,深圳,08:00-18:00,08/01/21 07:10,自运营,luckin coffee,
1456,卓越时代广场店,(No.0608),福田区中心区益田路4068号卓越时代广场负一层101-B-1号大堂下行电扶梯右侧,深圳,08:00-18:00,08/01/21 07:10,自运营,luckin coffee,
1457,市民中心站店,(No.6502),福田区市民中心地铁站B出口进负一楼三寸时光美食节A-23商铺,深圳,08:00-19:30,08/01/21 07:10,自运营,luckin coffee,
1458,平安金融中心南塔店,(No.6729),福田区益田路平安金融中心南塔福华三路L1层S105号,深圳,10:00-21:30,08/01/21 07:10,自运营,luckin coffee,
1459,中投国际商务中心店,(No.6450),福田区香蜜湖街道香梅路1061号中投国际商务中心B栋一层大堂,深圳,08:00-18:00,08/01/21 07:10,自运营,luckin coffee,
1460,敦煌大厦店,(No.1597),福田区紫竹六道 49 号敦煌大厦一层大堂,深圳,今日休息中,08/01/21 07:10,自运营,luckin coffee,
1461,深圳香年广场店,(No.2297),南山区侨香路4060号香年广场A座一层101-1号,深圳,08:00-20:00,08/01/21 07:10,自运营,luckin coffee,
1462,深圳沙河世纪假日广场店,(No.6784),南山区沙河街道深南大道9030号沙河世纪假日广场负一层B28号,深圳,08:00-18:00,08/01/21 07:10,自运营,luckin coffee,
1463,天健科技大厦店,(No.A0952),南山区深云西二路天健科技大厦花园中心平台,深圳,09:00-17:00,08/01/21 07:10,代运营,luckin coffee,
1464,东海缤纷天地店,(No.6726),福田区香蜜湖街道东海社区深南大道7888号东海国际中心一期A栋负一层KB1018,深圳,08:00-22:00,08/01/21 07:10,自运营,luckin coffee,
1465,金运世纪大厦店,(No.1394),福田区沙头街道深南大道6033号金运世纪大厦一层大堂,深圳,今日休息中,08/01/21 07:10,自运营,luckin coffee,
1466,深业泰然大厦店,(No.6806),福田区沙头街道泰然八路深业泰然大厦D座一层19A室,深圳,08:00-20:30,08/01/21 07:10,自运营,luckin coffee,
1467,上梅林天虹店,(No.6497),福田区梅林路69号海康大厦上梅林天虹商场1层1060A号铺,深圳,09:30-21:30,08/01/21 07:10,自运营,luckin coffee,
1468,新浩e都店,(No.0859),福田区彩田路7018号新浩e都一层103B室,深圳,08:00-18:00,08/01/21 07:10,自运营,luckin coffee,
1469,HALO广场四期店,(No.6690),罗湖区宝安北路笋岗仓库HALO广场四期L1层9号铺,深圳,08:00-21:00,08/01/21 07:10,自运营,luckin coffee,
1470,国际商品交易大厦店,(No.6304),罗湖区笋岗街道宝安北路国际商品交易大厦一楼B区2049号,深圳,08:00-21:00,08/01/21 07:10,自运营,luckin coffee,
1471,鸿翔花园店,(No.0846),罗湖区松园北街68号鸿翔花园7B栋底商,深圳,08:00-21:00,08/01/21 07:10,自运营,luckin coffee,
1472,八卦岭工业店,(No.0691),福田区八卦三路八卦岭工业区521栋一层1012室,深圳,08:00-20:00,08/01/21 07:10,自运营,luckin coffee,
1473,文锦广场店,(No.1122),罗湖区田贝一路23号艺嘉国际珠宝城裙楼一层大堂,深圳,08:00-20:00,08/01/21 07:10,自运营,luckin coffee,
1474,新闻大厦店,(No.3316),福田区深南中路1002号新闻大厦1号楼一层106号,深圳,今日休息中,08/01/21 07:10,自运营,luckin coffee,
1475,太阳百货店,(No.2996),罗湖区解放路2001号太阳百货广场一层A101商铺,深圳,09:00-22:00,08/01/21 07:10,自运营,luckin coffee,
1476,创凌通店,(No.0235),福田区保税区市花路1号创凌通科技大厦物业一层013单元大厦地下停车出口处,深圳,08:00-18:00,08/01/21 07:10,自运营,luckin coffee,
1477,皇城广场店,(No.1772),福田区福田街道福田南路7号皇城广场一层大堂,深圳,08:00-18:00,08/01/21 07:10,自运营,luckin coffee,
1478,深圳联合广场店,(No.1773),福田区滨河大道5022号联合广场A栋塔楼一层104号,深圳,08:00-18:00,08/01/21 07:10,自运营,luckin coffee,
1479,卓悦INTOWN店,(No.1238),福田区金田路2030号卓悦INTOWN商场二层中岛北门右侧,深圳,10:00-21:00,08/01/21 07:10,自运营,luckin coffee,
1480,深圳长富金茂大厦店,(No.B0174),福田区福保街道市花路5号长富金茂大厦2号楼110铺位,深圳,今日休息中,08/01/21 07:10,自运营,小鹿茶,
1481,金中环国际商务大厦店,(No.0641),福田区金田路3037号金中环国际商务大厦一楼商铺103C室会展中心地铁E出口,深圳,08:00-18:00,08/01/21 07:10,自运营,luckin coffee,
1482,连城新天地岗厦店,(No.2629),福田区福田街道连城新天地二期负一层岗厦地铁站C口,深圳,08:00-20:00,08/01/21 07:10,自运营,luckin coffee,
1483,福田新城市广场店,(No.6716),福田区南园路新城市广场东南门旁一楼142号,深圳,08:00-22:00,08/01/21 07:10,自运营,luckin coffee,
1484,深业中心大厦店,(No.1035),罗湖区深南东路5045号深业中心大厦一层107单元,深圳,08:00-20:00,08/01/21 07:10,自运营,luckin coffee,
1485,耀华创建大厦店,(No.0675),福田区深南大道6023号耀华创建大厦加建层一层01号,深圳,08:00-18:00,08/01/21 07:10,自运营,luckin coffee,
1486,富林物流大厦店,(No.3515),福田区福保街道市花路21号富林物流大厦B座一层G09号铺,深圳,08:00-18:30,08/01/21 07:10,自运营,luckin coffee,
1487,华宝一号大厦店,(No.A0401),福田区福宝街福宝社区金花路29号宝骏达仓储大厦一层103-1,深圳,今日休息中,08/01/21 07:10,代运营,luckin coffee,
1488,湖北大厦店,(No.1244),福田区滨河大道9003号湖北大厦一层大堂,深圳,07:30-19:00,08/01/21 07:10,自运营,luckin coffee,
1489,万科壹海中心大厦店,(No.1522),盐田区海景二路壹海城一区一栋壹海中心壹海城写字楼一层大堂,深圳,07:30-18:30,08/01/21 07:10,自运营,luckin coffee,
1490,东方都会大厦店,(No.1037),罗湖区沿河北路1003号东方都会大厦裙楼一层115号,深圳,08:00-20:00,08/01/21 07:10,自运营,luckin coffee,
1491,横岗大厦店,(No.0439),龙岗区横岗街道龙岗大道5008号横岗大厦商业四层06号,深圳,10:00-20:30,08/01/21 07:10,自运营,luckin coffee,
1492,人人购物广场南岭店,(No.6440),龙岗区南湾街道南岭村社区南岭东路28号南岭村中心大厦人人购物广场二楼,深圳,10:00-21:00,08/01/21 07:10,自运营,luckin coffee,
1493,深南万科里店,(No.6481),罗湖区南湖街道深南东路2011号万科深南广场万科里L1层1-02A号,深圳,08:00-22:00,08/01/21 07:10,自运营,luckin coffee,
1494,奥康德大厦店,(No.0663),罗湖区东门街道深南东路2010号奥康德大厦一层102号,深圳,08:00-20:00,08/01/21 07:10,自运营,luckin coffee,
1495,荣德国际店,(No.2708),龙岗区横岗街道荣德雨馨公寓 133 号,深圳,08:00-20:00,08/01/21 07:10,自运营,luckin coffee,
1496,宝岭大厦店,(No.1771),龙岗区深惠路452号宝岭大厦一层大堂,深圳,07:30-20:00,08/01/21 07:10,自运营,luckin coffee,
1497,龙岗智慧家园店,(No.7143),宝龙大道智慧家园科技园1栋C座一层01-07-02号,深圳,08:00-18:00,08/01/21 07:10,自运营,luckin coffee,
1498,深圳创新广场店,(No.6180),坪山区坪山大道创新广场B座一层大堂,深圳,08:00-18:30,08/01/21 07:10,自运营,luckin coffee,
1499,创兆广场店,(No.0904),龙岗区龙城街道新屯中路50号创兆广场一层大堂,深圳,08:00-18:00,08/01/21 07:10,自运营,luckin coffee,
1500,万科大厦店,(No.1057),龙岗区龙翔大道7188号万科大厦写字楼一层大堂,深圳,08:00-19:00,08/01/21 07:10,自运营,luckin coffee,
1501,硅谷动力店,(No.1636),龙岗区龙岗街道平南社区龙岗路10号汇通大厦硅谷动力电子商务港一层大堂,深圳,08:00-18:00,08/01/21 07:10,自运营,luckin coffee,
1502,摩尔城店,(No.3725),龙岗区龙岗大道6002号摩尔城商业中心一层大堂,深圳,08:00-18:00,08/01/21 07:10,自运营,luckin coffee,
1503,水贝金座店,(No.0440),罗湖区贝丽北路89号水贝金座大厦一层117、118号,深圳,07:30-19:00,08/01/21 07:10,自运营,luckin coffee,
1504,万科红立方大厦店,(No.1260),龙岗区布吉街道锦龙路89号万科红立方大厦一层大堂,深圳,07:30-19:00,08/01/21 07:10,自运营,luckin coffee,
1505,新安大厦店,(No.0475),罗湖区人民南路3009号新安大厦一层3009-2号,深圳,08:00-20:00,08/01/21 07:10,自运营,luckin coffee,
1506,鸿隆世纪广场店,(No.4558),罗湖区桂园街道人民桥社区和平路3001号鸿隆世纪广场一层107号,深圳,08:00-21:00,08/01/21 07:10,自运营,luckin coffee,
1507,东洋国际时装批发广场店,(No.6788),罗湖区南湖街道迎春路9号东洋国际时装批发广场一层A-1,深圳,08:00-21:30,08/01/21 07:10,自运营,luckin coffee,
1508,太平洋商贸大厦店,(No.6535),罗湖区嘉宾路4028号太平洋商贸大厦首层03-1号铺,深圳,08:00-19:30,08/01/21 07:10,自运营,luckin coffee,
1509,佳宁娜广场店,(No.0492),罗湖区人民南路2002号佳宁娜友谊广场1层37号,深圳,08:00-21:30,08/01/21 07:10,自运营,luckin coffee,
1510,福安购物广场店,(No.6867),罗湖区金稻田路2001号福安购物广场一层F1050号,深圳,08:30-23:00,08/01/21 07:10,自运营,luckin coffee,
1511,罗湖投资控股大厦店,(No.6739),罗湖区清水河一路116号罗湖投资控股大厦1号楼一层110号,深圳,08:00-20:00,08/01/21 07:10,自运营,luckin coffee,
1512,深圳佳兆业广场店,(No.6815),龙岗区布吉街道佳兆业广场一层木棉湾B1口商场3号门L122号,深圳,10:00-22:00,08/01/21 07:10,自运营,luckin coffee,
1513,正中时代大厦店,(No.2012),龙岗区龙城大道89号正中时代大厦A座一层大堂,深圳,08:00-18:00,08/01/21 07:10,自运营,luckin coffee,
1514,深圳技师学院店,(No.6661),龙岗街道五联社区将军帽路3号深圳市技师学院大门入口右侧,深圳,08:00-20:00,08/01/21 07:10,自运营,luckin coffee,
1515,龙岗天安数码城店,(No.0623),龙岗区黄阁北路441号龙岗天安数码城创新园三号厂房A座一层A103-2单元,深圳,08:00-18:30,08/01/21 07:10,自运营,luckin coffee,
1516,龙岗创投大厦店,(No.7065),龙岗区龙城街道腾飞路9号创投大厦一层,深圳,08:00-18:00,08/01/21 07:10,自运营,luckin coffee,
1517,李朗国际珠宝产业园店,(No.3182),龙岗区布澜路31号中盈珠宝工业厂区中心广场一层B01铺,深圳,08:00-18:00,08/01/21 07:10,自运营,luckin coffee,
1518,康利城店,(No.6719),龙岗区南湾街道平吉大道66号3号楼康利城一层大堂,深圳,08:00-18:00,08/01/21 07:10,自运营,luckin coffee,
1519,金苹果创新园店,(No.0661),龙岗区甘李二路9号金苹果创新园A栋一层大堂,深圳,08:00-18:00,08/01/21 07:10,自运营,luckin coffee,
1520,坪山生物医药加速器店,(No.7007),坪山区坑梓街道金辉路14号生物医药创新产业园区10号楼一层大堂,深圳,今日休息中,08/01/21 07:10,自运营,luckin coffee,
1521,生命科学产业园店,(No.7094),大鹏新区三溪社区金业大道140号生命科学产业园A10栋一层,深圳,08:00-18:00,08/01/21 07:10,自运营,luckin coffee,
1522,广弘中心店,(No.0935),龙岗区富安大道路广弘中心B栋一层105号,深圳,08:00-18:00,08/01/21 07:10,自运营,luckin coffee,
1523,平湖天虹店,(No.7020),龙岗区富安大道8号海源城平湖天虹一层1084铺,深圳,08:00-21:00,08/01/21 07:10,自运营,luckin coffee,
1524,华利嘉店,(No.3307),龙岗区平湖街道华南大道1号华南国际工业原料城华利嘉市场5号广场A座大堂,深圳,08:00-18:00,08/01/21 07:10,自运营,luckin coffee,
1525,宝能科技园6栋店,(No.0726),龙华新区龙华街道清祥路1号清湖工业园宝能科技园6栋一层大堂,深圳,08:00-18:30,08/01/21 07:10,自运营,luckin coffee,
1526,宝能科技园9栋店,(No.0731),龙华新区龙华街道清祥路1号清湖工业园宝能科技园9栋二层中庭,深圳,今日休息中,08/01/21 07:10,自运营,luckin coffee,
1527,甘坑客家小镇店,(No.6842),龙岗区甘李路18号甘坑客家小镇5号楼7都一层116-5,深圳,08:00-20:30,08/01/21 07:10,自运营,luckin coffee,
1528,金荣达科技工业园店,(No.7047),龙岗区雪岗北路2086号金荣达科技工业园第D栋一层101号,深圳,08:00-18:00,08/01/21 07:10,自运营,luckin coffee,
1529,彩生活时代广场店,(No.0975),龙岗区坂田街道坂雪岗大道4033号江南时代大厦1号楼彩生活时代广场一层L117号,深圳,10:00-22:00,08/01/21 07:10,自运营,luckin coffee,
1530,大唐时代店,(No.6718),龙华区梅龙大道142号大唐时代A座一层105-1,深圳,08:00-22:00,08/01/21 07:10,自运营,luckin coffee,
1531,富士康科技园店,(No.3558),龙华区龙华街道东环二路富士康科技园C3区商业街一层7号,深圳,08:00-18:00,08/01/21 07:10,自运营,luckin coffee,
1532,尚美中心大厦店,(No.2310),龙华新区和平东路182号尚美中心一层大堂,深圳,08:00-18:00,08/01/21 07:10,自运营,luckin coffee,
1533,青年创业园店,(No.6717),龙华区龙华街道青年创业园健行楼C座109,深圳,08:00-22:00,08/01/21 07:10,自运营,luckin coffee,
1534,深圳金銮国际商务大厦店,(No.A0753),龙华区和平东路98号金銮国际大厦一期大堂（地铁4号线C出口处）,深圳,08:00-19:30,08/01/21 07:10,代运营,luckin coffee,
1535,大亚湾万达广场店,(No.A0554),惠阳区龙海二路38号大亚湾万达广场4037B号,深圳,10:00-23:00,08/01/21 07:10,代运营,luckin coffee,
1536,诚杰壹中心店,(No.A0398),惠阳区淡水东华大道和白云路交汇处诚杰国际商业中心D幢一层12号,深圳,08:00-22:30,08/01/21 07:10,代运营,luckin coffee,
1537,惠州惠阳区印象汇店,(No.A0342),惠阳区淡水街道南门大街印象汇商场一层,深圳,09:00-22:30,08/01/21 07:10,代运营,luckin coffee,
1538,富通天骏店,(No.6660),龙华区龙华街道景龙社区龙发路富通天骏二层L2-06号商铺,深圳,08:00-22:00,08/01/21 07:10,自运营,luckin coffee,
1539,锦绣鸿都大厦店,(No.7309),龙华区梅龙大道2703号锦绣鸿都大厦一层大堂右侧,深圳,08:00-18:00,08/01/21 07:10,自运营,luckin coffee,
1540,龙华壹方天地店,(No.6379),龙华区龙华街道壹方天地B区三层L3-026号,深圳,10:00-22:00,08/01/21 07:10,自运营,luckin coffee,
1541,深圳红山6979店,(No.A1135),龙华区民治街道红山6979商场5栋119铺,深圳,08:00-22:00,08/01/21 07:10,代运营,luckin coffee,
1542,展滔科技大厦店,(No.0654),龙华区民治街道民治大道1079号展滔科技大厦附楼一号楼一层5号,深圳,08:00-18:00,08/01/21 07:10,自运营,luckin coffee,
1543,优城A座店,(No.0624),龙华区民治街道民强社区711号优城北区一层大堂,深圳,08:00-20:30,08/01/21 07:10,自运营,luckin coffee,
1544,港深国际中心店,(No.3422),龙华新区民治街道港深国际中心207-1号一层,深圳,08:00-18:00,08/01/21 07:10,自运营,luckin coffee,
1545,天汇大厦店,(No.0236),龙华新区龙华街道松油路106号天汇大厦B栋一层大堂,深圳,08:00-18:00,08/01/21 07:10,自运营,luckin coffee,
1546,神舟电脑大厦店,(No.1205),龙岗区坂田街道新天下工业城贝尔路2号神舟电脑大厦一层大堂,深圳,08:00-18:00,08/01/21 07:10,自运营,luckin coffee,
1547,领尚天地店,(No.6301),大岭山镇玉屏路11号领尚天地购物天地10栋一层1025,深圳,09:00-21:30,08/01/21 07:10,自运营,luckin coffee,
1548,邳州中钰店,(No.A1252),东湖街道中钰广场F1044,邳州(徐州),09:30-22:00,08/01/21 07:10,代运营,luckin coffee,
1549,鹤壁裕隆爱之城店,(No.A1311),淇滨区兴鹤大道与鹤煤大道裕隆爱之城一层西南门东侧,鹤壁,09:00-21:30,08/01/21 07:10,代运营,luckin coffee,
1550,鹤壁万达广场店,(No.A1246),淇滨区闽江路108号万达广场四层4025B,鹤壁,10:00-22:00,08/01/21 07:10,代运营,luckin coffee,
1551,安阳印象汇店,(No.A1306),北关区红旗路街道红旗路印象汇一层临街商铺B-017号,鹤壁,09:00-21:00,08/01/21 07:10,代运营,luckin coffee,
1552,安阳万达广场金街店,(No.A1163),安阳万达金街西街道万达广场11号门,鹤壁,09:00-22:00,08/01/21 07:10,代运营,luckin coffee,
1553,后营美食街店,(No.A1846),敬请期待!,鹤壁,08:00-18:00,08/01/21 07:10,代运营,luckin coffee,
1554,安阳后营美食街店,(No.A1932),敬请期待!,鹤壁,08:00-18:00,08/01/21 07:10,代运营,luckin coffee,
1555,安阳北大街钟楼店,(No.A1946),敬请期待!,鹤壁,08:00-18:00,08/01/21 07:10,代运营,luckin coffee,
1556,邯郸新世纪广场店,(No.A1853),丛台区中华大街29号新世纪6层668号铺,邯郸,09:30-21:30,08/01/21 07:10,代运营,luckin coffee,
1557,美乐城潮街店,(No.A0133),丛台区人民路456号环球中心美乐城西下沉广场负一层M28潮街入口处,邯郸,08:30-22:00,08/01/21 07:10,代运营,luckin coffee,
1558,美乐城1992街区店,(No.A1355),丛台区人民东路456号环球中心美乐城92街区负一层B118号,邯郸,09:30-22:30,08/01/21 07:10,代运营,luckin coffee,
1559,市府大道耀达百货店,(No.A0655),市府大道313号兴业银行隔壁,台州,08:30-21:00,08/01/21 07:10,代运营,luckin coffee,
1560,现代天地广场店,(No.A1197),椒江区耀达路99号现代购物广场 临街A15-16下沉广场旁,台州,08:00-21:30,08/01/21 07:10,代运营,luckin coffee,
1561,凤凰铂金广场店,(No.A0599),椒江区解放南路210-6号,台州,08:30-20:30,08/01/21 07:10,代运营,luckin coffee,
1562,中环世纪大厦店,(No.A0783),椒江区葭沚街道中心大道133号中环世纪大厦一层大堂,台州,09:00-17:00,08/01/21 07:10,代运营,luckin coffee,
1563,台州中信银行大厦店,(No.A0001),椒江区白云街道府中路188号中信银行大厦一层大堂,台州,08:00-21:00,08/01/21 07:10,代运营,luckin coffee,
1564,台州西商务区优加广场店,(No.A0683),椒江区白云山西路58号,台州,09:00-21:00,08/01/21 07:10,代运营,luckin coffee,
1565,台州葭南店,(No.A0772),椒江区葭沚街道葭南小区枧头苑3幢3-3,台州,09:00-22:30,08/01/21 07:10,代运营,luckin coffee,
1566,台州万达店,(No.A0430),椒江区万达广场1067号,台州,08:30-21:30,08/01/21 07:10,代运营,luckin coffee,
1567,临海古城店,(No.A1105),临海市赤城路11号A-1-06-08,台州,09:00-21:30,08/01/21 07:10,代运营,luckin coffee,
1568,临海市银泰城店,(No.A0041),临海市古城街道东方大道1号,台州,10:00-22:00,08/01/21 07:10,代运营,luckin coffee,
1569,台州新城吾悦广场店,(No.A1814),黄岩区西城街道桔源街374号商铺,台州,08:00-22:00,08/01/21 07:10,代运营,luckin coffee,
1570,杜桥镇南大路店,(No.A0355),临海市杜桥镇南大路209号,台州,08:30-22:00,08/01/21 07:10,代运营,luckin coffee,
1571,天台恒太城店,(No.A1394),天台县赤城街道杨帆大厦一层101室,台州,08:00-22:00,08/01/21 07:10,代运营,luckin coffee,
1572,温岭广明大厦店,(No.A0237),温岭市城东街道阳光大道广明大厦135号,台州,08:30-21:00,08/01/21 07:10,代运营,luckin coffee,
1573,台州自力电影院店,(No.A0233),黄岩区西城街道引泉路200号,台州,09:00-22:00,08/01/21 07:10,代运营,luckin coffee,
1574,台州星光耀广场店,(No.A0219),路桥区路北街道洋洪社区银座北街909-911号,台州,09:00-21:30,08/01/21 07:10,代运营,luckin coffee,
1575,玉环玉城街道店,(No.A0357),玉环市玉城街道长康路117号底商,台州,08:30-22:00,08/01/21 07:10,代运营,luckin coffee,
1576,温岭千禧广场店,(No.A0362),太平街道万寿路258号千禧广场沿街商铺万寿路千禧广场公交车站台旁,台州,08:30-21:30,08/01/21 07:10,代运营,luckin coffee,
1577,银泰城8号写字楼店,(No.A1466),椒江区台州银泰城8幢西侧底商102室,台州,08:00-18:00,08/01/21 07:10,代运营,luckin coffee,
1578,台州中盛城市广场店,(No.A1609),路桥区邮电路170-172号,台州,08:00-22:00,08/01/21 07:10,代运营,luckin coffee,
1579,国际数码城店,(No.A0734),城东街道万昌中路758号,台州,08:30-21:00,08/01/21 07:10,代运营,luckin coffee,
1580,温岭银泰城店,(No.A0566),城西街道温岭银泰城购物中心三层3F027（1号门麦当劳优衣库门口扶手电梯上三层）,台州,10:00-21:30,08/01/21 07:10,代运营,luckin coffee,
1581,玉环玉兴东路店,(No.A1256),玉城街道玉兴东路21号,台州,08:00-21:00,08/01/21 07:10,代运营,luckin coffee,
1582,玉环吾悦广场三楼店,(No.A0976),玉诚街道双港路8号吾悦广场3层3003-1铺,台州,10:00-22:00,08/01/21 07:10,代运营,luckin coffee,
1583,台州楚门店,(No.A0853),玉环市楚门镇昌业路1号楼底商,台州,08:00-22:00,08/01/21 07:10,代运营,luckin coffee,
1584,玉环楚门印象广场店,(No.A0713),玉环市楚门环保中路225号1楼002A,台州,09:00-22:00,08/01/21 07:10,代运营,luckin coffee,
1585,乐清虹桥1909广场店,(No.A1052),虹桥镇虹河东路8号1F-01,台州,09:00-21:00,08/01/21 07:10,代运营,luckin coffee,
1586,乐清江南里店,(No.A0589),乐清市城东街道凌云路66号乐清江南里13栋104,台州,09:30-21:30,08/01/21 07:10,代运营,luckin coffee,
1587,嘉恒南虹广场店,(No.A0134),乐清市城南街道伯乐东路666号南虹广场,台州,09:30-21:30,08/01/21 07:10,代运营,luckin coffee,
1588,温岭建筑业大厦店,(No.A0857),城东街道万昌中路592号建筑业大厦一层,台州,08:30-20:00,08/01/21 07:10,代运营,luckin coffee,
1589,乐清财富新天地店,(No.A0388),乐清市城南街道伯乐路26号,台州,09:00-21:00,08/01/21 07:10,代运营,luckin coffee,
1590,乐清银祥大厦店,(No.A0009),乐清市乐成街道银祥大厦1-C-2,台州,09:00-20:00,08/01/21 07:10,代运营,luckin coffee,
1591,磐安麦德隆广场店,(No.A1880),磐安县安文街道新兴街251号第一层,台州,09:30-21:30,08/01/21 07:10,代运营,luckin coffee,
1592,仙居吾悦广场金街店,(No.A1176),南峰街道泰和中路吾悦广场1-105号,台州,08:30-22:00,08/01/21 07:10,代运营,luckin coffee,
1593,缙云永宁星座店,(No.A0601),缙云县永宁路永宁星座一层28号,台州,08:30-22:00,08/01/21 07:10,代运营,luckin coffee,
1594,新桥商业街店,(No.A1130),潮州市新桥东路280号,潮州,09:00-23:00,08/01/21 07:10,代运营,luckin coffee,
1595,揭阳天虹购物中心店,(No.A1925),揭东区兴源路东方紫园17幢2号铺,潮州,10:00-23:00,08/01/21 07:10,代运营,luckin coffee,
1596,揭阳万业广场店,(No.A1258),榕城区东山黄岐山大道万业广场和丰商务酒店1层大堂,潮州,08:30-22:30,08/01/21 07:10,代运营,luckin coffee,
1597,揭阳万达店,(No.A1939),敬请期待!,潮州,08:00-18:00,08/01/21 07:10,代运营,luckin coffee,
1598,潮安亨利店,(No.A1959),敬请期待!,潮州,08:00-18:00,08/01/21 07:10,代运营,luckin coffee,
1599,汕头澄中店,(No.A0719),澄海区文化路21号,潮州,09:00-22:00,08/01/21 07:10,代运营,luckin coffee,
1600,泰安合胜广场店,(No.A1172),龙湖区黄河路江南星语花园第１０幢泰安合胜广场１层０２Ｂ,潮州,08:30-22:30,08/01/21 07:10,代运营,luckin coffee,
1601,宜居华庭店,(No.A2096),敬请期待!,潮州,08:00-18:00,08/01/21 07:10,代运营,luckin coffee,
1602,汕头海纳天地店,(No.A2057),敬请期待!,潮州,08:00-18:00,08/01/21 07:10,代运营,luckin coffee,
1603,汕头万达广场店,(No.A1102),金平区潮汕路61号万达广场1层3号门1015C,潮州,10:00-22:30,08/01/21 07:10,代运营,luckin coffee,
1604,龙湖充耀号店,(No.A0519),龙湖区华山路57号充耀号商住中心一层商铺5-129,潮州,09:00-23:00,08/01/21 07:10,代运营,luckin coffee,
1605,合胜百货店,(No.A0919),龙湖区长江路23号新一城商业中心1幢117号全套第03卡商铺,潮州,10:00-23:00,08/01/21 07:10,代运营,luckin coffee,
1606,汕头华润大厦店,(No.A1277),龙湖区长平路95号华润大厦北塔112号铺面,潮州,09:30-22:00,08/01/21 07:10,代运营,luckin coffee,
1607,汕头苏宁广场店,(No.A0581),龙湖区长平路汕头苏宁广场写字楼2幢大堂,潮州,10:00-21:00,08/01/21 07:10,代运营,luckin coffee,
1608,揭阳仁港店,(No.A1229),榕城区东兴街道仁港社区仁港休闲美食街b栋1314号,潮州,09:00-23:00,08/01/21 07:10,代运营,luckin coffee,
1609,西昌春城西路店,(No.A0967),春城路中迪国际4号楼一层12号,西昌(凉山彝族自治州),09:00-21:00,08/01/21 07:10,代运营,luckin coffee,
1610,西昌市月城广场店,(No.A1589),西城街道大巷口月城商业广场D25铺位,西昌(凉山彝族自治州),09:00-21:00,08/01/21 07:10,代运营,luckin coffee,
1611,西昌万达广场店,(No.A1995),东城街道63号西昌万达广场5层5031号,西昌(凉山彝族自治州),10:00-22:00,08/01/21 07:10,代运营,luckin coffee,
1612,西亚和美广场店,(No.A1307),东方红大道西亚和美广场一层058号,信阳,09:30-21:00,08/01/21 07:10,代运营,luckin coffee,
1613,信阳天润店,(No.A0363),浉河区民权路天润广场二层226号铺,信阳,09:30-21:00,08/01/21 07:10,代运营,luckin coffee,
1614,信阳师范学院店,(No.A1433),浉河区长安路237号信阳师范学院综合2011号楼,信阳,10:30-20:30,08/01/21 07:10,代运营,luckin coffee,
1615,淮滨朝阳街店,(No.A1832),淮滨县滨湖街道朝阳街洪河路万福家园小区1#110商铺,信阳,08:00-23:00,08/01/21 07:10,代运营,luckin coffee,
1616,固始西亚生活广场店,(No.A1889),固始县蓼城街道蓼北路与隆兴街西南角门面房10559编号107,信阳,08:30-22:00,08/01/21 07:10,代运营,luckin coffee,
1617,潢川世博国际城店,(No.A2001),敬请期待!,信阳,08:00-18:00,08/01/21 07:10,代运营,luckin coffee,
1618,鹿城万宇步行街店,(No.A1408),阜南县鹿城镇万宇步行街c区第四铺位,信阳,09:30-22:00,08/01/21 07:10,代运营,luckin coffee,
1619,九江快乐城店,(No.A0461),九江开发区长江路A1A2-110号,九江,09:30-22:00,08/01/21 07:10,代运营,luckin coffee,
1620,九江学院店,(No.A1481),濂溪区九江学院四号服务楼4号房屋,九江,今日休息中,08/01/21 07:10,代运营,luckin coffee,
1621,九江新天地店,(No.A1482),濂溪区十里街道骡子山村818号万绑新天地购物中心商场一层,九江,10:00-21:30,08/01/21 07:10,代运营,luckin coffee,
1622,瑞昌联盛购物广场店,(No.A1948),江西省九江市瑞昌市湓城街道屈臣氏(RC联盛百货店)瑞昌联盛国际B区,九江,10:00-22:00,08/01/21 07:10,代运营,luckin coffee,
1623,九江共青学府广场店,(No.A0265),共青城市师德路学府广场一层A185-A187号,九江,今日休息中,08/01/21 07:10,代运营,luckin coffee,
1624,鄱阳尚都国际店,(No.A1957),鄱阳县鄱湖大道尚都国际一层1015号商铺,九江,09:30-22:30,08/01/21 07:10,代运营,luckin coffee,
1625,燕山大学店,(No.C0353),海港区 燕山大学西校区广缘超市一层,秦皇岛,今日休息中,08/01/21 07:10,代运营,小鹿茶,
1626,秦皇岛职业技术学院店,(No.6495),北戴河区戴河镇海滨联峰北路90号秦皇岛职业技术学院青创营1层,秦皇岛,09:30-20:00,08/01/21 07:10,自运营,luckin coffee,
1627,北戴河启功艺术馆店,(No.A1531),北戴河区海宁路4-8号启功艺术馆一层,秦皇岛,09:00-21:30,08/01/21 07:10,代运营,luckin coffee,
1628,燕山大学西校区店,(No.A1448),敬请期待!,秦皇岛,08:00-18:00,08/01/21 07:10,代运营,luckin coffee,
1629,1959文创店,(No.A1461),茂南区光华南路文光二街68号大院8、9号首层4、5号,茂名,11:00-23:00,08/01/21 07:10,代运营,luckin coffee,
1630,茂名印象汇店,(No.A1956),茂南区印象汇01-23号铺,茂名,08:00-22:00,08/01/21 07:10,代运营,luckin coffee,
1631,茂南东汇城店,(No.A1587),茂南区油城十路1号东汇城首层A1004铺,茂名,10:00-22:30,08/01/21 07:10,代运营,luckin coffee,
1632,江东湾购物广场店,(No.A2047),敬请期待!,茂名,08:00-18:00,08/01/21 07:10,代运营,luckin coffee,
1633,电白万达店,(No.A1963),敬请期待!,茂名,08:00-18:00,08/01/21 07:10,代运营,luckin coffee,
1634,华北商厦店,(No.C0030),华北商厦8层东南侧（呷哺呷哺南侧）,沧州,09:00-21:00,08/01/21 07:10,代运营,小鹿茶,
1635,沧州颐和家园店,(No.A0510),运河区解放西路颐和家园15幢1028铺,沧州,09:00-21:00,08/01/21 07:10,代运营,luckin coffee,
1636,荣盛广场店,(No.A0003),运河区荣盛国际购物广场信发商厦一层18号商铺,沧州,09:00-21:00,08/01/21 07:10,代运营,luckin coffee,
1637,金宝方圆荟店,(No.A1529),骅西街道金宝方圆荟金宝方圆荟购物中心一层,沧州,09:00-21:30,08/01/21 07:10,代运营,luckin coffee,
1638,浏阳天虹商业街店,(No.A1838),浏阳市石霜路116号,浏阳(长沙),08:30-22:00,08/01/21 07:10,代运营,luckin coffee,
1639,德阳文庙新天地店,(No.A1357),文庙步行街5-102号商铺,德阳,09:30-21:30,08/01/21 07:10,代运营,luckin coffee,
1640,德阳洋洋百货店,(No.A0692),旌阳区长江西路二段1号洋洋百货南街店二层B区,德阳,09:30-21:30,08/01/21 07:10,代运营,luckin coffee,
1641,德阳上美广场店,(No.A0215),旌阳区岷江西路一段550号凯旋国际广场1栋1-1附3号,德阳,09:30-22:00,08/01/21 07:10,代运营,luckin coffee,
1642,德阳万达广场店,(No.A1507),德阳市天山北路一段33号万达广场1栋1-53号,德阳,09:00-21:30,08/01/21 07:10,代运营,luckin coffee,
1643,中江伍城南路店,(No.A1189),中江县伍城南路17号,德阳,09:30-21:00,08/01/21 07:10,代运营,luckin coffee,
1644,罗江1788店,(No.A1240),德阳市罗江县万安中路宇隆商业广场A5-1-15号,德阳,09:30-21:00,08/01/21 07:10,代运营,luckin coffee,
1645,德阳万达店,(No.A1427),敬请期待!,德阳,08:00-18:00,08/01/21 07:10,代运营,luckin coffee,
1646,三台东方时代广场店,(No.A1453),三台县潼川镇上东街东方时代广场一期,德阳,10:00-20:30,08/01/21 07:10,代运营,luckin coffee,
1647,绵阳师范学院磨家店,(No.A1471),涪城区磨家镇绵阳师范学院（磨家桥校区）学生住宿楼7栋一层,德阳,09:00-17:00,08/01/21 07:10,代运营,luckin coffee,
1648,绵阳万达广场店,(No.A0353),涪城区朝阳街道万达广场5-1-23号,德阳,10:00-21:00,08/01/21 07:10,代运营,luckin coffee,
1649,绵阳新世界店,(No.A0959),涪城区临园路东段72号绵阳新世界百货1层,德阳,10:00-21:00,08/01/21 07:10,代运营,luckin coffee,
1650,绵阳百盛购物中心广场店,(No.A1143),涪城区安昌路17号百盛购物中心广场,德阳,09:00-20:30,08/01/21 07:10,代运营,luckin coffee,
1651,绵阳马家巷店,(No.A0879),涪城区孙家巷3-2号,德阳,09:00-21:30,08/01/21 07:10,代运营,luckin coffee,
1652,绵阳茂业百货店,(No.A1271),涪城区公园路1号兴达广场茂业百货一层楼梯底部036X铺,德阳,10:00-21:00,08/01/21 07:10,代运营,luckin coffee,
1653,绵阳师范学院店,(No.A1313),敬请期待!,德阳,08:00-18:00,08/01/21 07:10,代运营,luckin coffee,
1654,铂金时代广场店,(No.A1934),涪城区普明街道火炬西街北段101号凯旋国际1幢1层10号门面,德阳,09:00-20:30,08/01/21 07:10,代运营,luckin coffee,
1655,西南科技大学西门店,(No.A0927),涪城区青义镇飞龙路1号（西南科技大学老区北门）,德阳,11:00-20:00,08/01/21 07:10,代运营,luckin coffee,
1656,绵阳长虹国际广场店,(No.A0793),涪城区工区街道跃进路6号长虹国际城19栋-1层6号,德阳,09:30-20:30,08/01/21 07:10,代运营,luckin coffee,
1657,绵阳经开万达广场店,(No.A1524),经开区塘汛东路38号绵阳经开万达广场一层,德阳,09:00-21:30,08/01/21 07:10,代运营,luckin coffee,
1658,绵阳安州汇星百货店,(No.A1927),敬请期待!,德阳,08:00-18:00,08/01/21 07:10,代运营,luckin coffee,
1659,汕尾信利城市广场店,(No.A1893),香洲街道信利城市广场一层1F013,汕尾,09:00-22:00,08/01/21 07:10,代运营,luckin coffee,
1660,汕尾陆丰东海盛世豪庭店,(No.A1138),陆丰市东海镇盛世豪庭30-31号,汕尾,11:00-23:00,08/01/21 07:10,代运营,luckin coffee,
1661,华润小径湾店,(No.A1890),敬请期待!,汕尾,08:00-18:00,08/01/21 07:10,代运营,luckin coffee,
1662,揭阳金碧家园店,(No.A0651),惠来县惠城镇金碧家园22号,汕尾,09:00-23:00,08/01/21 07:10,代运营,luckin coffee,
1663,南通大厦店,(No.6047),崇川区人民中路69号,南通,09:00-17:30,08/01/21 07:10,自运营,luckin coffee,
1664,南通南大街五星电器店,(No.4589),崇川区南大街33号银河大厦南楼一楼五星电器大堂,南通,09:00-20:30,08/01/21 07:10,自运营,luckin coffee,
1665,南通宝声广场店,(No.4842),崇川区人民中路116号宝声广场一层1009-1号,南通,08:00-19:30,08/01/21 07:10,自运营,luckin coffee,
1666,南通大学启秀校区店,(No.6046),崇川区启秀路19号启秀校区教育超市西侧,南通,09:00-18:00,08/01/21 07:10,自运营,luckin coffee,
1667,圆融购物中心店,(No.4939),崇川区工农路57号金鹰购物中心三层A03-00251,南通,10:00-21:30,08/01/21 07:10,自运营,luckin coffee,
1668,金融汇店,(No.2830),崇川区工农路33号金融汇一层大堂,南通,08:00-18:00,08/01/21 07:10,自运营,luckin coffee,
1669,文峰城市广场店,(No.2847),崇川区虹桥路1号文峰城市广场四层A4013号,南通,10:00-20:00,08/01/21 07:10,自运营,luckin coffee,
1670,南通北翼玖玖店,(No.A0335),工农北路北翼玖玖广场4幢103室,南通,08:30-19:30,08/01/21 07:10,代运营,luckin coffee,
1671,国际贸易中心店,(No.2854),崇川区崇川路88号国际贸易中心一层大堂,南通,今日休息中,08/01/21 07:10,自运营,luckin coffee,
1672,中国移动南通分公司店,(No.2948),崇川区洪江路69号中国移动集团南通分公司一层大堂,南通,09:00-18:00,08/01/21 07:10,自运营,luckin coffee,
1673,南通中央公园广场店,(No.2855),崇川区桃园路10号中南世纪城27号楼一层大堂,南通,07:30-18:00,08/01/21 07:10,自运营,luckin coffee,
1674,中南城购物中心店,(No.2951),崇川区桃园路12号中南城购物中心五层,南通,10:00-21:30,08/01/21 07:10,自运营,luckin coffee,
1675,海外联谊大厦店,(No.3164),崇川区工农南路88号海外联谊大厦一层大堂 ,南通,今日休息中,08/01/21 07:10,自运营,luckin coffee,
1676,南通印象城店,(No.3022),崇川区工农南路155号印象城四层L4-26A-2号,南通,10:00-20:30,08/01/21 07:10,自运营,luckin coffee,
1677,绿地南通万达店,(No.3253),港闸区深南路9号万达广场负一层绿地生鲜超市,南通,10:00-20:30,08/01/21 07:10,自运营,luckin coffee,
1678,港闸华润万象城店,(No.A0958),港闸区万象润街13号113室,南通,08:30-21:00,08/01/21 07:10,代运营,luckin coffee,
1679,京扬数码城店,(No.A0416),崇川区人民中路209号京扬广场发到家超市一层,南通,09:00-21:00,08/01/21 07:10,代运营,luckin coffee,
1680,海安贵都购物广场店,(No.A0056),海安市长江中路93号贵都购物广场二层,南通,08:30-20:00,08/01/21 07:10,代运营,luckin coffee,
1681,海安中坝中路店,(No.A0756),中坝中路32号如意紫都广场东南侧,南通,09:00-21:30,08/01/21 07:10,代运营,luckin coffee,
1682,南通华融和生广场店,(No.A0142),通州区川叠路1555号华融和生商业广场6座一层A3-3-1号,南通,07:30-19:30,08/01/21 07:10,代运营,luckin coffee,
1683,南通江成研发园店,(No.4583),崇川区江城路1088号江成研发园1号楼一层大堂,南通,今日休息中,08/01/21 07:10,自运营,luckin coffee,
1684,益兴大厦店,(No.3436),崇川区长圆路1号益兴大厦一层大堂,南通,08:00-19:00,08/01/21 07:10,自运营,luckin coffee,
1685,星湖101广场店,(No.3566),崇川区星湖大道1101号星湖101广场3幢一层底商,南通,08:00-19:00,08/01/21 07:10,自运营,luckin coffee,
1686,南山湖水街店,(No.6558),通州区珠江路88号南山湖水街商业中心8#一层,南通,09:00-21:00,08/01/21 07:10,自运营,luckin coffee,
1687,南通通州万达店,(No.6191),通州区朝霞东路198号万达广场三楼3053商铺,南通,10:00-21:30,08/01/21 07:10,自运营,luckin coffee,
1688,奥邦城市广场店,(No.4287),通州区银河东路8号奥邦城市商业广场一层3号,南通,08:00-20:00,08/01/21 07:10,自运营,luckin coffee,
1689,常熟梅李店,(No.A1962),常熟市梅李镇通江路26号聚沙锦苑6幢105号,南通,09:00-21:00,08/01/21 07:10,代运营,luckin coffee,
1690,常熟市中医院店,(No.6079),常熟市黄河路6号常熟市中医院住院大楼西侧一层,南通,08:00-18:00,08/01/21 07:10,自运营,luckin coffee,
1691,常熟万科公望店,(No.A0171),常熟市琴川街道宝山路88号万科公望商业街10幢102广场底商,南通,08:30-20:00,08/01/21 07:10,代运营,luckin coffee,
1692,常熟星光天地店,(No.6336),常熟市闽江东路9号星光天地一层,南通,09:30-21:00,08/01/21 07:10,自运营,luckin coffee,
1693,新瑞大厦店,(No.4263),通州区金沙镇建设路66号新瑞商业大厦一层122号,南通,08:00-19:30,08/01/21 07:10,自运营,luckin coffee,
1694,姜堰锦宸百货店,(No.A0259),姜堰区姜堰大道368号锦宸大厦101室,南通,08:00-21:00,08/01/21 07:10,代运营,luckin coffee,
1695,姜堰万达广场店,(No.A1591),姜堰区罗塘街道泰州姜堰万达广场1F1006号商铺,南通,09:30-21:00,08/01/21 07:10,代运营,luckin coffee,
1696,东台鼓楼步行街店,(No.A1180),东台市鼓楼路180号,南通,08:30-22:00,08/01/21 07:10,代运营,luckin coffee,
1697,东台圆融广场店,(No.A1257),望海东路29号圆融城市中心广场8号楼8-104商铺,南通,08:00-22:00,08/01/21 07:10,代运营,luckin coffee,
1698,南通启东新城吾悦广场店,(No.6573),启东市汇龙镇建设南路88号S1-102、S1-142-2,南通,08:30-21:00,08/01/21 07:10,自运营,luckin coffee,
1699,中江电商港店,(No.6188),崇川区文峰街道中江·电商港中江国际广场一层,南通,今日休息中,08/01/21 07:10,自运营,luckin coffee,
1700,南通大学啬园校区店,(No.6045),崇川区南通大学啬园校区综合楼底层西侧111号,南通,08:00-18:00,08/01/21 07:10,自运营,luckin coffee,
1701,常熟国际贸易中心店,(No.4391),常熟市黄河路12号常熟国际贸易中心A幢一层大堂,南通,08:00-18:00,08/01/21 07:10,自运营,luckin coffee,
1702,摩根360广场店,(No.A0125),建设路880号,南阳,10:00-21:30,08/01/21 07:10,代运营,luckin coffee,
1703,南阳理工学院店,(No.A1090),宛城区长江路80号南阳理工学院东南校区天猫超市一店,南阳,今日休息中,08/01/21 07:10,代运营,luckin coffee,
1704,南阳师范学院店,(No.A1558),卧龙区卧龙路 1638号南阳师范学院天猫校园一层03铺,南阳,10:00-19:00,08/01/21 07:10,代运营,luckin coffee,
1705,南阳府衙商业街店,(No.A1929),敬请期待!,南阳,09:30-21:30,08/01/21 07:10,代运营,luckin coffee,
1706,新华城市广场临街店,(No.A2081),敬请期待!,南阳,08:00-18:00,08/01/21 07:10,代运营,luckin coffee,
1707,金谷大厦店,(No.4201),钟楼区广化街3号金谷大厦底商,常州,09:30-18:30,08/01/21 07:10,自运营,luckin coffee,
1708,钟楼吾悦国际广场店,(No.A1060),钟楼区延陵西路123号常州新城吾悦国际广场B座1层103A-1,常州,08:00-21:00,08/01/21 07:10,代运营,luckin coffee,
1709,九洲新世界广场店,(No.3680),天宁区兰陵北路999号新世界广场负一层087号,常州,10:00-21:00,08/01/21 07:10,自运营,luckin coffee,
1710,莱蒙都会店,(No.3146),钟楼区南大街8-147号莱蒙都会商业广场底商,常州,08:00-21:00,08/01/21 07:10,自运营,luckin coffee,
1711,南大街步行街店,(No.3184),钟楼区南大街街道青云坊71号底商,常州,07:00-20:30,08/01/21 07:10,自运营,luckin coffee,
1712,银河湾数码城店,(No.3714),天宁区兰陵街道劳动西路21号3幢130号禾沐家一层大堂,常州,08:00-18:30,08/01/21 07:10,自运营,luckin coffee,
1713,富邦广场店,(No.2816),天宁区富邦商业广场1幢1004号底商 ,常州,08:00-18:30,08/01/21 07:10,自运营,luckin coffee,
1714,新城国际大厦店,(No.3136),钟楼区通江南路88号新城国际大厦一层大堂,常州,08:00-18:00,08/01/21 07:10,自运营,luckin coffee,
1715,常州大学西太湖校区店,(No.6765),敬请期待!,常州,07:00-22:00,08/01/21 07:10,自运营,luckin coffee,
1716,世贸中心店,(No.2214),武进区湖塘镇延政中路16号世贸中心一层,常州,08:00-18:00,08/01/21 07:10,自运营,luckin coffee,
1717,英诺激光店,(No.2471),武进区常武中路18-69号常州科教城英诺激光大厦一层大堂,常州,08:30-18:00,08/01/21 07:10,自运营,luckin coffee,
1718,天宁时代广场店,(No.2880),天宁区竹林西路19号天宁时代广场2号楼一层大堂,常州,08:00-18:00,08/01/21 07:10,自运营,luckin coffee,
1719,太阳城店,(No.3168),新北区通江中路369号太阳城底商,常州,07:30-21:30,08/01/21 07:10,自运营,luckin coffee,
1720,大成大厦店,(No.6183),天宁区天宁街道关河东路88-6号大成大厦一层,常州,今日休息中,08/01/21 07:10,自运营,luckin coffee,
1721,常州恒生科技园店,(No.3773),天宁区北塘河路8号恒生科技园二区2幢三层301-1室,常州,今日休息中,08/01/21 07:10,自运营,luckin coffee,
1722,常州创意产业园店,(No.3295),新北区太湖东路9号4幢软件园D座一层大堂,常州,07:30-18:00,08/01/21 07:10,自运营,luckin coffee,
1723,万达广场新北店,(No.4601),新北区万达广场6-1号苏宁易购广场C座一层1001号,常州,10:00-20:30,08/01/21 07:10,自运营,luckin coffee,
1724,凯信商务广场店,(No.3327),天宁区红梅街道通江南路257号凯信商务广场一层,常州,08:00-18:00,08/01/21 07:10,自运营,luckin coffee,
1725,常州政务中心店,(No.4665),天宁区红梅街道锦绣路2号1-1负一层6号,常州,今日休息中,08/01/21 07:10,自运营,luckin coffee,
1726,武进万达店,(No.3682),武进区花园街301号武进万达广场F1层1号门1F07-1F08号,常州,09:30-21:30,08/01/21 07:10,自运营,luckin coffee,
1727,武进吾悦广场店,(No.4485),武进区武宜中路188号吾悦广场4层主题街418-1B号,常州,10:00-20:30,08/01/21 07:10,自运营,luckin coffee,
1728,万博广场店,(No.3514),武进区常武北路1-109号万博生活广场底商,常州,07:30-20:30,08/01/21 07:10,自运营,luckin coffee,
1729,常州天宁吾悦广场店,(No.A0458),天宁区东方西路天宁吾悦广场步行商业街1幢23号（商场至步行街6号通道口对面）,常州,09:00-21:00,08/01/21 07:10,代运营,luckin coffee,
1730,武进传媒大厦店,(No.6155),武进区花园街200号传媒大厦一层,常州,08:00-18:00,08/01/21 07:10,自运营,luckin coffee,
1731,溧阳万达广场店,(No.6734),溧阳市溧城镇常州溧阳万达商业广场室内步行街4F层4053A号,常州,10:00-21:30,08/01/21 07:10,自运营,luckin coffee,
1732,华府汇广场店,(No.A0292),溧阳市南大街618号华府汇广场一层11号,常州,09:00-21:30,08/01/21 07:10,代运营,luckin coffee,
1733,溧水万达广场店,(No.7054),溧水区高平大街55号万达广场二层2029铺,常州,10:00-20:30,08/01/21 07:10,自运营,luckin coffee,
1734,溧水人民医院店,(No.7341),敬请期待!,常州,07:00-20:00,08/01/21 07:10,自运营,luckin coffee,
1735,宜兴卓易软件园店,(No.6024),宜兴市新街街道兴业路298号宜兴软件园大厦二期4#1层102室,常州,08:00-18:00,08/01/21 07:10,自运营,luckin coffee,
1736,宜兴解放西路店,(No.A0043),宜兴市宜城街道解放西路67号102室,常州,09:30-20:30,08/01/21 07:10,代运营,luckin coffee,
1737,宜兴苏宁生活广场店,(No.6402),宜兴市宜城街道宜城街道解放东路11号,常州,10:00-21:00,08/01/21 07:10,自运营,luckin coffee,
1738,宜兴八佰伴中心店,(No.A0111),宜兴市宜城街道解放东路288号八佰伴中心五层L5012,常州,10:00-20:30,08/01/21 07:10,代运营,luckin coffee,
1739,无锡工艺职业技术学院店,(No.4907),宜兴市工艺职业技术学院第一食堂二层,常州,09:30-19:30,08/01/21 07:10,自运营,luckin coffee,
1740,宜兴万达金街店,(No.4893),宜兴市宜城街道万达广场金街22号底商 ,常州,09:30-21:30,08/01/21 07:10,自运营,luckin coffee,
1741,易买得大学城店,(No.4408),武进区鸣新中路21号易买得商场一层101-301号商铺,常州,09:00-20:00,08/01/21 07:10,自运营,luckin coffee,
1742,江阴万达金街店,(No.4710),江阴市人民西路317号万达广场金街一层150号,常州,10:00-21:00,08/01/21 07:10,自运营,luckin coffee,
1743,江阴八佰伴南门店,(No.A1017),澄江街道九方广场108号,常州,09:00-21:00,08/01/21 07:10,代运营,luckin coffee,
1744,惠山万达金街店,(No.3418),惠山区吴韵路321号惠山万达商业广场金街98号 ,常州,10:00-20:30,08/01/21 07:10,自运营,luckin coffee,
1745,大润云商店,(No.1378),惠山区智慧路21号大润传感产业大厦1号楼一层102室,常州,08:00-18:00,08/01/21 07:10,自运营,luckin coffee,
1746,江阴佳兆业广场店,(No.A0240),江阴市人民东路1087号佳兆业广场101-1,常州,09:00-21:00,08/01/21 07:10,代运营,luckin coffee,
1747,常州天安数码城店,(No.3451),武进区常武南路588-101号常州天安数码城C座底商 ,常州,08:00-18:00,08/01/21 07:10,自运营,luckin coffee,
1748,无锡商业职业技术学院店,(No.6667),滨湖区钱胡路809号无锡商业职业技术学院南苑食堂二层,常州,10:00-19:30,08/01/21 07:10,自运营,luckin coffee,
1749,藕塘职教园店,(No.6020),惠山区钱桥藕塘职教园文良路131号,常州,10:00-19:30,08/01/21 07:10,自运营,luckin coffee,
1750,无锡城市学院店,(No.6074),惠山区钱桥青春商业中心D区8-116号底商,常州,10:00-18:00,08/01/21 07:10,自运营,luckin coffee,
1751,无锡太湖学院南区店,(No.4720),滨湖区钱荣路68号太湖学院南区新苑餐厅一层,常州,09:00-19:00,08/01/21 07:10,自运营,luckin coffee,
1752,五洲国际装饰城店,(No.3117),惠山区盛岸西路668号五洲国际装饰城底商,常州,08:30-18:00,08/01/21 07:10,自运营,luckin coffee,
1753,无锡太湖学院北区店,(No.3620),滨湖区钱荣路80号太湖学院青创营一层大堂 ,常州,07:30-19:00,08/01/21 07:10,自运营,luckin coffee,
1754,大理泰业城店,(No.C0188),大理市下关镇建设东路21号泰业广场商场五层A507号商铺,大理白族自治州,10:00-21:30,08/01/21 07:10,代运营,小鹿茶,
1755,大理古城店,(No.A1554),大理镇大理古城红龙井G03铺面,大理白族自治州,09:00-22:00,08/01/21 07:10,代运营,luckin coffee,
1756,大理大学校区店,(No.A1818),敬请期待!,大理白族自治州,08:00-18:00,08/01/21 07:10,代运营,luckin coffee,
1757,淄博大顺路店,(No.A1106),临淄区大顺路38号,淄博,09:00-21:00,08/01/21 07:10,代运营,luckin coffee,
1758,淄川SM城市广场店,(No.A1429),山东省淄博市淄川区般阳路街道SM城市广场1F157号铺位,淄博,09:30-21:30,08/01/21 07:10,代运营,luckin coffee,
1759,青州泰华城店,(No.A1588),泰华城一层东门口处,淄博,09:30-21:30,08/01/21 07:10,代运营,luckin coffee,
1760,青州大利群店,(No.A2004),敬请期待!,淄博,08:00-18:00,08/01/21 07:10,代运营,luckin coffee,
1761,青州古城店,(No.A2077),敬请期待!,淄博,08:00-18:00,08/01/21 07:10,代运营,luckin coffee,
1762,徐州回龙窝店,(No.A0028),云龙区解放路8号回龙窝历史文化街区城墙外街6号,徐州,09:30-21:00,08/01/21 07:10,代运营,luckin coffee,
1763,徐州彭城壹号店,(No.A0010),鼓楼区黄楼街道彭城北路彭城壹号一层,徐州,09:30-21:30,08/01/21 07:10,代运营,luckin coffee,
1764,苏宁复兴广场店,(No.A0345),鼓楼区黄楼街道复兴路27号和信广场三期复兴苏宁广场B3-101号,徐州,09:00-20:00,08/01/21 07:10,代运营,luckin coffee,
1765,徐州万科淮海天地店,(No.A0367),泉山区万科淮海天地四街区1幢3单元117号,徐州,08:30-20:30,08/01/21 07:10,代运营,luckin coffee,
1766,徐州三胞国际广场店,(No.A0368),泉山区解放南路26-8号三胞国际广场一层112号,徐州,09:00-20:00,08/01/21 07:10,代运营,luckin coffee,
1767,矿业大学文昌校区店,(No.A1369),泰山街道中国矿业大学文昌校区风味小吃城东侧二层,徐州,今日休息中,08/01/21 07:10,代运营,luckin coffee,
1768,颐和汇邻湾店,(No.C0095),泉山区三环南路39号颐和汇邻湾广场一层1033号铺,徐州,09:00-21:00,08/01/21 07:10,代运营,小鹿茶,
1769,徐州云龙万达广场店,(No.A0670),云龙区云祥路万达广场2-3间商铺1-125号,徐州,08:00-20:30,08/01/21 07:10,代运营,luckin coffee,
1770,江苏师范大学泉山店,(No.C0110),铜山区徐师大公寓园小区商业步行街A8#楼底商,徐州,09:30-20:00,08/01/21 07:10,代运营,小鹿茶,
1771,徐州淮海环球港店,(No.A0526),经济技术开发区徐海路 8 幢一层 L10116 号商铺,徐州,10:00-21:00,08/01/21 07:10,代运营,luckin coffee,
1772,徐州铜山大丰壹方城店,(No.A1390),铜山区大学路西侧219号大丰壹方城一层,徐州,10:00-18:00,08/01/21 07:10,代运营,luckin coffee,
1773,中国矿业大学南湖校区店,(No.A1354),铜山区大学路中国矿业大学南湖校区南湖音乐餐厅L01、L02店铺,徐州,今日休息中,08/01/21 07:10,代运营,luckin coffee,
1774,徐州美的广场地铁口店,(No.A1464),云龙区大龙湖街道昆仑大道3号美的广场1-1110号,徐州,08:30-21:00,08/01/21 07:10,代运营,luckin coffee,
1775,徐州工程学院店,(No.A1263),云龙区大龙湖街道徐州工程学院中心校区第二食堂3楼扶梯口右侧,徐州,今日休息中,08/01/21 07:10,代运营,luckin coffee,
1776,徐州绿地缤纷城南门店,(No.A1473),云龙区唐盛路7号3-3地块绿地缤纷城一层L1014西区,徐州,08:30-21:00,08/01/21 07:10,代运营,luckin coffee,
1777,江苏师范大学科文学院店,(No.A1546),贾汪区徐师大科文学院潘安湖校区商业街出入口处6号铺,徐州,今日休息中,08/01/21 07:10,代运营,luckin coffee,
1778,丰县凤鸣金街店,(No.A1802),丰县凤鸣金街A区S2栋一托2层111号商铺,徐州,09:30-21:30,08/01/21 07:10,代运营,luckin coffee,
1779,西关新天地店,(No.4826),兴宁区西关路2号西关广场二层210 号,南宁,10:00-22:30,08/01/21 07:10,自运营,luckin coffee,
1780,百盛西南商都店,(No.4723),兴宁区朝阳路29号西南商都三层29号 ,南宁,10:00-22:30,08/01/21 07:10,自运营,luckin coffee,
1781,昊天通讯城店,(No.6059),兴宁区青云街18号悦荟商业广场C座昊天数码港一层1-9号,南宁,09:30-22:00,08/01/21 07:10,自运营,luckin coffee,
1782,丽原天际店,(No.6496),青秀区民族大道12号丽原·天际商场第一层1-12号铺,南宁,07:30-20:00,08/01/21 07:10,自运营,luckin coffee,
1783,广西中医药大学明秀店,(No.6486),西乡塘区明秀东路179号广西中医药大学明秀校区五明食堂左侧小超市,南宁,08:00-20:00,08/01/21 07:10,自运营,luckin coffee,
1784,南宁鼎丰奥莱店,(No.A1606),青秀区新民路4号,南宁,08:30-21:30,08/01/21 07:10,代运营,luckin coffee,
1785,正恒国际广场店,(No.6442),西乡塘区明秀西路111号正恒国际广场3号楼25号,南宁,08:00-22:00,08/01/21 07:10,自运营,luckin coffee,
1786,大唐天城店,(No.4992),西乡塘区北湖北路2号大唐天城购物中心负一层第NNTC-ZD-B1-05号,南宁,10:00-22:00,08/01/21 07:10,自运营,luckin coffee,
1787,南宁国际金融中心店,(No.4657),青秀区金浦路20号国际金融中心一层大堂,南宁,08:00-18:30,08/01/21 07:10,自运营,luckin coffee,
1788,三祺广场店,(No.4643),青秀区民族大道146号三祺广场写字楼大堂一层1-1号,南宁,08:00-19:30,08/01/21 07:10,自运营,luckin coffee,
1789,安吉万达维也纳酒店店,(No.4749),西乡塘区高新大道55号安吉万达广场19栋118号维也纳酒店大堂 ,南宁,08:00-20:30,08/01/21 07:10,自运营,luckin coffee,
1790,相思湖购物广场店,(No.4737),西乡塘区大学东路93号相思湖购物广场一层1044-1045号,南宁,10:00-22:00,08/01/21 07:10,自运营,luckin coffee,
1791,永辉广场店,(No.4736),西乡塘区龙腾路80号台北街台北中心一层1007号商铺 ,南宁,09:00-21:30,08/01/21 07:10,自运营,luckin coffee,
1792,琅西站商业街店,(No.4813),南宁市地铁3号线埌西站物业区D09号商铺,南宁,10:00-21:00,08/01/21 07:10,自运营,luckin coffee,
1793,南宁东站本港荟美食广场店,(No.4817),青秀区长虹路66号南宁东站出站层4#第15号,南宁,09:30-20:30,08/01/21 07:10,自运营,luckin coffee,
1794,广西艺术学院相思湖店,(No.A1080),罗文大道8号广西艺术学院相思湖校区A栋学生公寓南面一层架空层四号铺面,南宁,今日休息中,08/01/21 07:10,代运营,luckin coffee,
1795,南宁东盟企业总部基地店,(No.6357),西乡塘区总部路3号中国—东盟科技企业孵化基地二期1号宿舍楼底商,南宁,今日休息中,08/01/21 07:10,自运营,luckin coffee,
1796,安吉万达商场店,(No.7328),敬请期待!,南宁,07:00-22:00,08/01/21 07:10,自运营,luckin coffee,
1797,天元国际店,(No.4847),江南区白沙大道38-6号明皇丽湾底商,南宁,07:30-19:30,08/01/21 07:10,自运营,luckin coffee,
1798,江南万达店,(No.7109),江南区亭洪路48-1号万达广场三层3060号,南宁,10:00-22:00,08/01/21 07:10,自运营,luckin coffee,
1799,百益上河城店,(No.4945),江南区亭洪路45号19栋 A14号楼139号,南宁,09:30-22:30,08/01/21 07:10,自运营,luckin coffee,
1800,国立又一城店,(No.6224),青秀区东一巷25号国立又一城商场一层B1号,南宁,08:00-21:00,08/01/21 07:10,自运营,luckin coffee,
1801,江南盛天地店,(No.7163),江南区壮锦大道27号盛天领域3号楼底商,南宁,07:00-22:00,08/01/21 07:10,自运营,luckin coffee,
1802,龙光国际广场店,(No.6755),良庆区五象大道399号龙光国际广场一层1093号,南宁,08:00-18:00,08/01/21 07:10,自运营,luckin coffee,
1803,南宁总部基地绿地店,(No.A0205),良庆区凯旋路15号,南宁,10:00-18:00,08/01/21 07:10,代运营,luckin coffee,
1804,广西国际壮医医院店,(No.6399),良庆区秋月路8号广西国际壮医医院食堂一层,南宁,08:00-18:00,08/01/21 07:10,自运营,luckin coffee,
1805,广西路桥集团店,(No.6021),良庆区平乐大道21号广西路桥总部大厦主楼一层大堂,南宁,08:00-18:30,08/01/21 07:10,自运营,luckin coffee,
1806,南宁学院店,(No.6786),邕宁区龙亭路8号南宁学院二食堂二层,南宁,08:00-21:00,08/01/21 07:10,自运营,luckin coffee,
1807,北部湾港务大厦店,(No.4912),青秀区金浦路33号北部湾港务大厦底商,南宁,08:00-18:00,08/01/21 07:10,自运营,luckin coffee,
1808,万象汇店,(No.7334),敬请期待!,南宁,07:00-22:00,08/01/21 07:10,自运营,luckin coffee,
1809,中国平安大厦店,(No.6700),敬请期待!,南宁,08:00-18:00,08/01/21 07:10,自运营,luckin coffee,
1810,大唐国际中心店,(No.7255),敬请期待!,南宁,08:00-18:00,08/01/21 07:10,自运营,luckin coffee,
1811,广西财经学院相思湖店,(No.6361),西乡塘区大学西路189号广西财经学院相思湖校区图书馆二层,南宁,08:00-19:30,08/01/21 07:10,自运营,luckin coffee,
1812,广西建设职业技术学院店,(No.6578),西乡塘区罗文大道90号建设学院二食堂一层,南宁,10:00-22:00,08/01/21 07:10,自运营,luckin coffee,
1813,广西民族大学店,(No.6679),西乡塘区大学东路188号广西民族大学八坡留学生公寓二层,南宁,08:00-22:00,08/01/21 07:10,自运营,luckin coffee,
1814,华成都市购物中心店,(No.A0163),高新区新苑路17号华成都市商业广场一层1065号,南宁,08:00-22:30,08/01/21 07:10,代运营,luckin coffee,
1815,广西中医药大学仙葫校区店,(No.6808),青秀区五合大道13号中医药大学仙湖校区五和食堂底商,南宁,08:00-20:00,08/01/21 07:10,自运营,luckin coffee,
1816,上东国际店,(No.6128),青秀区民族大道166号上东国际裙房P3-103号,南宁,08:00-19:30,08/01/21 07:10,自运营,luckin coffee,
1817,财富国际广场店,(No.6330),青秀区名族大道157号财富国际广场2号楼一层大堂,南宁,08:30-18:30,08/01/21 07:10,自运营,luckin coffee,
1818,龙光世纪A座店,(No.6387),青秀区中柬路8号龙光世纪中心A座一层大堂,南宁,08:00-18:00,08/01/21 07:10,自运营,luckin coffee,
1819,南宁东站候车厅店,(No.6146),青秀区长虹路66号火车东站候车厅三层GJJ-15-2号商铺,南宁,08:00-20:00,08/01/21 07:10,自运营,luckin coffee,
1820,广西大学荟萃楼店,(No.6651),西乡塘区大学东路100号广西大学荟萃楼二层,南宁,08:00-21:00,08/01/21 07:10,自运营,luckin coffee,
1821,永恒朗悦店,(No.4883),西乡塘区大学东路118号永恒朗悦酒店立体停车库底商,南宁,07:30-22:30,08/01/21 07:10,自运营,luckin coffee,
1822,江宇世纪城店,(No.4892),兴宁区明秀东路178号江宇世纪城二层2040A号,南宁,10:00-21:30,08/01/21 07:10,自运营,luckin coffee,
1823,东葛路内街店,(No.6797),青秀区建政街道东葛路内街商场一栋一层01C号,南宁,08:00-22:00,08/01/21 07:10,自运营,luckin coffee,
1824,南宁青秀万达店,(No.A0983),青秀区东葛路118号青秀万达广场金街1060号商铺,南宁,10:00-22:00,08/01/21 07:10,代运营,luckin coffee,
1825,德利AICC阳光保险店,(No.A0407),佛子岭路18号阳光金融大厦一层大堂,南宁,08:30-20:30,08/01/21 07:10,代运营,luckin coffee,
1826,金源CBD店,(No.6781),青秀区南湖路63号金源CBD现代城一层大堂,南宁,08:00-18:00,08/01/21 07:10,自运营,luckin coffee,
1827,夏威夷酒店店,(No.4930),青秀区民族大道81号夏威夷国际酒店一层1-2号,南宁,07:30-22:00,08/01/21 07:10,自运营,luckin coffee,
1828,发展大厦雅斯特酒店大堂店,(No.7055),青秀区民族大道111号发展大厦雅斯特酒店一层大堂,南宁,08:30-18:00,08/01/21 07:10,自运营,luckin coffee,
1829,万象城百盛店,(No.6022),青秀区民族大道136号南宁万象城二层B3号,南宁,10:00-22:00,08/01/21 07:10,自运营,luckin coffee,
1830,金湖地铁商业街店,(No.6572),青秀区金湖北路地铁三号线金湖广场站新南仓地铁商业街B16a号商铺,南宁,08:00-21:30,08/01/21 07:10,自运营,luckin coffee,
1831,北部湾大厦店,(No.6042),青秀区中泰路11号北部湾大厦一层大堂,南宁,08:00-18:00,08/01/21 07:10,自运营,luckin coffee,
1832,华润大厦C座店,(No.6915),青秀区民族大道136号华润大厦C座底商,南宁,08:00-18:00,08/01/21 07:10,自运营,luckin coffee,
1833,广西外国语学院店,(No.7234),敬请期待!,南宁,07:00-22:00,08/01/21 07:10,自运营,luckin coffee,
1834,南平四鹤步行街店,(No.A2000),敬请期待!,南平,08:00-18:00,08/01/21 07:10,代运营,luckin coffee,
1835,南平市人民医院店,(No.A1998),敬请期待!,南平,08:00-18:00,08/01/21 07:10,代运营,luckin coffee,
1836,浦城永晖商业中心店,(No.A1836),浦城县浦城永晖商业中心一层121号商铺,南平,08:30-22:00,08/01/21 07:10,代运营,luckin coffee,
1837,南平万达广场店,(No.A0586),建阳区大红袍路2号万达广场内1A层中庭扶梯旁1A003号,南平,10:00-22:00,08/01/21 07:10,代运营,luckin coffee,
1838,武夷学院店,(No.A1014),武夷学院四期食堂顺城学生广场2层18号,南平,今日休息中,08/01/21 07:10,代运营,luckin coffee,
1839,南平建发悦城大润发店,(No.A1280),建阳区人民西路建发悦城中心大润发入口1003号,南平,08:00-22:00,08/01/21 07:10,代运营,luckin coffee,
1840,建瓯时代广场店,(No.A2031),敬请期待!,南平,08:00-18:00,08/01/21 07:10,代运营,luckin coffee,
1841,武夷山崇安街店,(No.A2097),敬请期待!,南平,08:00-18:00,08/01/21 07:10,代运营,luckin coffee,
1842,新亚太国际广场店,(No.6329),鄂城区滨湖北路新亚太国际广场一层,鄂州,09:30-21:30,08/01/21 07:10,自运营,luckin coffee,
1843,黄冈居然之家Mall店,(No.A1508),湖北省黄冈市黄州区居然之家家居生活MALL第一层第1815-1-1-1032号商铺,鄂州,09:30-21:30,08/01/21 07:10,代运营,luckin coffee,
1844,黄冈万达广场店,(No.6391),黄州区赤壁大道89号万达广场一层,鄂州,09:30-21:30,08/01/21 07:10,自运营,luckin coffee,
1845,黄石万达广场店,(No.6871),黄石港区花湖街道万达广场三层3号商铺,鄂州,10:00-21:30,08/01/21 07:10,自运营,luckin coffee,
1846,鄂州恒大童世界店,(No.A0160),华容区恒大童世界童话大街北街,鄂州,10:30-18:00,08/01/21 07:10,代运营,luckin coffee,
1847,中国地质大学未来城店,(No.4987),洪山区锦程街68号中国地质大学未来城区东一食堂一层,鄂州,08:30-19:00,08/01/21 07:10,自运营,luckin coffee,
1848,鄂州职业大学店,(No.7177),敬请期待!,鄂州,07:00-22:00,08/01/21 07:10,自运营,luckin coffee,
1849,黄冈师范学院店,(No.6658),敬请期待!,鄂州,07:00-22:00,08/01/21 07:10,自运营,luckin coffee,
1850,未来科技城店,(No.2557),江夏区高新大道999号未来科技城大厦C3区底商,鄂州,今日休息中,08/01/21 07:10,自运营,luckin coffee,
1851,软件新城店,(No.4642),洪山区花城大道8号软件新城二期C9号楼一层,鄂州,今日休息中,08/01/21 07:10,自运营,luckin coffee,
1852,高新政务中心店,(No.2453),洪山区高新大道777号光谷公共服务中心1号楼一层社会餐厅 ,鄂州,今日休息中,08/01/21 07:10,自运营,luckin coffee,
1853,生物城国药大厦店,(No.1826),洪山区高新大道666号生物创新园A19栋国药控股一层大堂,鄂州,今日休息中,08/01/21 07:10,自运营,luckin coffee,
1854,华新大厦店,(No.1483),江夏区东湖新技术开发区高新大道426号华新总部基地A座一层大堂,鄂州,08:00-18:00,08/01/21 07:10,自运营,luckin coffee,
1855,湖北理工学院店,(No.6421),下陆区桂林北路16号湖北理工大学腾龙宿舍一层,鄂州,08:00-20:00,08/01/21 07:10,自运营,luckin coffee,
1856,湖北师范大学店,(No.6546),黄石港区江北管理区湖北师范大学琼林苑一层,鄂州,08:00-20:00,08/01/21 07:10,自运营,luckin coffee,
1857,沃尔玛黄石摩尔城店,(No.6750),黄石港区胜阳港街道沃尔玛武汉路分店黄石摩尔城负一层商业区,鄂州,09:00-21:00,08/01/21 07:10,自运营,luckin coffee,
1858,黄石武商购物中心店,(No.7319),敬请期待!,鄂州,07:00-22:00,08/01/21 07:10,自运营,luckin coffee,
1859,台东利群万达店,(No.3721),市北区台东三路63号万达广场二层美食街,青岛,09:00-21:30,08/01/21 07:10,自运营,luckin coffee,
1860,中联U谷店,(No.2990),市北区驼峰路2号中联U谷8号楼一层大堂,青岛,08:00-18:00,08/01/21 07:10,自运营,luckin coffee,
1861,广发金融大厦店,(No.1340),市南区山东路40号广发金融大厦一层大堂,青岛,08:00-18:00,08/01/21 07:10,自运营,luckin coffee,
1862,利群宇恒大厦店,(No.3340),市北区徐州路160号利群宇恒大厦一层大堂 ,青岛,08:00-20:30,08/01/21 07:10,自运营,luckin coffee,
1863,CBD万达广场店,(No.1948),市北区延吉路116号CBD万达广场一层优衣库西层,青岛,10:00-21:00,08/01/21 07:10,自运营,luckin coffee,
1864,青岛卓越世纪中心店,(No.4362),市北区龙城路31号卓越世纪中心4号楼一层大堂,青岛,08:00-18:00,08/01/21 07:10,自运营,luckin coffee,
1865,万科科技创新大厦店,(No.1911),市北区山东路171号万科科技创新大厦一层,青岛,08:00-18:00,08/01/21 07:10,自运营,luckin coffee,
1866,悦荟广场店,(No.2926),市北区人民路269号悦荟广场五层5-14号,青岛,10:00-21:30,08/01/21 07:10,自运营,luckin coffee,
1867,奥克斯广场店,(No.1345),李沧区书院路37号奥克斯广场一层1026号,青岛,10:00-21:00,08/01/21 07:10,自运营,luckin coffee,
1868,崂山湾大厦店,(No.1508),崂山区银川东路9号崂山湾大厦一层大堂,青岛,今日休息中,08/01/21 07:10,自运营,luckin coffee,
1869,青岛华能大厦店,(No.1339),市南区安徽路2号华能宾馆一层大堂,青岛,07:30-20:30,08/01/21 07:10,自运营,luckin coffee,
1870,青岛保利中心店,(No.1388),崂山区青大三路8号保利中心一层8号-7室,青岛,08:00-18:00,08/01/21 07:10,自运营,luckin coffee,
1871,中天恒商务大厦店,(No.1470),市南区南京路66号中天恒商务大厦一层大堂,青岛,08:00-18:00,08/01/21 07:10,自运营,luckin coffee,
1872,伟东世奥国际店,(No.1467),市南区香港中路30号甲伟东世奥国际中心一层大堂,青岛,08:00-20:30,08/01/21 07:10,自运营,luckin coffee,
1873,丽达绿城店,(No.1436),李沧区铜川路216号丽达绿城一层大堂 ,青岛,09:30-20:30,08/01/21 07:10,自运营,luckin coffee,
1874,橡胶谷店,(No.1481),市北区郑州路43号研发中心大楼一层114室,青岛,08:00-18:00,08/01/21 07:10,自运营,luckin coffee,
1875,丽达崂山店,(No.6576),崂山区秦岭路18号丽达购物中心西区负一层,青岛,09:00-21:00,08/01/21 07:10,自运营,luckin coffee,
1876,海韵东方大厦店,(No.2311),崂山区秦岭路15号海韵东方大厦一层105室,青岛,08:00-18:00,08/01/21 07:10,自运营,luckin coffee,
1877,金狮广场店,(No.7259),崂山区香港东路195号金狮广场B1层19-23号,青岛,10:00-21:30,08/01/21 07:10,自运营,luckin coffee,
1878,青岛大学附属医院店,(No.6360),崂山区海尔路59号青医附院门诊楼6号门负一层,青岛,07:30-18:00,08/01/21 07:10,自运营,luckin coffee,
1879,中创大厦店,(No.2751),崂山区深圳路169号中创大厦一层大堂,青岛,08:00-18:00,08/01/21 07:10,自运营,luckin coffee,
1880,青岛科技大学崂山校区店,(No.4277),崂山区松岭路99号青岛科技大学崂山校区颐海苑北苑一层101室,青岛,08:00-19:30,08/01/21 07:10,自运营,luckin coffee,
1881,南华国际中心店,(No.2772),崂山区辽阳东路12号鹏利南华商业中心1号楼一层大堂,青岛,07:30-18:00,08/01/21 07:10,自运营,luckin coffee,
1882,青岛大学浮山校区店,(No.2955),香港东路7号青岛大学中心校区东院内泓园5号楼浮山书店一层,青岛,08:00-20:00,08/01/21 07:10,自运营,luckin coffee,
1883,中环国际广场店,(No.2674),市南区漳州二路19号中环国际广场A座一层大堂,青岛,07:00-18:30,08/01/21 07:10,自运营,luckin coffee,
1884,黄金广场店,(No.7142),市南区香港中路20号黄金广场北楼一层大堂,青岛,08:00-18:00,08/01/21 07:10,自运营,luckin coffee,
1885,华银大厦店,(No.1812),市南区东海西路5号甲华银大厦一层6号,青岛,08:00-18:00,08/01/21 07:10,自运营,luckin coffee,
1886,青岛恒星科技学院店,(No.6092),李沧区九水东路恒星科技学院餐饮中心三层,青岛,08:00-19:30,08/01/21 07:10,自运营,luckin coffee,
1887,山东大学青岛校区店,(No.2884),即墨区滨海公路72号山东大学青岛校区创新创业服务中心二层,青岛,09:00-20:00,08/01/21 07:10,自运营,luckin coffee,
1888,海信创智谷店,(No.2256),崂山区株洲路20号海信创智谷大厦一层大堂,青岛,08:00-18:00,08/01/21 07:10,自运营,luckin coffee,
1889,青岛天安数码城店,(No.1855),城阳区春阳路88号天安数码城32号楼一层大堂,青岛,08:00-18:00,08/01/21 07:10,自运营,luckin coffee,
1890,青岛国际创新园店,(No.4633),崂山区松岭路169号A座党员活动中心一层,青岛,今日休息中,08/01/21 07:10,自运营,luckin coffee,
1891,山东外贸职业学院店,(No.4999),李沧区巨峰路201号校内利客来超市二层,青岛,今日休息中,08/01/21 07:10,自运营,luckin coffee,
1892,城阳家佳源店,(No.2367),城阳区正阳中路136号家佳源购物中心三层,青岛,09:00-20:30,08/01/21 07:10,自运营,luckin coffee,
1893,万丽国际广场店,(No.2958),即墨区振华街128号万丽国际广场A座一层大堂,青岛,08:00-18:30,08/01/21 07:10,自运营,luckin coffee,
1894,即墨丽达海尚海店,(No.6837),即墨区鹤山路444号海尚海购物中心负一层层丽达超市,青岛,08:00-20:30,08/01/21 07:10,自运营,luckin coffee,
1895,青岛农业大学店,(No.3165),城阳区长城路700号青岛农业大学海都餐厅负一层,青岛,08:30-20:00,08/01/21 07:10,自运营,luckin coffee,
1896,水悦城店,(No.2525),城阳区正阳中路187号金融大厦22号楼一层大堂,青岛,07:30-19:30,08/01/21 07:10,自运营,luckin coffee,
1897,博士创业园店,(No.3650),城阳区长城路89号博士创业园38号楼一层111-1号,青岛,08:00-19:30,08/01/21 07:10,自运营,luckin coffee,
1898,首创空港国际中心店,(No.2381),城阳区长城南路6号首创空港国际中心3号楼一层105号,青岛,08:00-18:00,08/01/21 07:10,自运营,luckin coffee,
1899,伟东乐客城店,(No.6852),李沧区夏庄路一号乐客城负一层D08美食花园77号,青岛,10:00-21:30,08/01/21 07:10,自运营,luckin coffee,
1900,李沧宝龙城市广场店,(No.4942),李沧区九水路227号宝龙城市广场一层大堂,青岛,09:30-20:00,08/01/21 07:10,自运营,luckin coffee,
1901,李沧万达影城店,(No.3475),李沧区巨峰路178号李沧万达广场三楼万达影院,青岛,10:00-20:30,08/01/21 07:10,自运营,luckin coffee,
1902,亚马逊AWS联合创新中心店,(No.3402),李沧区九水东路130号亚马逊AWS联合创新中心底商,青岛,07:30-18:00,08/01/21 07:10,自运营,luckin coffee,
1903,海尔云谷店,(No.2507),崂山区海尔路1号海尔云谷创新中心A座101室,青岛,08:00-18:00,08/01/21 07:10,自运营,luckin coffee,
1904,中泰信大厦店,(No.1500),市北区金华路33号中泰信大厦一层大堂,青岛,08:00-18:00,08/01/21 07:10,自运营,luckin coffee,
1905,凯德广场店,(No.2323),市北区黑龙江中路18号凯德广场五层07号,青岛,10:00-21:30,08/01/21 07:10,自运营,luckin coffee,
1906,港湾职业技术学院店,(No.4666),黄岛区映山红路316号黄岛港湾职业技术学院综合服务中心一层 ,青岛,今日休息中,08/01/21 07:10,自运营,luckin coffee,
1907,青岛黄海学院店,(No.6176),黄岛区灵海路3111号黄海学院内后街106/107号,青岛,08:00-20:30,08/01/21 07:10,自运营,luckin coffee,
1908,青岛梦乐城店,(No.6730),西海岸新区漓江西路1669号梦乐城西馆C1门入口处一层大堂,青岛,08:30-20:30,08/01/21 07:10,自运营,luckin coffee,
1909,康大财富中心店,(No.2925),黄岛区长江西路159号康大财富中心一层大堂,青岛,08:00-20:00,08/01/21 07:10,自运营,luckin coffee,
1910,山东科技大学青岛校区店,(No.6323),青岛经济技术开发区前湾港路579号山东科技大学山科大购物广场一层超市内,青岛,08:00-20:30,08/01/21 07:10,自运营,luckin coffee,
1911,万科新都会店,(No.3140),黄岛区吴江路277号万科新都会售楼处一层大堂,青岛,今日休息中,08/01/21 07:10,自运营,luckin coffee,
1912,青岛金石国际广场店,(No.2780),黄岛区井冈山路157号金石国际广场北楼一层L1009号,青岛,08:00-19:00,08/01/21 07:10,自运营,luckin coffee,
1913,中冶东方大厦店,(No.1815),黄岛区阿里山路11号中冶东方大厦主楼一层101B室 ,青岛,08:00-18:00,08/01/21 07:10,自运营,luckin coffee,
1914,青岛理工大学店,(No.6132),黄岛区嘉陵江路777号青岛理工大学校园超市内3号,青岛,09:00-19:00,08/01/21 07:10,自运营,luckin coffee,
1915,日照职业技术学院店,(No.C0350),东港区烟台北路16号日照职业技术学院校内文汇创意中心一楼东门,青岛,今日休息中,08/01/21 07:10,代运营,小鹿茶,
1916,日照大学城店,(No.C0339),东港区大学城文心路四季花园南门西50米,青岛,10:00-20:00,08/01/21 07:10,代运营,小鹿茶,
1917,日照安泰国际广场店,(No.A1525),东港区烟台路与山东路交汇处安泰国际广场1幢102铺,青岛,09:00-20:00,08/01/21 07:10,代运营,luckin coffee,
1918,日照华润万象汇店,(No.A1141),东港区烟台路华润万象汇L-160,青岛,09:30-21:30,08/01/21 07:10,代运营,luckin coffee,
1919,日照大学城中心店,(No.A1133),敬请期待!,青岛,00:00-24:00,08/01/21 07:10,代运营,luckin coffee,
1920,西海岸山东高速大厦店,(No.7340),敬请期待!,青岛,08:00-18:00,08/01/21 07:10,自运营,luckin coffee,
1921,海尔云街店,(No.1715),市北区重庆南路99号海尔时代广场海尚海一层大堂,青岛,09:00-18:00,08/01/21 07:10,自运营,luckin coffee,
1922,和达中心城店,(No.3208),市北区台柳路177号和达中心城A座一层底商,青岛,今日休息中,08/01/21 07:10,自运营,luckin coffee,
1923,高密苏州街店,(No.A2098),敬请期待!,青岛,08:00-18:00,08/01/21 07:10,代运营,luckin coffee,
1924,合肥路永旺店,(No.6254),市北区合肥路672号二层T215-1区,青岛,09:00-21:30,08/01/21 07:10,自运营,luckin coffee,
1925,青岛万科中心店,(No.1704),市北区黑龙江南路2号万科中心B座乙三层79、80号,青岛,07:30-18:30,08/01/21 07:10,自运营,luckin coffee,
1926,新业广场店,(No.1880),市北区辽阳西路100号新业广场二层28号,青岛,09:30-20:30,08/01/21 07:10,自运营,luckin coffee,
1927,南京路半岛都市报社店,(No.2532),市南区南京路110号半岛都市报社大厦一层大堂,青岛,07:00-18:00,08/01/21 07:10,自运营,luckin coffee,
1928,运城盐湖万达广场店,(No.A1413),万达广场一层6号门口,运城,10:00-22:00,08/01/21 07:10,代运营,luckin coffee,
1929,运城学院店,(No.A1436),运城学院东区后勤服务楼一层,运城,今日休息中,08/01/21 07:10,代运营,luckin coffee,
1930,营口万达广场店,(No.A1804),站前区渤海大街市府路万达广场3层3001B,营口,09:30-21:00,08/01/21 07:10,代运营,luckin coffee,
1931,营口深港购物中心店,(No.A2018),敬请期待!,营口,08:00-18:00,08/01/21 07:10,代运营,luckin coffee,
1932,丽水宇雷路店,(No.A1884),莲都区解放街373号MT生活街区一层131号商铺,丽水,08:30-22:30,08/01/21 07:10,代运营,luckin coffee,
1933,丽水继光街店,(No.A0691),莲都区万象街道继光街130号,丽水,09:00-21:30,08/01/21 07:10,代运营,luckin coffee,
1934,丽水万地广场店,(No.A0062),莲都区万地广场水晶城6#103号,丽水,08:30-22:00,08/01/21 07:10,代运营,luckin coffee,
1935,处州府城店,(No.A0241),莲都区处州府城4幢106号,丽水,08:30-21:30,08/01/21 07:10,代运营,luckin coffee,
1936,丽水西城广场店,(No.A0611),莲都区文进街30号,丽水,09:00-22:00,08/01/21 07:10,代运营,luckin coffee,
1937,绿谷产业园店,(No.A0732),莲都区城北路368号绿谷信息产业园5幢丽福大厦1层东北角A1号,丽水,07:30-21:00,08/01/21 07:10,代运营,luckin coffee,
1938,江泰国际广场店,(No.A1909),南城经济开发区成大街江泰星悦汇第3幢7号商铺,丽水,08:00-21:30,08/01/21 07:10,代运营,luckin coffee,
1939,景宁东方江泰广场店,(No.A0743),景宁畲族自治县红星街道人民中路176号东方江泰广场二楼C2001-1-C2001号商铺,丽水,08:30-22:00,08/01/21 07:10,代运营,luckin coffee,
1940,青田香溢商场店,(No.A1261),青田县龙津路135号香溢商场底商,丽水,09:00-22:00,08/01/21 07:10,代运营,luckin coffee,
1941,遂昌凯新购物广场店,(No.A2095),敬请期待!,丽水,08:00-18:00,08/01/21 07:10,代运营,luckin coffee,
1942,龙泉新天地店,(No.A1981),龙泉市中山西路126号龙渊新天地6区1层005.006号,丽水,08:30-21:30,08/01/21 07:10,代运营,luckin coffee,
1943,山水江泰广场店,(No.A1438),云和县解放东街210号山水江泰国际广场一层,丽水,08:30-21:30,08/01/21 07:10,代运营,luckin coffee,
1944,永康金都大厦店,(No.A0281),东城街道金都大厦五彩路,丽水,08:00-21:00,08/01/21 07:10,代运营,luckin coffee,
1945,巴黎商街店,(No.A0549),永康市东城街道溪中东路8号,丽水,08:00-21:30,08/01/21 07:10,代运营,luckin coffee,
1946,永康时代秘境店,(No.A1073),西城街道胜利街87号,丽水,08:30-21:30,08/01/21 07:10,代运营,luckin coffee,
1947,永康宝龙广场店,(No.A1321),敬请期待!,丽水,08:00-18:00,08/01/21 07:10,代运营,luckin coffee,
1948,丹东大商新玛特店,(No.A1543),元宝区金汤街1号大商新玛特1层,丹东,07:00-21:00,08/01/21 07:10,代运营,luckin coffee,
1949,丹东未来城店,(No.A1398),振兴区花园街道天赐未来城1层030号锦山大街,丹东,09:30-21:00,08/01/21 07:10,代运营,luckin coffee,
1950,丹东万达广场店,(No.A1381),振兴区锦山大街298号万达广场3F3056A铺,丹东,09:30-21:00,08/01/21 07:10,代运营,luckin coffee,
1951,合江少岷路店,(No.A1841),合江县符阳街道少岷南路456号,泸州,09:00-22:30,08/01/21 07:10,代运营,luckin coffee,
1952,永川万达店,(No.6714),永川区星光大道787号万达广场室内步行街三层0007号商铺,泸州,10:00-22:00,08/01/21 07:10,自运营,luckin coffee,
1953,重庆文理学院店,(No.6066),永川区重庆文理学院红河校区A区知善楼负一层A18-18号,泸州,09:00-19:30,08/01/21 07:10,自运营,luckin coffee,
1954,世纪泰华广场店,(No.A0080),奎文区东风东街360号世纪泰华广场一楼与泰华大厦大堂交汇处,潍坊,08:00-21:30,08/01/21 07:10,代运营,luckin coffee,
1955,潍坊阳光100城市广场店,(No.A1458),奎文区东关街道阳光100城市广场7幢一层,潍坊,08:00-22:00,08/01/21 07:10,代运营,luckin coffee,
1956,潍坊万达广场店,(No.A1474),奎文区鸢飞路958号万达广场3号门二层扶梯口处,潍坊,09:30-22:00,08/01/21 07:10,代运营,luckin coffee,
1957,印象汇商场店,(No.A1040),奎文区潍坊印象汇二层超市入口西侧,潍坊,10:00-18:00,08/01/21 07:10,代运营,luckin coffee,
1958,潍坊学院店,(No.A1034),高新区东风东街5174号 第二餐厅中快美食广场19号窗口,潍坊,今日休息中,08/01/21 07:10,代运营,luckin coffee,
1959,潍坊谷德茂店,(No.A1521),奎文区清池街道谷德茂,潍坊,08:00-21:30,08/01/21 07:10,代运营,luckin coffee,
1960,潍坊科技学院店,(No.A1290),圣城街道潍坊科技学院图书馆一层,潍坊,今日休息中,08/01/21 07:10,代运营,luckin coffee,
1961,诸城百盛店,(No.C0425),诸城市广场路8号百盛商场一层,潍坊,今日休息中,08/01/21 07:10,代运营,小鹿茶,
1962,诸城百盛商场店,(No.A1599),敬请期待!,潍坊,08:00-18:00,08/01/21 07:10,代运营,luckin coffee,
1963,淮安华信花漾城店,(No.A0370),清江浦区师专路1号花漾城负一层22号,淮安,10:00-21:30,08/01/21 07:10,代运营,luckin coffee,
1964,淮安健康东路东大院店,(No.A0409),健康东路116号东大院南门-果唯伊水果店旁-中国银行正对面,淮安,09:00-21:00,08/01/21 07:10,代运营,luckin coffee,
1965,淮海南路二院店,(No.A0751),清江浦区清江街道淮海南路62-10号,淮安,09:00-20:30,08/01/21 07:10,代运营,luckin coffee,
1966,淮安水渡口万达店,(No.A1146),清江浦区翔宇中路169号万达广场金街22号,淮安,08:00-22:00,08/01/21 07:10,代运营,luckin coffee,
1967,淮安淮阴师范学院店,(No.A0207),淮阴区长江西路111号淮阴师范学院图书馆一层,淮安,今日休息中,08/01/21 07:10,代运营,luckin coffee,
1968,淮安大学城店,(No.A0046),清江浦区明远路8号学林雅苑11栋8-18,淮安,09:00-21:00,08/01/21 07:10,代运营,luckin coffee,
1969,淮安大学城翰城广场店,(No.A0862),清江浦区经济开发区天津路中茵翰城广场商业街一层,淮安,10:30-19:30,08/01/21 07:10,代运营,luckin coffee,
1970,淮安旺角美食广场店,(No.A0557),清江浦区枚乘东路2号旺角美食广场1号楼1-15,淮安,10:00-20:00,08/01/21 07:10,代运营,luckin coffee,
1971,涟水吾悦广场店,(No.A1467),涟水区涟城街道涟水吾悦广场4层4009,淮安,09:30-22:30,08/01/21 07:10,代运营,luckin coffee,
1972,淮安新城吾悦店,(No.A0883),淮安区凤里路1号吾悦广场悦街12-1019号,淮安,10:00-21:00,08/01/21 07:10,代运营,luckin coffee,
1973,滨海银厦广场店,(No.A2102),敬请期待!,淮安,08:00-18:00,08/01/21 07:10,代运营,luckin coffee,
1974,阜城大街店,(No.A1036),阜宁县南门街99号,淮安,09:00-22:00,08/01/21 07:10,代运营,luckin coffee,
1975,淮工北京路校区店,(No.A1598),敬请期待!,淮安,08:00-18:00,08/01/21 07:10,代运营,luckin coffee,
1976,洪泽幸福广场店,(No.A1613),洪泽区天水弘浦幸福广场b4栋101室,淮安,今日休息中,08/01/21 07:10,代运营,luckin coffee,
1977,楚州万达广场店,(No.A0946),淮安市淮安区翔宇大道与楚州大道交汇处万达广场负一层B1005号,淮安,09:30-21:30,08/01/21 07:10,代运营,luckin coffee,
1978,玖珑汇商业广场店,(No.A1526),淮安区翔宇大道801号玖珑汇商业广场一层005号商铺,淮安,09:30-21:30,08/01/21 07:10,代运营,luckin coffee,
1979,盱眙中央商场店,(No.A1848),盱眙县盱城街道中央商场盱眙雨润广场A201,淮安,09:30-22:00,08/01/21 07:10,代运营,luckin coffee,
1980,福建信息职业技术学院店,(No.A1078),平潭综合实验区麒麟大道西段1号福建信息职业技术学院第二食堂二层,平潭(福州),10:00-20:00,08/01/21 07:10,代运营,luckin coffee,
1981,湖州星火百货店,(No.A0042),湖州市吴兴区星火百货B座一层008号,湖州,09:30-21:00,08/01/21 07:10,代运营,luckin coffee,
1982,湖州浙北购物中心店,(No.A1514),吴兴区爱山街道南街699号浙北大厦购物中心B层B1051号,湖州,10:00-21:00,08/01/21 07:10,代运营,luckin coffee,
1983,湖州东吴银泰店,(No.A0828),吴兴区劳动路518号东吴银泰城6层6-12a,湖州,10:00-21:00,08/01/21 07:10,代运营,luckin coffee,
1984,湖州凤凰路大转盘店,(No.A0501),吴兴区凤凰路728-4-5号,湖州,08:00-21:00,08/01/21 07:10,代运营,luckin coffee,
1985,湖州师范学院店,(No.A0378),吴兴区学士路1号湖州师范学院西校区4幢学生公寓3号移动营业厅内,湖州,09:00-18:00,08/01/21 07:10,代运营,luckin coffee,
1986,浙北购物运动体验中心店,(No.A1910),吴兴区港南路和兴业路交叉口浙北购物运动体验中心1F03号商铺,湖州,09:30-21:30,08/01/21 07:10,代运营,luckin coffee,
1987,星火天际外滩广场店,(No.A0969),吴兴区龙王山路天际外滩广场A117-A118,湖州,07:30-21:30,08/01/21 07:10,代运营,luckin coffee,
1988,湖州万达广场店,(No.A1898),吴兴区湖东街道湖州万达广场A1005号,湖州,09:00-22:00,08/01/21 07:10,代运营,luckin coffee,
1989,崇福嘉凯城店,(No.A0499),桐乡市崇福镇语溪大道528号嘉凯城一层1116-1117号,湖州,10:00-22:00,08/01/21 07:10,代运营,luckin coffee,
1990,桐乡移动营业厅店,(No.3781),桐乡市庆丰中路2号中国移动一层大堂,湖州,08:00-20:00,08/01/21 07:10,自运营,luckin coffee,
1991,老东兴商场店,(No.A1157),梧桐街道鱼行街15-3号浙北大厦北门入口,湖州,今日休息中,08/01/21 07:10,代运营,luckin coffee,
1992,南方新世界店,(No.A0007),南浔区人瑞路9999号南方新世界B幢119号,湖州,08:30-21:30,08/01/21 07:10,代运营,luckin coffee,
1993,湖州总部自由港G幢店,(No.A0806),总部自由港G幢一层大堂,湖州,08:00-17:30,08/01/21 07:10,代运营,luckin coffee,
1994,乌镇隆源路店,(No.A0154),桐乡市乌镇镇隆源路227号,湖州,09:00-22:00,08/01/21 07:10,代运营,luckin coffee,
1995,广德大润发店,(No.A1907),桃州镇大润发正门入口处,湖州,09:30-19:30,08/01/21 07:10,代运营,luckin coffee,
1996,长兴恒太九汇城店,(No.A1071),长兴县金陵中路282号,湖州,09:30-21:00,08/01/21 07:10,代运营,luckin coffee,
1997,长兴古城街店,(No.A1926),长兴县人民南路20号,湖州,08:00-22:30,08/01/21 07:10,代运营,luckin coffee,
1998,金陵北路浙北店,(No.A1264),金陵北路317号,湖州,08:30-21:00,08/01/21 07:10,代运营,luckin coffee,
1999,宜兴黄龙山步行街店,(No.A0550),丁蜀镇黄龙山步行街77号,湖州,10:00-20:30,08/01/21 07:10,代运营,luckin coffee,
2000,织里汇德国际店,(No.A1320),吴兴区织里镇汇德国际广场B区1层,湖州,10:30-21:30,08/01/21 07:10,代运营,luckin coffee,
2001,织里富民路大转盘店,(No.A1915),吴兴区织里镇吴兴大道155号,湖州,09:00-23:00,08/01/21 07:10,代运营,luckin coffee,
2002,海洲之星店,(No.2817),秀洲区洪兴路2323号海洲之星商务楼一层101室,湖州,08:30-18:00,08/01/21 07:10,自运营,luckin coffee,
2003,嘉兴天虹广场店,(No.6178),秀洲区新城街道洪兴路1766号天虹商场1层S116号,湖州,10:00-19:30,08/01/21 07:10,自运营,luckin coffee,
2004,嘉兴第二医院店,(No.6152),嘉兴市南湖区环城北路1518号嘉兴市第二医院门诊楼二楼中庭商铺,湖州,08:00-18:00,08/01/21 07:10,自运营,luckin coffee,
2005,吉安文山步行街店,(No.A1489),吉州区习溪桥街道文山步行街7-21号,吉安,08:30-22:30,08/01/21 07:10,代运营,luckin coffee,
2006,吉安莱斯百货店,(No.A1808),吉州区广场北路1号新世界广场莱斯百货B座开通国际酒店一层大堂。,吉安,08:30-22:30,08/01/21 07:10,代运营,luckin coffee,
2007,吉安城南天虹店,(No.A1614),吉州区吉安南大道18号天虹商场一层L138B铺,吉安,09:30-22:00,08/01/21 07:10,代运营,luckin coffee,
2008,井冈山大学店,(No.A0475),井冈山大学第一食堂甘雨亭超市二部隔出店面,吉安,今日休息中,08/01/21 07:10,代运营,luckin coffee,
2009,阳江大润发店,(No.A0792),江城区三环路名扬国际广场商业区6幢115号铺,阳江,09:00-23:00,08/01/21 07:10,代运营,luckin coffee,
2010,阳江百利广场店,(No.A0634),江城区东风一路3号百利广场一层西南门1001号,阳江,09:30-22:00,08/01/21 07:10,代运营,luckin coffee,
2011,盈信中心大堂店,(No.A0119),江城区东风三路88号盈信广场写字楼一层大堂,阳江,09:30-22:30,08/01/21 07:10,代运营,luckin coffee,
2012,阳江新达城时代广场店,(No.A1272),江城区创业路与新江北路交汇处新达城时代广场1F02号,阳江,09:00-23:00,08/01/21 07:10,代运营,luckin coffee,
2013,阳春东湖广场店,(No.A2091),敬请期待!,阳江,08:00-18:00,08/01/21 07:10,代运营,luckin coffee,
2014,海陵岛大角湾店,(No.A2008),敬请期待!,阳江,08:00-18:00,08/01/21 07:10,代运营,luckin coffee,
2015,许昌万达广场店,(No.A0036),魏都区许都路许昌万达广场购物中心室内步行街4F层4009A号商铺,许昌,10:00-22:00,08/01/21 07:10,代运营,luckin coffee,
2016,禹州东商贸步行街店,(No.A1491),颍川街道步行街禹州市特色商业区,许昌,09:00-21:30,08/01/21 07:10,代运营,luckin coffee,
2017,平顶山万达广场店,(No.A1350),卫东区建设路万达广场二层东北角,许昌,10:00-21:30,08/01/21 07:10,代运营,luckin coffee,
2018,平顶山双丰百货店,(No.A1913),新华区中兴路街道双丰百货(中心店)一层,许昌,09:00-21:00,08/01/21 07:10,代运营,luckin coffee,
2019,河南平顶山学院店,(No.A1949),敬请期待!,许昌,今日休息中,08/01/21 07:10,代运营,luckin coffee,
2020,勒泰购物中心店,(No.A1575),长安区勒泰购物中心庄里街一层南巷S1-42号商铺,石家庄,10:00-22:00,08/01/21 07:10,代运营,luckin coffee,
2021,中山公馆店,(No.4632),桥西区大经街28号中山公馆A座一层大堂,石家庄,08:00-18:30,08/01/21 07:10,自运营,luckin coffee,
2022,北国商城店,(No.2811),桥西区中山东路188号北国商城负一层,石家庄,09:30-21:00,08/01/21 07:10,自运营,luckin coffee,
2023,北国优客城市奥莱店,(No.3122),长安区中山东路249号北国优客城市奥莱一层001号,石家庄,08:00-18:30,08/01/21 07:10,自运营,luckin coffee,
2024,荣盛城市广场店,(No.3219),长安区平安北大街169号荣盛广场一层1036号,石家庄,10:00-20:00,08/01/21 07:10,自运营,luckin coffee,
2025,新百家电城店,(No.4403),石家庄中山西路139号新百家电城一层南门,石家庄,09:30-19:30,08/01/21 07:10,自运营,luckin coffee,
2026,北国先天下店,(No.7082),长安区中山东路326号北国先天下购物广场夹层,石家庄,10:30-19:30,08/01/21 07:10,自运营,luckin coffee,
2027,中交财富中心店,(No.4849),桥西区自强路118号中交财富中心一层大堂,石家庄,08:00-18:00,08/01/21 07:10,自运营,luckin coffee,
2028,益东百货店,(No.2812),裕华区翟营南大街386号益东购物中心南区一层,石家庄,09:30-20:30,08/01/21 07:10,自运营,luckin coffee,
2029,北辰广场店,(No.3411),长安区石纺路3号北辰广场一层F1-22号 ,石家庄,10:00-18:00,08/01/21 07:10,自运营,luckin coffee,
2030,东胜广场店,(No.3357),长安区中山东路508号东胜广场A座一层大堂,石家庄,08:00-18:00,08/01/21 07:10,自运营,luckin coffee,
2031,物联网大厦店,(No.3474),桥西区新石中路377号物联网大厦C座一层大堂,石家庄,今日休息中,08/01/21 07:10,自运营,luckin coffee,
2032,中粮河北广场店,(No.3652),新华区友谊北大街345号中粮河北广场B座底商 ,石家庄,08:30-19:00,08/01/21 07:10,自运营,luckin coffee,
2033,石家庄医学高等专科学校店,(No.6720),灵寿县三圣院乡石家庄医学高等专科学校游泳馆2层,石家庄,09:30-19:00,08/01/21 07:10,自运营,luckin coffee,
2034,理工职业学院店,(No.6539),鹿泉区石柏南大街理工职业学院学院图书馆内一层,石家庄,08:30-19:00,08/01/21 07:10,自运营,luckin coffee,
2035,石家庄职业技术学院店,(No.6290),桥西区长兴街12号石家庄职业技术学院008号,石家庄,今日休息中,08/01/21 07:10,自运营,luckin coffee,
2036,河北政法职业学院店,(No.6289),新华区友谊北大街政法学院新校区昂安商城,石家庄,今日休息中,08/01/21 07:10,自运营,luckin coffee,
2037,海悦天地店,(No.4506),桥西区裕华西路66号海悦天地婚纱城一层西侧大厅西门,石家庄,10:00-18:00,08/01/21 07:10,自运营,luckin coffee,
2038,西美花街生活工场店,(No.A0307),桥西区汇丰路8号西美花街生活工厂3号门内,石家庄,10:00-21:30,08/01/21 07:10,代运营,luckin coffee,
2039,石家庄汇华广场店,(No.A0905),桥西区红旗大街469号 河北师大汇华学院门口北侧30米 31Days便利店内,石家庄,08:00-22:00,08/01/21 07:10,代运营,luckin coffee,
2040,河北科技大学店,(No.C0222),裕华区裕翔街河北科技大学南门大学商城1-2-17,石家庄,今日休息中,08/01/21 07:10,代运营,小鹿茶,
2041,河北师范大学店,(No.A0324),裕华区南二环东路20号河北师范大学师生活动中心08号,石家庄,今日休息中,08/01/21 07:10,代运营,luckin coffee,
2042,石家庄铁道大学店,(No.4897),长安区北二环东路石家庄铁道大学学一食堂负一层,石家庄,10:00-20:00,08/01/21 07:10,自运营,luckin coffee,
2043,河北经贸大学店,(No.A0513),敬请期待!,石家庄,08:00-18:00,08/01/21 07:10,代运营,luckin coffee,
2044,藁城北国商城店,(No.6512),藁城区昌盛南街8号北国商城一层,石家庄,今日休息中,08/01/21 07:10,自运营,luckin coffee,
2045,石家庄科技中心A座店,(No.A0220),高新技术开发区黄河大道136号科技中心A座一层大堂,石家庄,今日休息中,08/01/21 07:10,代运营,luckin coffee,
2046,河北传媒学院兴安店,(No.A0516),兴安大街109号河北传媒学院（兴安校区）,石家庄,10:30-19:30,08/01/21 07:10,代运营,luckin coffee,
2047,河北地质大学店,(No.6338),裕华区槐安东路126号河北地质大学北院超市一层,石家庄,08:00-19:00,08/01/21 07:10,自运营,luckin coffee,
2048,东明国际广场店,(No.4519),裕华区建华南大街215号东明国际广场一层大厅 ,石家庄,08:30-19:00,08/01/21 07:10,自运营,luckin coffee,
2049,石家庄万达广场店,(No.4380),裕华区建华南大街136号万达广场三号门二层西西里小镇内,石家庄,10:00-21:00,08/01/21 07:10,自运营,luckin coffee,
2050,火车头步行街店,(No.7158),裕华区槐岭路31号石家庄万达广场步行街B1层4-109号商铺,石家庄,10:00-22:00,08/01/21 07:10,自运营,luckin coffee,
2051,石家庄怀特商业广场店,(No.A0166),裕华区槐安路105号怀特商业广场一层44号C座写字楼东侧,石家庄,08:00-22:00,08/01/21 07:10,代运营,luckin coffee,
2052,菏泽佳和城店,(No.A1605),牡丹区中华路1888号佳和城购物中心B1层B—127号,菏泽,10:00-22:00,08/01/21 07:10,代运营,luckin coffee,
2053,菏泽万达广场店,(No.A1872),牡丹区丹阳街道菏泽万达广场F2-2088,菏泽,10:00-22:00,08/01/21 07:10,代运营,luckin coffee,
2054,淮北工会店,(No.A1415),西街道相山北路50-2号,淮北,08:30-21:00,08/01/21 07:10,代运营,luckin coffee,
2055,淮北国购店,(No.A1254),相山区桓谭路国购广场C座1-039号,淮北,08:30-21:00,08/01/21 07:10,代运营,luckin coffee,
2056,淮北万达广场店,(No.A0016),相山区任圩街道南湖路万达广场四层,淮北,09:30-22:00,08/01/21 07:10,代运营,luckin coffee,
2057,金博大购物广场店,(No.A1822),欧亚路与雪峰路交汇处金博大广场一层北门,淮北,09:30-22:00,08/01/21 07:10,代运营,luckin coffee,
2058,宿州汇金广场店,(No.A0804),埇桥区磬云北路汇金广场写字楼A座一层大堂,淮北,09:00-20:00,08/01/21 07:10,代运营,luckin coffee,
2059,宿州吾悦广场店,(No.A0807),埇桥区汴河西路吾悦广场2层2063-1号,淮北,09:30-21:30,08/01/21 07:10,代运营,luckin coffee,
2060,宿州埇桥区大润发店,(No.A1372),埇桥区南关街道顺河路218号,淮北,09:30-21:30,08/01/21 07:10,代运营,luckin coffee,
2061,玉林万达广场店,(No.A1516),玉州区金玉路338号万达广场一层（3号门）116号,玉林,10:00-22:30,08/01/21 07:10,代运营,luckin coffee,
2062,迎宾广场店,(No.4607),香洲区迎宾南路1144号迎宾广场一层26号,珠海,08:00-22:00,08/01/21 07:10,自运营,luckin coffee,
2063,仁恒滨海中心店,(No.2917),香洲区情侣南路1号仁恒滨海中心5栋一层大堂,珠海,08:30-18:00,08/01/21 07:10,自运营,luckin coffee,
2064,玖洲道天虹超市店,(No.A1572),九洲大道2108号玖洲道负一层玖洲道服务台对面扶手电梯处天虹超市39号铺,珠海,07:30-21:30,08/01/21 07:10,代运营,luckin coffee,
2065,中安世纪广场店,(No.6477),香洲区港昌路258号101商铺65号铺,珠海,10:00-20:30,08/01/21 07:10,自运营,luckin coffee,
2066,正方云创园店,(No.3141),香洲区吉大景山路莲山巷8号正方云创园一层A区102室 ,珠海,08:00-18:00,08/01/21 07:10,自运营,luckin coffee,
2067,九洲港店,(No.6006),香洲区吉大情侣南路九州港国内候船大厅18号,珠海,08:30-18:00,08/01/21 07:10,自运营,luckin coffee,
2068,光大国际贸易中心店,(No.2810),香洲区吉大海滨南路47号光大国际贸易中心商场负一层大堂,珠海,08:00-20:00,08/01/21 07:10,自运营,luckin coffee,
2069,金嘉创意谷店,(No.3342),香洲区明珠南路2021号金嘉创意谷4栋一层101号,珠海,08:00-18:30,08/01/21 07:10,自运营,luckin coffee,
2070,广东科学技术职业学院店,(No.4979),金湾区珠海大道65号广东科学技术职业学院卫生服务中心底商,珠海,08:00-21:00,08/01/21 07:10,自运营,luckin coffee,
2071,遵义医科大学珠海校区店,(No.3695),金湾区碧湾路518号520-3号一层,珠海,09:00-19:00,08/01/21 07:10,自运营,luckin coffee,
2072,横琴中央汇店,(No.4494),横琴新区香江路10号横琴中央汇商业街一层B-121A,珠海,08:30-21:00,08/01/21 07:10,自运营,luckin coffee,
2073,横琴总部大厦店,(No.3736),横琴新区祥澳路93号横琴总部大厦一层107-1号,珠海,今日休息中,08/01/21 07:10,自运营,luckin coffee,
2074,珠海奥园广场店,(No.2864),香洲区梅界路237号奥园广场商业街一层121号,珠海,08:30-21:00,08/01/21 07:10,自运营,luckin coffee,
2075,港湾1号店,(No.3050),香洲区金唐路1号港湾1号科创园12栋底商,珠海,08:00-19:30,08/01/21 07:10,自运营,luckin coffee,
2076,鸿馨园店,(No.3633),香洲区人民西路633号鸿馨园一层大堂,珠海,08:00-19:00,08/01/21 07:10,自运营,luckin coffee,
2077,珠海山场汇优城店,(No.A0950),香洲区兴业路23号丹田城市广场一层105C#,珠海,09:30-21:00,08/01/21 07:10,代运营,luckin coffee,
2078,丹田广场店,(No.4903),香洲区凤凰北路1015号丹田广场底商,珠海,07:30-20:30,08/01/21 07:10,自运营,luckin coffee,
2079,中山大学附属第五医院店,(No.4978),香洲区梅华东路52号中山大学附属第五医院围产医学中心一层102号,珠海,今日休息中,08/01/21 07:10,自运营,luckin coffee,
2080,北理工珠海学院店,(No.4368),香洲区金凤路6号北京理工大学珠海学院风味美食街9号底商,珠海,08:00-20:30,08/01/21 07:10,自运营,luckin coffee,
2081,北师海华苑店,(No.3780),香洲区金凤路18号北京师范大学珠海分校海华苑14栋一层大堂,珠海,08:30-21:00,08/01/21 07:10,自运营,luckin coffee,
2082,北师大珠海校区第三食堂店,(No.7008),香洲区金凤路967号北京师范大学珠海校区第三饭堂底商,珠海,08:00-22:00,08/01/21 07:10,自运营,luckin coffee,
2083,珠海清华科技园店,(No.4902),香洲区大学路101号清华科技园4栋大堂,珠海,今日休息中,08/01/21 07:10,自运营,luckin coffee,
2084,滨海写字楼店,(No.4501),高新区前湾二路2号滨海写字楼一期B楼一层大堂,珠海,今日休息中,08/01/21 07:10,自运营,luckin coffee,
2085,皇爵假日广场店,(No.6631),坦洲镇坦神北路118号皇爵假日广场1幢一层79卡,珠海,08:00-20:00,08/01/21 07:10,自运营,luckin coffee,
2086,盐城中茵海华店,(No.A1364),亭湖区中茵海华广场8幢170号,盐城,08:30-21:00,08/01/21 07:10,代运营,luckin coffee,
2087,钱江方洲店,(No.A0026),亭湖区钱江方洲小区南区31幢101室（CNH）,盐城,08:30-21:00,08/01/21 07:10,代运营,luckin coffee,
2088,盐城金融城店,(No.A1284),城南新区人民南路紫薇国际广场FTTHA区1幢101室,盐城,08:00-21:00,08/01/21 07:10,代运营,luckin coffee,
2089,金鹰聚龙湖店,(No.A1449),盐都区金鹰聚龙湖购物中心一层街区,盐城,08:30-21:00,08/01/21 07:10,代运营,luckin coffee,
2090,盐城工学院店,(No.A1096),亭湖区希望大道中路1号盐城工学院南校区7号宿舍楼701,盐城,08:00-21:00,08/01/21 07:10,代运营,luckin coffee,
2091,盐城康乐苑店,(No.C0154),盐南高新区康乐苑43幢106（CND）,盐城,08:30-21:00,08/01/21 07:10,代运营,小鹿茶,
2092,欧风花街店,(No.A1551),敬请期待!,盐城,08:00-18:00,08/01/21 07:10,代运营,luckin coffee,
2093,射阳县吾悦广场店,(No.A1855),射阳县吾悦广场2号门悦鹤里步行街一层,盐城,09:30-22:00,08/01/21 07:10,代运营,luckin coffee,
2094,射阳恒隆广场店,(No.A1950),敬请期待!,盐城,08:00-18:00,08/01/21 07:10,代运营,luckin coffee,
2095,大丰中交美庐城店,(No.A1883),大丰区大中街道中交美庐天地购物中心B-137号铺位,盐城,09:00-21:00,08/01/21 07:10,代运营,luckin coffee,
2096,大丰吾悦广场店,(No.A1912),江苏省盐城市大丰区大中街道大丰吾悦广场S1-2号楼2003号,盐城,10:00-22:00,08/01/21 07:10,代运营,luckin coffee,
2097,泰州海陵北路店,(No.A0624),海陵区海陵北路100-11号,泰州,08:00-21:30,08/01/21 07:10,代运营,luckin coffee,
2098,泰州坡子街店,(No.A1906),海陵区坡子街商业中心中国移动营业厅（海陵北路288号一层7单元101室）,泰州,09:00-21:00,08/01/21 07:10,代运营,luckin coffee,
2099,泰州万达广场店,(No.A0849),海陵区万达广场1号门向北20米金街K151号,泰州,08:00-21:00,08/01/21 07:10,代运营,luckin coffee,
2100,泰州和平电竞公园店,(No.A0093),海陵区江洲北路200号,泰州,09:00-22:00,08/01/21 07:10,代运营,luckin coffee,
2101,泰州人民公园店,(No.A1303),梅兰东路299号,泰州,08:30-21:30,08/01/21 07:10,代运营,luckin coffee,
2102,泰州学院济川校区店,(No.A1153),海陵区济川东路93号学生公寓H栋裙楼102铺位,泰州,09:00-20:00,08/01/21 07:10,代运营,luckin coffee,
2103,泰州华润万象城店,(No.A1201),医药高新区永定东路401华润万象城123-124号,泰州,08:00-21:30,08/01/21 07:10,代运营,luckin coffee,
2104,靖江步行街店,(No.A0201),靖江市骥江路299号95-96,泰州,08:30-21:00,08/01/21 07:10,代运营,luckin coffee,
2105,靖江吾悦广场店,(No.A1621),工农路118号吾悦广场A区3层,泰州,10:00-21:00,08/01/21 07:10,代运营,luckin coffee,
2106,靖江人民医院店,(No.A1484),中洲东路208-48号御水湾二期s63,泰州,09:00-21:00,08/01/21 07:10,代运营,luckin coffee,
2107,江阴新一城迪卡侬店,(No.6284),江阴市澄江中路99号魔方时代广场迪卡侬一层,泰州,09:30-21:00,08/01/21 07:10,自运营,luckin coffee,
2108,江阴东方广场店,(No.4735),江阴市长江路777号东方广场1号楼一层大堂,泰州,08:30-18:00,08/01/21 07:10,自运营,luckin coffee,
2109,澄江福地店,(No.A1076),江阴市高巷路393号,泰州,09:30-21:30,08/01/21 07:10,代运营,luckin coffee,
2110,张家港金科廊桥店,(No.A1124),张家港市金港镇金科廊桥雅苑S24-M42号,泰州,09:00-21:30,08/01/21 07:10,代运营,luckin coffee,
2111,兴化牌楼路店,(No.A1064),兴化市牌楼中路68号,泰州,09:00-21:00,08/01/21 07:10,代运营,luckin coffee,
2112,南京师范大学泰州学院店,(No.A1567),敬请期待!,泰州,09:00-20:00,08/01/21 07:10,代运营,luckin coffee,
2113,兴化吾悦广场楚水印巷店,(No.A1510),中和西路99号兴化吾悦广场楚水印巷S1-102号商铺,泰州,09:00-21:00,08/01/21 07:10,代运营,luckin coffee,
2114,兴化万达广场店,(No.A1539),兴化市临城街道万达广场1019铺位,泰州,09:30-21:30,08/01/21 07:10,代运营,luckin coffee,
2115,兴化吾悦广场店,(No.A1231),敬请期待!,泰州,08:00-18:00,08/01/21 07:10,代运营,luckin coffee,
2116,商之都中心广场店,(No.3480),庐阳区宿州路8号商之都A座东门口A-1F-010-1号,合肥,08:00-21:30,08/01/21 07:10,自运营,luckin coffee,
2117,合肥步行街店,(No.6561),庐阳区逍遥津街道淮河路鼓楼巷商业A2 A3铺位,合肥,10:00-23:30,08/01/21 07:10,自运营,luckin coffee,
2118,银泰中心店,(No.4875),庐阳区长江中路98号银泰中心负一层层北京华联超市内,合肥,10:00-21:30,08/01/21 07:10,自运营,luckin coffee,
2119,东怡金融广场店,(No.A2033),阜南路 69号安粮东怡金融广场B座一层大堂西侧,合肥,09:00-17:30,08/01/21 07:10,代运营,luckin coffee,
2120,安徽国际金融中心店,(No.4496),蜀山区梅山路18号国际金融中心一层005号,合肥,10:00-20:00,08/01/21 07:10,自运营,luckin coffee,
2121,环球金融广场店,(No.3636),蜀山区长江西路88号环球金融广场一层大堂,合肥,07:00-18:30,08/01/21 07:10,自运营,luckin coffee,
2122,包河万达店,(No.A0940),包河区芜湖路万达广场金街,合肥,09:30-22:00,08/01/21 07:10,代运营,luckin coffee,
2123,合肥百脑汇店,(No.6376),包河区芜湖路街道金寨路162号百脑汇负一层美食城入口1号,合肥,09:00-18:00,08/01/21 07:10,自运营,luckin coffee,
2124,合肥人民影院店,(No.4731),庐阳区双岗街道濉溪路16号,合肥,09:00-20:00,08/01/21 07:10,自运营,luckin coffee,
2125,置地财富广场店,(No.6051),庐阳区濉溪路278号财富广场二期A栋商业101,合肥,08:00-18:00,08/01/21 07:10,自运营,luckin coffee,
2126,祥源广场海屯生鲜店,(No.3365),庐阳区濉溪路310号的海屯生鲜负一层23号 ,合肥,09:00-21:00,08/01/21 07:10,自运营,luckin coffee,
2127,合肥武里山天街店,(No.A1003),瑶海区武里山路与扶疏路交口武里山天街D区四幢118号商铺,合肥,09:30-21:30,08/01/21 07:10,代运营,luckin coffee,
2128,合肥中星城店,(No.3363),瑶海区北一环路中星城B座曙光微酒店一层大堂,合肥,08:00-20:00,08/01/21 07:10,自运营,luckin coffee,
2129,庐阳区橡树湾万象汇店,(No.A0939),庐阳区万象汇商场后面凤凰山路停车场出口处,合肥,09:00-21:00,08/01/21 07:10,代运营,luckin coffee,
2130,万科中心美好荟店,(No.2813),庐阳区四里河路万科中心美好荟底商,合肥,08:30-20:00,08/01/21 07:10,自运营,luckin coffee,
2131,中国移动大厦店,(No.4683),蜀山区长江西路450号中国移动大厦一层 ,合肥,今日休息中,08/01/21 07:10,自运营,luckin coffee,
2132,天玥中心店,(No.3764),蜀山区潜山路天玥中心1号楼底商,合肥,07:30-20:30,08/01/21 07:10,自运营,luckin coffee,
2133,国购广场店-B1,(No.4233),蜀山区三里庵街道长江西路199号国购广场负一层北门口外侧,合肥,10:00-21:00,08/01/21 07:10,自运营,luckin coffee,
2134,拓基城市广场店,(No.2814),高新区长江西路689号拓基金座A座一层大堂,合肥,08:00-19:00,08/01/21 07:10,自运营,luckin coffee,
2135,同创产业园店,(No.3693),高新区天智路5号同创科技园1栋一层大堂,合肥,08:00-18:00,08/01/21 07:10,自运营,luckin coffee,
2136,蜀山国际电商店,(No.3761),蜀山区汶水路1201号蜀山国际电商1幢厂房一层3号,合肥,08:00-18:00,08/01/21 07:10,自运营,luckin coffee,
2137,合肥新华学院店,(No.A0418),高新区玉兰大道安徽新华学院二期商业街商铺南13号,合肥,09:00-18:00,08/01/21 07:10,代运营,luckin coffee,
2138,新华国际广场店,(No.4286),蜀山区潜山路318号新华金融广场15幢一层106号,合肥,08:00-20:00,08/01/21 07:10,自运营,luckin coffee,
2139,闽商国贸中心店,(No.4913),瑶海区长江东大街277号闽商国贸中心A座大堂,合肥,08:00-18:00,08/01/21 07:10,自运营,luckin coffee,
2140,置地创新中心店,(No.4314),蜀山区创新大道2809号置地创新中心一层126号,合肥,08:00-18:00,08/01/21 07:10,自运营,luckin coffee,
2141,创新产业园店,(No.3641),高新区云飞路创新产业园2期J1栋A座底商,合肥,今日休息中,08/01/21 07:10,自运营,luckin coffee,
2142,创新产业园一期店,(No.6299),高新技术产业开发区望江西路 800 号创新产业园一期D7-104,合肥,08:00-18:00,08/01/21 07:10,自运营,luckin coffee,
2143,天源迪科讯飞店,(No.A0733),高新区云飞路66号天源迪科科技园8幢一层,合肥,08:30-18:00,08/01/21 07:10,代运营,luckin coffee,
2144,肥东吾悦广场店,(No.7263),肥东县桥头集路吾悦广场3号门二层206-207商铺,合肥,09:30-21:30,08/01/21 07:10,自运营,luckin coffee,
2145,黉街店,(No.6380),新站区学府路黉街10栋悦书房2层1号商铺,合肥,09:00-21:00,08/01/21 07:10,自运营,luckin coffee,
2146,安徽职业技术学院店,(No.4996),文忠路2600号安徽职业技术学院第11栋宿舍西侧底商,合肥,今日休息中,08/01/21 07:10,自运营,luckin coffee,
2147,安徽中医药大学店,(No.6019),瑶海区安徽中医药大学少荃湖校区校园综合服务网点负一层12号,合肥,08:30-19:30,08/01/21 07:10,自运营,luckin coffee,
2148,瑶海图书城店,(No.4595),瑶海区郎溪路瑶海图书城一层 ,合肥,10:00-18:00,08/01/21 07:10,自运营,luckin coffee,
2149,加侨国际广场店,(No.2809),包河区东二环路加侨国际广场写字楼B座底商,合肥,09:00-20:00,08/01/21 07:10,自运营,luckin coffee,
2150,立基大厦店,(No.2956),蜀山区金寨路91号立基大厦底商,合肥,07:30-19:30,08/01/21 07:10,自运营,luckin coffee,
2151,国购广场店-2F,(No.2941),蜀山区长江西路199号安徽国际购物广场二层001号,合肥,10:00-21:00,08/01/21 07:10,自运营,luckin coffee,
2152,新城国际店,(No.3214),蜀山区潜山路新城国际负一层IFC生活荟D-124号,合肥,08:00-18:00,08/01/21 07:10,自运营,luckin coffee,
2153,合肥金融港店,(No.3212),包河区徽州大道金融港中心A1栋一层大堂,合肥,08:00-18:00,08/01/21 07:10,自运营,luckin coffee,
2154,罍街店,(No.3217),望湖街道宁国南路罍街7号楼101号底商,合肥,10:00-22:30,08/01/21 07:10,自运营,luckin coffee,
2155,青网科技园店,(No.4597),包河区兰州路88号青网科技园B栋一层,合肥,09:00-18:00,08/01/21 07:10,自运营,luckin coffee,
2156,中建智立方店,(No.4568),包河区骆岗街道智立方艺术空间中建智立方一期6栋一层大堂,合肥,今日休息中,08/01/21 07:10,自运营,luckin coffee,
2157,绿地赢海国际大厦店,(No.4732),包河区马鞍山南路绿地赢海国际大厦负一层,合肥,08:00-19:30,08/01/21 07:10,自运营,luckin coffee,
2158,悦方IDMall店,(No.4249),包河区义城街道紫云路悦方IDMALL负一层B147号商铺,合肥,10:00-21:30,08/01/21 07:10,自运营,luckin coffee,
2159,联投中心店,(No.4682),滨湖区烟墩街道联投V中心B座一层大堂,合肥,08:00-18:00,08/01/21 07:10,自运营,luckin coffee,
2160,融创茂店,(No.7022),包河区庐州大道800号融创茂二层2039A商铺,合肥,10:00-21:30,08/01/21 07:10,自运营,luckin coffee,
2161,安徽中医药大学二店,(No.7320),敬请期待!,合肥,07:00-22:00,08/01/21 07:10,自运营,luckin coffee,
2162,滨湖时代广场店,(No.3582),滨湖新区徽州大道6669号滨湖时代广场C7-125号底商,合肥,08:00-18:30,08/01/21 07:10,自运营,luckin coffee,
2163,合肥丰乐服务区东区店,(No.A0492),肥西县丰乐镇丰乐服务区东区,合肥,09:00-19:30,08/01/21 07:10,代运营,luckin coffee,
2164,合安高速丰乐服务区西区店,(No.A0328),肥西县丰乐镇丰乐服务区西区,合肥,09:00-19:30,08/01/21 07:10,代运营,luckin coffee,
2165,宝利丰广场平安国金店,(No.A1108),包河区徽州大道838号平安国际金融中心一层大堂,合肥,08:00-20:00,08/01/21 07:10,代运营,luckin coffee,
2166,绿地春台街店,(No.6397),包河区南二环与宿松路交叉口绿地春台街E-1F-15号商铺,合肥,08:00-19:00,08/01/21 07:10,自运营,luckin coffee,
2167,联想科技港店,(No.A1396),蜀山区海恒社区 联想科技港A座1层3-S101,合肥,08:30-20:30,08/01/21 07:10,代运营,luckin coffee,
2168,合肥医药产业园店,(No.6158),经济开发区宿松路3888号合肥医药产业园信息中心一层101内106号商铺,合肥,今日休息中,08/01/21 07:10,自运营,luckin coffee,
2169,合肥南站北广场店,(No.3792),包河区合肥南站北广场负一层120号商铺,合肥,09:00-19:00,08/01/21 07:10,自运营,luckin coffee,
2170,安粮国贸中心店,(No.A0327),蜀山区金寨路817号安粮城市广场A区1-3幢108室,合肥,09:00-21:00,08/01/21 07:10,代运营,luckin coffee,
2171,安徽建筑大学店,(No.6157),经济技术开发区紫云路292号安徽建筑大学南校区北大门南22号-1,合肥,08:00-18:00,08/01/21 07:10,自运营,luckin coffee,
2172,巢湖万达广场店,(No.4873),居巢区巢湖万达广场室内步行街3号门一层,合肥,10:00-21:00,08/01/21 07:10,自运营,luckin coffee,
2173,巢湖学院店,(No.6686),巢湖经济开发区半汤街道袁家庄汇泉路巢湖学院第二食堂底商,合肥,09:00-21:00,08/01/21 07:10,自运营,luckin coffee,
2174,肥西绿地新都会店,(No.6335),肥西县上派镇合肥绿地新都会大MALL一层 F1-29商铺,合肥,10:00-21:00,08/01/21 07:10,自运营,luckin coffee,
2175,三联学院店,(No.6731),蜀山区金寨路与紫云路交口三联学院南区新食堂2层,合肥,08:30-19:30,08/01/21 07:10,自运营,luckin coffee,
2176,安徽大学磬苑校区店,(No.A1309),蜀山区九龙路111号,合肥,今日休息中,08/01/21 07:10,代运营,luckin coffee,
2177,合肥工业大学店,(No.4250),蜀山区,,,,,,
2178,星达城店,(No.7137),经开区翡翠路星达城购物中心一层F1-019铺位,合肥,10:00-21:30,08/01/21 07:10,自运营,luckin coffee,
2179,合肥尚泽大都会店,(No.4835),蜀山区莲花社区石门路163号尚泽大都会C座大堂,合肥,08:00-18:30,08/01/21 07:10,自运营,luckin coffee,
2180,凤凰国际店,(No.4567),蜀山区繁华大道凤凰国际B座一层大堂,合肥,08:00-18:00,08/01/21 07:10,自运营,luckin coffee,
2181,拓基广场店,(No.6353),肥西县拓基广场商业B座入口大堂一层1号,合肥,09:00-20:00,08/01/21 07:10,自运营,luckin coffee,
2182,六安万达金街店,(No.A0675),金安区六安万达广场室内步行街1A层W1A80号,合肥,09:30-22:00,08/01/21 07:10,代运营,luckin coffee,
2183,百大金商都购物中心店,(No.A1502),金安区中市街道皖西大道109号新都会购物广场天街美食城一层,合肥,08:30-22:00,08/01/21 07:10,代运营,luckin coffee,
2184,皖西学院商业步行街店,(No.A1597),平桥乡月亮岛商业街门面房26幢112商铺,合肥,09:00-22:00,08/01/21 07:10,代运营,luckin coffee,
2185,合肥正大广场店,(No.6383),蜀山区芙蓉路正大广场永辉超市入口处,合肥,10:00-21:00,08/01/21 07:10,自运营,luckin coffee,
2186,港澳广场购物中心店,(No.3708),蜀山区芙蓉社区商业步行街港澳广场购物中心一层,合肥,09:30-20:30,08/01/21 07:10,自运营,luckin coffee,
2187,合肥天鹅湖万达广场店,(No.A0925),合肥市政务区天鹅湖万达广场金街1F4-105（靠3号门）,合肥,09:30-22:00,08/01/21 07:10,代运营,luckin coffee,
2188,绿地蓝海店,(No.3669),政务区高河东路绿地蓝海国际花都天香苑底商,合肥,08:00-18:00,08/01/21 07:10,自运营,luckin coffee,
2189,百利中心店,(No.6002),蜀山区潜山路888号百利中心一层1003-1号,合肥,10:00-19:30,08/01/21 07:10,自运营,luckin coffee,
2190,合肥新地中心店,(No.3531),蜀山区祁门路新地中心8号楼负一层,合肥,10:00-21:00,08/01/21 07:10,自运营,luckin coffee,
2191,五六七漫天地店,(No.4649),南岗区红军街40号五六七漫天地购物广场一层139-140号 ,哈尔滨,09:30-20:00,08/01/21 07:10,自运营,luckin coffee,
2192,哈尔滨工业大学店,(No.A0491),西大直街92号哈尔滨工业大学校内学苑楼1层 中央红小月亮超市内 12号铺位,哈尔滨,10:00-18:30,08/01/21 07:10,代运营,luckin coffee,
2193,中央商城店,(No.4757),道里区中央大街100号中央商城一层F1001大安街侧门入口,哈尔滨,09:30-21:00,08/01/21 07:10,自运营,luckin coffee,
2194,中公教育店,(No.7203),南岗区一曼街29号四十九所院内楼一层,哈尔滨,07:30-19:00,08/01/21 07:10,自运营,luckin coffee,
2195,常青国际大厦店,(No.4676),香坊区中山路172号常青国际大厦一层大堂,哈尔滨,07:30-18:00,08/01/21 07:10,自运营,luckin coffee,
2196,卓展购物中心店,(No.C0346),道里区安隆街106号3层3505号,哈尔滨,10:00-20:30,08/01/21 07:10,代运营,小鹿茶,
2197,香坊万达广场店,(No.4918),香坊区赣水路68号哈尔滨香坊万达广三层3009B号,哈尔滨,09:30-20:30,08/01/21 07:10,自运营,luckin coffee,
2198,百盛购物中心太平桥店,(No.6888),道外区东直路118号太平桥百盛购物中心负1层Z28号,哈尔滨,09:30-21:00,08/01/21 07:10,自运营,luckin coffee,
2199,凯旋新生活购物广场店,(No.4686),香坊区哈平路2号凯旋新生活购物广场一层0001号商铺,哈尔滨,09:00-20:30,08/01/21 07:10,自运营,luckin coffee,
2200,埃德蒙顿路凯德店,(No.4766),道里区埃德蒙顿路38号凯德广场埃德蒙顿商场四层K29A号,哈尔滨,09:00-20:00,08/01/21 07:10,自运营,luckin coffee,
2201,九三大厦店,(No.4804),南岗区长江路386号九三大厦一层大堂,哈尔滨,08:30-18:00,08/01/21 07:10,自运营,luckin coffee,
2202,金爵万象商业广场店,(No.4810),南岗区中兴左街2号金爵万象商业广场内B1层B18号商场与超市连接处扶梯旁,哈尔滨,09:00-20:00,08/01/21 07:10,自运营,luckin coffee,
2203,哈尔滨融创茂店,(No.4868),松北区世茂大道99号万达茂一层0127点位喜悦冰场中岛位置,哈尔滨,09:30-20:30,08/01/21 07:10,自运营,luckin coffee,
2204,红旗茂店,(No.6552),平房区新疆大街117号红旗茂商业城一层下沉广场家乐福入口旁,哈尔滨,09:30-20:30,08/01/21 07:10,自运营,luckin coffee,
2205,苏宁易购哈西店,(No.6276),南岗区中兴大道166号苏宁易购广场二层22057号,哈尔滨,09:30-21:00,08/01/21 07:10,自运营,luckin coffee,
2206,汇智金融店,(No.6013),道里区丽江路和群力第五大道交叉口丽江路2586号汇智金融企业总部-A座一层大堂,哈尔滨,09:00-18:00,08/01/21 07:10,自运营,luckin coffee,
2207,中央红超市店,(No.6838),南岗区学府路74号中央红超市一层113号,哈尔滨,08:30-20:30,08/01/21 07:10,自运营,luckin coffee,
2208,乐松广场家乐福超市店,(No.7035),香坊区哈平路三大动力路8号乐松广场负一层LS_27,哈尔滨,08:30-20:30,08/01/21 07:10,自运营,luckin coffee,
2209,学府路凯德店,(No.6109),南岗区学府路1-1号凯德广场三层03-05,哈尔滨,09:30-20:30,08/01/21 07:10,自运营,luckin coffee,
2210,红博中央公园店,(No.A0173),南岗区红旗大街339号红博中央公园商场潮界上区B20,哈尔滨,09:30-20:30,08/01/21 07:10,代运营,luckin coffee,
2211,汇智广场店,(No.4956),道里区汇智广场一层,哈尔滨,09:00-18:00,08/01/21 07:10,自运营,luckin coffee,
2212,松浦·观江国际A区店,(No.6603),松北区浦源路3022号观江国际购物中心一层D1001商服,哈尔滨,09:30-20:00,08/01/21 07:10,自运营,luckin coffee,
2213,远东理工学院店,(No.7100),呼兰区利民开发区时代大街158号哈尔滨远东理工学院食堂一层,哈尔滨,07:00-20:00,08/01/21 07:10,自运营,luckin coffee,
2214,哈尔滨万象汇购物广场店,(No.7097),松北区世茂大道555号万象汇购物广场负一层B30号,哈尔滨,09:30-20:30,08/01/21 07:10,自运营,luckin coffee,
2215,莞城地王店,(No.A1278),莞城区东纵路莞城段地王广场2号114室,东莞,08:30-22:00,08/01/21 07:10,代运营,luckin coffee,
2216,胜和广场店,(No.2056),南城区胜和路胜和商住广场A座一层大堂,东莞,08:00-18:00,08/01/21 07:10,自运营,luckin coffee,
2217,盈锋中心店,(No.1407),南城区胜和体育路26号盈锋中心1栋一层大堂,东莞,08:00-18:00,08/01/21 07:10,自运营,luckin coffee,
2218,东莞万科中心店,(No.2430),莞城区旗峰路200号万科中心2号办公楼底商,东莞,08:00-18:00,08/01/21 07:10,自运营,luckin coffee,
2219,家汇生活广场店,(No.4857),万江区家汇生活广场Mega Park购物中心一层1028铺,东莞,09:00-22:00,08/01/21 07:10,自运营,luckin coffee,
2220,希尔顿广场店,(No.2516),南城区鸿福路114号希尔顿广场裙楼底商,东莞,08:00-18:00,08/01/21 07:10,自运营,luckin coffee,
2221,东城世博广场店,(No.6471),东城街道东城大道世博广场B区首层B1-1号铺,东莞,07:30-22:00,08/01/21 07:10,自运营,luckin coffee,
2222,东城万达广场店,(No.6413),东城街道东纵路208号万达广场4号门A2019号铺,东莞,08:00-23:00,08/01/21 07:10,自运营,luckin coffee,
2223,华凯广场店,(No.1416),南城区元美路华凯广场B幢一层大堂,东莞,08:00-18:00,08/01/21 07:10,自运营,luckin coffee,
2224,尚书银座商务公寓店,(No.A0544),南城街道鸿福路100号尚书银座1幢116室1号,东莞,10:00-19:30,08/01/21 07:10,代运营,luckin coffee,
2225,旺南汇胜城店,(No.B0084),东莞市南城街道莞太路南城段115号旺南驹大厦4号商业楼一层1F-023号铺,东莞,10:00-21:30,08/01/21 07:10,自运营,小鹿茶,
2226,丰硕广场店,(No.1450),南城区元美路22号黄金花园丰硕广场一层1146号,东莞,08:00-18:30,08/01/21 07:10,自运营,luckin coffee,
2227,第一国际财富中心店,(No.2972),南城街道鸿福路200号东莞市商业中心一层,东莞,08:00-22:00,08/01/21 07:10,自运营,luckin coffee,
2228,百花时代广场店,(No.4623),常平镇市场路1号百花时代广场一层10101号,东莞,09:30-22:00,08/01/21 07:10,自运营,luckin coffee,
2229,广东科技学院松山湖店,(No.6340),松山湖园区东园大道松山湖段2号广东科技学院5栋218室,东莞,09:00-21:00,08/01/21 07:10,自运营,luckin coffee,
2230,环球贸易广场店,(No.6343),大朗镇大朗富康路229号环球贸易广场一层127号铺,东莞,08:30-22:30,08/01/21 07:10,自运营,luckin coffee,
2231,大朗卓为城店,(No.A0242),大朗镇求富路长富西路268号卓为城办公楼一楼大堂,东莞,09:00-22:00,08/01/21 07:10,代运营,luckin coffee,
2232,中科创新广场店,(No.4596),松山湖园区科技二路10号1栋3单元一层104室,东莞,08:00-20:30,08/01/21 07:10,自运营,luckin coffee,
2233,松湖智谷店,(No.4767),寮步镇仁居路1号松湖智谷研发中心4号106室,东莞,08:00-20:30,08/01/21 07:10,自运营,luckin coffee,
2234,汇星商业中心店,(No.2983),石龙镇中山社区东升路18号汇星商业中心1号商业楼一层,东莞,09:00-22:00,08/01/21 07:10,自运营,luckin coffee,
2235,理工学院城市学院店,(No.4890),寮步镇浮竹山文昌路1号124 号商铺,东莞,07:30-22:00,08/01/21 07:10,自运营,luckin coffee,
2236,东莞天安数码城店,(No.2737),南城区黄金路一号天安数码城C2栋底商,东莞,08:00-18:00,08/01/21 07:10,自运营,luckin coffee,
2237,超荣国际大厦店,(No.0991),增城区荔新十三路41号超荣国际大厦一层大堂,东莞,08:00-18:30,08/01/21 07:10,自运营,luckin coffee,
2238,厚街万达店,(No.A1209),厚街镇康乐北路6号厚街万达广场1幢商业楼1031号商铺,东莞,08:00-22:30,08/01/21 07:10,代运营,luckin coffee,
2239,亚钢大厦店,(No.2452),黄埔区黄埔东路3401号亚钢大厦一层大堂,东莞,08:00-18:00,08/01/21 07:10,自运营,luckin coffee,
2240,时代城店,(No.6414),黄埔区宏明路263号一层1005号,东莞,08:00-20:30,08/01/21 07:10,自运营,luckin coffee,
2241,番禺政务中心店,(No.6476),番禺区大龙街亚运大道550号地下一层05自编114号商铺,东莞,08:00-18:00,08/01/21 07:10,自运营,luckin coffee,
2242,蜂汇广场店,(No.7060),南城区宏二路1号蜂汇广场4栋一层139室,东莞,07:00-21:30,08/01/21 07:10,自运营,luckin coffee,
2243,浙商大厦店,(No.2449),南城区东莞大道430号浙商大厦1号楼一层大堂,东莞,08:00-18:00,08/01/21 07:10,自运营,luckin coffee,
2244,广东创新科技学院店,(No.4931),厚街镇环冈学府路3号广东科技创新学院6号楼一层103室,东莞,08:00-20:00,08/01/21 07:10,自运营,luckin coffee,
2245,三新购物广场店,(No.A1384),园洲镇上南大道三新购物广场店,东莞,08:00-22:00,08/01/21 07:10,代运营,luckin coffee,
2246,环球经贸中心店,(No.1625),东城街道东莞大道11号台商大厦一层,东莞,08:00-19:00,08/01/21 07:10,自运营,luckin coffee,
2247,第一国际百安中心店,(No.2336),南城街道鸿福路200号百安中心一单元112室,东莞,08:00-20:30,08/01/21 07:10,自运营,luckin coffee,
2248,东莞东城星河城店,(No.B0159),东城街道东城东路229号东城星河195室,东莞,10:00-22:00,08/01/21 07:10,自运营,小鹿茶,
2249,民盈国贸城店,(No.3496),东城街道鸿福东路1号国贸中心6栋负一层1085室,东莞,10:00-22:00,08/01/21 07:10,自运营,luckin coffee,
2250,惠州陈江鑫月广场店,(No.A1803),城区陈江街道鑫月广场室外步行街一层J180号,东莞,09:30-22:30,08/01/21 07:10,代运营,luckin coffee,
2251,惠州陈江天益城店,(No.A1005),惠城区陈江镇天益城一期天街2-14号铺,东莞,09:30-22:00,08/01/21 07:10,代运营,luckin coffee,
2252,TPARK时尚公园,(No.A1903),惠城区惠环街道TPARK时尚公园一层140号,东莞,08:00-22:30,08/01/21 07:10,代运营,luckin coffee,
2253,惠州学院生活区店,(No.A1173),惠城区河南岸惠州学院内生活区一层,东莞,今日休息中,08/01/21 07:10,代运营,luckin coffee,
2254,广东科技学院南城店,(No.6339),南城区西湖路99号广东科技学院一饭堂二楼,东莞,09:00-21:00,08/01/21 07:10,自运营,luckin coffee,
2255,时代城广场店,(No.4796),南城街道宏伟路1号21栋133室01号,东莞,10:00-22:00,08/01/21 07:10,自运营,luckin coffee,
2256,南信产业国际店,(No.4750),南城区宏图路南信产业国际第4栋一层 118室,东莞,07:30-18:30,08/01/21 07:10,自运营,luckin coffee,
2257,顺盛大厦店,(No.3499),虎门镇郭武河边路2号顺盛大厦一层109室,东莞,08:00-19:30,08/01/21 07:10,自运营,luckin coffee,
2258,虎门万达店,(No.7048),虎门镇连升北路388号万达广场一层1138室,东莞,07:00-22:00,08/01/21 07:10,自运营,luckin coffee,
2259,虎门地标广场店,(No.6189),虎门镇连升路44号地标广场2号楼一层街铺1034室,东莞,10:00-22:00,08/01/21 07:10,自运营,luckin coffee,
2260,虎门国际购物中心店,(No.3586),东莞市虎门镇连升中路11号虎门国际购物中心一层,东莞,07:30-21:30,08/01/21 07:10,自运营,luckin coffee,
2261,东莞城市风景街店,(No.A0196),南城区城市风景十九幢104号,东莞,08:00-21:00,08/01/21 07:10,代运营,luckin coffee,
2262,樟木头汇景店,(No.7336),敬请期待!,东莞,07:00-22:00,08/01/21 07:10,自运营,luckin coffee,
2263,低碳总部园店,(No.3095),增城区新城大道400号增城低碳总部新城创业中心12号楼107单元一层大堂,东莞,08:00-18:00,08/01/21 07:10,自运营,luckin coffee,
2264,华商学院图书馆店,(No.6618),增城区荔新路广东财经大学华商学院图书馆负一层,东莞,08:00-18:00,08/01/21 07:10,自运营,luckin coffee,
2265,阜阳国贸商城店,(No.A0771),颍泉区人民东路1号国贸商城一层,阜阳,09:00-20:30,08/01/21 07:10,代运营,luckin coffee,
2266,阜阳怡和城市广场店,(No.A1905),颍州区清河街道怡和城市广场1-32铺位,阜阳,08:00-22:00,08/01/21 07:10,代运营,luckin coffee,
2267,阜阳颍州万达店,(No.A1045),颍州区淮河路/清河街道办事处万达金街一期西门,阜阳,09:30-23:00,08/01/21 07:10,代运营,luckin coffee,
2268,阜阳宝龙城市广场店,(No.A0147),颍州区淮河路宝龙商业城市广场一层西门,阜阳,09:00-21:30,08/01/21 07:10,代运营,luckin coffee,
2269,阜阳颍州大学城红街店,(No.A1897),颍州区颍西街道清河西路109号大学城红街3号楼106,阜阳,09:00-21:00,08/01/21 07:10,代运营,luckin coffee,
2270,太和晶宫奥特莱斯店,(No.A1463),太和县开发区管理委员会晶宫悦时尚晶宫购物中心一层,阜阳,09:30-20:30,08/01/21 07:10,代运营,luckin coffee,
2271,临泉悦城店,(No.A0951),临泉县沣泽悦城商场三层3C-001号,阜阳,10:30-21:00,08/01/21 07:10,代运营,luckin coffee,
2272,平舆爱家购物中心店,(No.A1811),解放街中段爱家购物中心一层,阜阳,09:00-21:00,08/01/21 07:10,代运营,luckin coffee,
2273,新乡胜利路来宾门店,(No.A1117),红旗区胜利中路146号,新乡,10:00-21:30,08/01/21 07:10,代运营,luckin coffee,
2274,牧野万达广场店,(No.A1611),牧野区北干道万达广场室内步行街4F层4025A,新乡,10:00-21:30,08/01/21 07:10,代运营,luckin coffee,
2275,新乡宝龙广场店,(No.C0513),红旗区洪门镇宝龙城市广场别墅商业街1081号,新乡,10:00-22:00,08/01/21 07:10,代运营,小鹿茶,
2276,新乡学院店,(No.A1374),红旗区洪门镇阳初路新乡学院馨悦洗浴一层,新乡,今日休息中,08/01/21 07:10,代运营,luckin coffee,
2277,河南师范大学店,(No.A1565),敬请期待!,新乡,08:00-18:00,08/01/21 07:10,代运营,luckin coffee,
2278,新乡医学院南区店,(No.A1538),敬请期待!,新乡,08:00-18:00,08/01/21 07:10,代运营,luckin coffee,
2279,三全学院平原校区店,(No.A1571),敬请期待!,新乡,08:00-18:00,08/01/21 07:10,代运营,luckin coffee,
2280,河南理工大学店,(No.A1230),山阳区文苑街道博学路河南理工大学南校区学海餐厅二楼西南角,新乡,10:00-20:00,08/01/21 07:10,代运营,luckin coffee,
2281,焦作丹尼斯百货店,(No.A1839),山阳区塔南路与人民路交叉口丹尼斯百货北门西侧,新乡,09:30-21:30,08/01/21 07:10,代运营,luckin coffee,
2282,解放区万达广场店,(No.A1537),解放区丰收路万达广场2层2033A,新乡,10:00-22:00,08/01/21 07:10,代运营,luckin coffee,
2283,焦作远大时代商场店,(No.A2056),敬请期待!,新乡,09:30-22:30,08/01/21 07:10,代运营,luckin coffee,
2284,景德镇金鼎店,(No.A0570),珠山区周路口街道解放路73号金鼎商业广场一层,景德镇,10:00-22:00,08/01/21 07:10,代运营,luckin coffee,
2285,景德镇华达百货珠山店,(No.A1184),珠山区珠山中路华达百货购物中心一层,景德镇,10:00-21:30,08/01/21 07:10,代运营,luckin coffee,
2286,景德镇长虹店,(No.A0029),珠山区长虹商场5号口一楼电影院电梯旁,景德镇,09:30-22:00,08/01/21 07:10,代运营,luckin coffee,
2287,景德镇陶瓷大学店,(No.A0646),浮梁县湘湖镇景德镇陶瓷大学二食堂楼下,景德镇,今日休息中,08/01/21 07:10,代运营,luckin coffee,
2288,九集小镇店,(No.A2028),敬请期待!,景德镇,08:00-18:00,08/01/21 07:10,代运营,luckin coffee,
2289,牡丹江东一平安街店,(No.A0893),东安区东平安街19号东一商场禧龙宾馆底商,牡丹江,08:00-22:00,08/01/21 07:10,代运营,luckin coffee,
2290,牡丹江上海印象店,(No.A0938),东安区太平路295号上海印象门市,牡丹江,08:00-22:00,08/01/21 07:10,代运营,luckin coffee,
2291,牡丹江万达广场店,(No.A0448),西安区新安街358号万达广场二层2075,牡丹江,09:30-21:30,08/01/21 07:10,代运营,luckin coffee,
2292,牡丹江师范学院店,(No.A1349),爱民区文化街224号一层铺位,牡丹江,10:00-20:00,08/01/21 07:10,代运营,luckin coffee,
2293,牡丹江医学院店,(No.A2115),敬请期待!,牡丹江,08:00-22:00,08/01/21 07:10,代运营,luckin coffee,
2294,温州苍南涌金花苑店,(No.C0119),苍南县金乡镇涌金花苑2栋104室,苍南(温州),10:00-22:00,08/01/21 07:10,代运营,小鹿茶,
2295,江湾路五街店,(No.A0962),灵溪江湾路487号,苍南(温州),09:30-22:00,08/01/21 07:10,代运营,luckin coffee,
2296,钟楼海林大厦店,(No.2390),莲湖区北大街28号海林大厦底商,西安,07:30-20:30,08/01/21 07:10,自运营,luckin coffee,
2297,钟楼众汇广场店,(No.7289),碑林区南大街59号富豪大厦众汇时代广场一层L1-2号商铺,西安,10:00-22:30,08/01/21 07:10,自运营,luckin coffee,
2298,银泰百货西安钟楼店,(No.3638),碑林区西大街48号银泰百货西安钟楼店一层1F-17号,西安,10:00-22:00,08/01/21 07:10,自运营,luckin coffee,
2299,北大街交通枢纽店,(No.2767),莲湖区莲湖路2号北大街地铁站B口负一层B1区M3号,西安,08:00-19:00,08/01/21 07:10,自运营,luckin coffee,
2300,南大街艾蔻国际店,(No.7179),碑林区南大街58号艾蔻国际一层,西安,09:00-20:30,08/01/21 07:10,自运营,luckin coffee,
2301,钟楼南大街店,(No.3777),碑林区南大街8号森源实业大厦底商,西安,08:00-21:00,08/01/21 07:10,自运营,luckin coffee,
2302,陕西信托大厦店,(No.1894),新城区东新街232号陕西信托大厦一层大堂,西安,08:00-18:00,08/01/21 07:10,自运营,luckin coffee,
2303,粉巷了街店,(No.6198),碑林区南广济街121号粉巷了街一层A103号,西安,08:00-19:30,08/01/21 07:10,自运营,luckin coffee,
2304,天朗经开中心店,(No.1123),未央区经开区明光路55号天朗经开中心一层大堂,西安,08:00-18:00,08/01/21 07:10,自运营,luckin coffee,
2305,新加坡腾飞科汇城店,(No.1100),高新区天谷七路88号新加坡腾飞科汇城东楼一层106室,西安,今日休息中,08/01/21 07:10,自运营,luckin coffee,
2306,云汇谷C2店,(No.1136),高新区软件新城天谷八路156号云汇谷C2楼一层大堂,西安,08:00-18:00,08/01/21 07:10,自运营,luckin coffee,
2307,国家电子商务示范基地店,(No.1146),雁塔区天谷八路北211号国家电子商务示范基地D座一层大堂,西安,今日休息中,08/01/21 07:10,自运营,luckin coffee,
2308,汇豪树中心店,(No.1221),高新区科技三路58号汇豪树中心A座一层106号,西安,08:00-18:00,08/01/21 07:10,自运营,luckin coffee,
2309,西安财富中心店,(No.1273),莲湖区南二环西段180号财富中心一期底商,西安,08:00-18:30,08/01/21 07:10,自运营,luckin coffee,
2310,曲江创客大街店,(No.1257),雁塔区翠华南路1688号创意盒子一层大堂,西安,08:00-18:00,08/01/21 07:10,自运营,luckin coffee,
2311,旭辉中心店,(No.1367),未央区凤城七路60号北旭辉中心2号楼一层大堂,西安,08:00-18:00,08/01/21 07:10,自运营,luckin coffee,
2312,西安工业大学店,(No.4895),高陵区鹿祥路235号西安工业大学北方信息工程学院教学二楼一层大堂,西安,今日休息中,08/01/21 07:10,自运营,luckin coffee,
2313,渭南万达广场店,(No.A1506),高新区新区东路28号万达广场三层,西安,10:00-21:30,08/01/21 07:10,代运营,luckin coffee,
2314,渭南吾悦丽尚名品店,(No.A1334),临渭区仓程路与西华街十字西南角新洲华盛城门面房B栋一、二楼,西安,09:00-22:00,08/01/21 07:10,代运营,luckin coffee,
2315,渭南信达国际店,(No.A0978),解放街道办事处光华社区信达国际一层大堂,西安,09:00-22:00,08/01/21 07:10,代运营,luckin coffee,
2316,电信广场店,(No.2805),高新区高新路56号电信广场一层大堂,西安,08:30-19:00,08/01/21 07:10,自运营,luckin coffee,
2317,阳阳国际广场店,(No.3006),雁塔区朱雀大街132号阳阳国际下沉广场底商,西安,07:30-21:00,08/01/21 07:10,自运营,luckin coffee,
2318,西咸大厦店,(No.3025),未央区西咸新区西一路1号西咸大厦一层大堂,西安,今日休息中,08/01/21 07:10,自运营,luckin coffee,
2319,蓝海风中心店,(No.2947),未央区凤城二路37号蓝海风中心底商,西安,08:00-21:30,08/01/21 07:10,自运营,luckin coffee,
2320,旺座曲江店,(No.3076),雁塔区雁翔路3269号旺座曲江B座底商,西安,07:30-18:30,08/01/21 07:10,自运营,luckin coffee,
2321,腾飞创新中心店,(No.3104),高新区高新六路38号腾飞创新中心A座一层大堂,西安,08:00-18:00,08/01/21 07:10,自运营,luckin coffee,
2322,西安欧亚学院店,(No.3132),长安区东仪路8号西安欧亚学院连体教学楼北区C座负一层,西安,08:00-18:00,08/01/21 07:10,自运营,luckin coffee,
2323,林凯国际大厦店,(No.3185),高新区科技路38号林凯国际大厦一层大堂,西安,08:00-18:00,08/01/21 07:10,自运营,luckin coffee,
2324,西科大临潼校区店,(No.6469),临潼区秦唐大道48号西安科技大学大学生服务中心一层88号商铺,西安,09:00-21:00,08/01/21 07:10,自运营,luckin coffee,
2325,陆港金融小镇店,(No.2369),灞桥区国际港务区港务大道99号中西部陆港金融小镇C座一层大堂 ,西安,今日休息中,08/01/21 07:10,自运营,luckin coffee,
2326,华阳城购物中心店,(No.2704),灞桥区长乐东路999号华阳城购物中心一层大堂 ,西安,10:00-20:30,08/01/21 07:10,自运营,luckin coffee,
2327,城东客运站店,(No.3479),灞桥区长乐东路283号城东客运站负一层01号,西安,08:00-18:30,08/01/21 07:10,自运营,luckin coffee,
2328,浐灞外事大厦店,(No.2770),灞桥区浐灞大道9号浐灞外事大厦一层大堂,西安,08:00-18:00,08/01/21 07:10,自运营,luckin coffee,
2329,UPARK悦邻荟店,(No.6280),灞桥区东二环路UPARK悦邻荟一层L1-15A商铺,西安,10:00-21:30,08/01/21 07:10,自运营,luckin coffee,
2330,万和城购物中心店,(No.1290),新城区长缨西路1号万和城地铁商街负一层3F144号 ,西安,10:00-21:30,08/01/21 07:10,自运营,luckin coffee,
2331,陕西科技大学沁园店,(No.7108),未央区学府中路陕西科技大学西安校区沁园餐厅二层,西安,09:30-21:30,08/01/21 07:10,自运营,luckin coffee,
2332,陕西科技大学店,(No.4904),未央区学府中路陕西科技大学西安校区馨园餐厅一层1号商铺,西安,09:00-21:00,08/01/21 07:10,自运营,luckin coffee,
2333,陕西科技大学未央南园店,(No.7196),未央区龙朔路陕西科技大学西安校区一层,西安,09:30-21:30,08/01/21 07:10,自运营,luckin coffee,
2334,曲江影视大厦店,(No.2604),雁塔区雁南五路1868号曲江影视大厦一层大堂,西安,08:00-18:00,08/01/21 07:10,自运营,luckin coffee,
2335,陕西动漫产业平台店,(No.2650),碑林区火炬路51号东新世纪广场一层大堂,西安,07:30-18:30,08/01/21 07:10,自运营,luckin coffee,
2336,南飞鸿乐荟里店,(No.2752),雁塔区朱雀南路1589号南飞鸿乐荟里底商,西安,10:00-20:00,08/01/21 07:10,自运营,luckin coffee,
2337,芙蓉新天地店,(No.2800),雁塔区芙蓉南路2号曲江芙蓉新天地2号楼底商,西安,09:30-20:00,08/01/21 07:10,自运营,luckin coffee,
2338,朴里幸福里购物中心店,(No.A1389),灞桥区纺西街朴里幸福里购物中心一层,西安,10:00-21:00,08/01/21 07:10,代运营,luckin coffee,
2339,西安思源学院店,(No.A1127),灞桥区水安路28号西安思源学院综合楼二层,西安,今日休息中,08/01/21 07:10,代运营,luckin coffee,
2340,西安环球港店,(No.7273),新城区幸福路西安环球港B1层C-3026,西安,10:00-21:30,08/01/21 07:10,自运营,luckin coffee,
2341,长安大学北辰楼店,(No.3505),未央区长大南路365号长安大学渭水校区南门北辰楼二层,西安,08:00-20:00,08/01/21 07:10,自运营,luckin coffee,
2342,长安大学渭水校区店,(No.3158),未央区长大南路356号长安大学渭水校区鸿翔园学生公寓3号楼底商,西安,10:00-22:00,08/01/21 07:10,自运营,luckin coffee,
2343,交通大学城市学院店,(No.A0763),未央区六村堡街道西安交通大学城市学院天猫超市内,西安,今日休息中,08/01/21 07:10,代运营,luckin coffee,
2344,西北工业大学长安校区店,(No.4409),长安区东祥路1号西北工业大学长安校区星天苑北餐厅三层,西安,08:00-21:00,08/01/21 07:10,自运营,luckin coffee,
2345,西安交大创新港校区店,(No.4472),西咸新区沣西新城樱花西路中国西部科技创新港5号兴华购物广场负一层01号 ,西安,08:30-21:00,08/01/21 07:10,自运营,luckin coffee,
2346,西北工大明德学院店,(No.4592),长安区滦镇街道西北工业大学明德学院零号楼一层大堂,西安,08:00-20:30,08/01/21 07:10,自运营,luckin coffee,
2347,协同创新港店,(No.3527),长安区沣东新城王寺东街协同创新港银河A座一层大堂 ,西安,今日休息中,08/01/21 07:10,自运营,luckin coffee,
2348,沣东政务大厅店,(No.6616),西咸新区沣东大道科源一路沣东政务大厅一层大堂,西安,今日休息中,08/01/21 07:10,自运营,luckin coffee,
2349,西安城市建设职业学院店,(No.6669),敬请期待!,西安,07:00-22:00,08/01/21 07:10,自运营,luckin coffee,
2350,陕西服装工程学院店,(No.4899),西咸新区陕西服装工程学院学生餐厅负一层1号,西安,今日休息中,08/01/21 07:10,自运营,luckin coffee,
2351,沣西吾悦广场店,(No.6575),西咸新区沣西新城统一西路643号沣西吾悦广场一层1028号,西安,10:00-22:00,08/01/21 07:10,自运营,luckin coffee,
2352,启迪国际城店,(No.6494),西咸新区世纪大道中段55号启迪国际城创客一层大堂,西安,09:30-18:30,08/01/21 07:10,自运营,luckin coffee,
2353,丽彩潮流港店,(No.6244),秦都区玉泉路丽彩潮流港一层1F-034商铺,西安,09:00-20:30,08/01/21 07:10,自运营,luckin coffee,
2354,咸阳丽彩万达广场店,(No.7194),秦都区玉泉东路10号丽彩万达广场负一层058商铺,西安,10:00-22:00,08/01/21 07:10,自运营,luckin coffee,
2355,恒天广场店,(No.6245),秦都区人民中路16号中宏国际恒天广场一层001号,西安,09:00-21:00,08/01/21 07:10,自运营,luckin coffee,
2356,西电南校区店,(No.4225),长安区西沣路266号西安电子科技大学西综合楼一层,西安,08:00-19:30,08/01/21 07:10,自运营,luckin coffee,
2357,国家数字出版基地店,(No.1912),高新区天谷八路995号国家数字出版基地二期南区2栋一层102室,西安,08:00-18:00,08/01/21 07:10,自运营,luckin coffee,
2358,西北大学长安校区店,(No.4997),长安区西北大学长安校区学生公寓6号楼京东超市一层,西安,08:30-20:00,08/01/21 07:10,自运营,luckin coffee,
2359,西安科技大学高新学院店,(No.6601),长安区子午大道中段39号西安科技大学高新学院南校区国际楼负一层101号商铺,西安,09:30-19:00,08/01/21 07:10,自运营,luckin coffee,
2360,陕西师大长安校区店,(No.4460),长安区西长安街620号陕西师范大学长安校区新勇活动中心一层,西安,今日休息中,08/01/21 07:10,自运营,luckin coffee,
2361,高新区逸翠尚府店,(No.A0891),雁塔区锦业三路与唐延南路交叉口西北角逸翠尚府南区4号楼一层10127号商铺,西安,09:00-21:00,08/01/21 07:10,代运营,luckin coffee,
2362,中兴产业园店,(No.7076),雁塔区唐延南路10号中兴产业园F座底商,西安,08:00-18:00,08/01/21 07:10,自运营,luckin coffee,
2363,太和时代广场店,(No.4940),莲湖区沣惠南路太和时代广场A座一层大堂,西安,08:00-18:30,08/01/21 07:10,自运营,luckin coffee,
2364,西安培华学院长安校区店,(No.A0081),长安区常宁大街888号西安培华学院长安校区大学生活动中心A11商铺,西安,今日休息中,08/01/21 07:10,代运营,luckin coffee,
2365,GOGO街区店,(No.4954),长安区西长安街579号长安商贸中心三期GOGO街区永辉超市负一层,西安,09:00-21:30,08/01/21 07:10,自运营,luckin coffee,
2366,天安人寿大厦店,(No.4922),高新区锦业路11号天安人寿中心一层大堂,西安,08:00-18:00,08/01/21 07:10,自运营,luckin coffee,
2367,西安市中医医院店,(No.3526),未央区凤城八路69号西安中医医院门诊大楼二层,西安,08:00-18:00,08/01/21 07:10,自运营,luckin coffee,
2368,雁翔广场大堂店,(No.6825),雁塔区雁翔路3168号雁翔广场写字楼一层大堂,西安,今日休息中,08/01/21 07:10,自运营,luckin coffee,
2369,老钢厂店,(No.2522),新城区幸福南路109号老钢厂设计创意产业园6A号楼底商,西安,08:30-19:00,08/01/21 07:10,自运营,luckin coffee,
2370,上和商业广场店,(No.4599),新城区公园南路9号上和商业广场底商,西安,10:00-21:00,08/01/21 07:10,自运营,luckin coffee,
2371,西安万众国际店,(No.A0035),雁塔区曲江池东路万众国际A座二层215号,西安,08:30-21:00,08/01/21 07:10,代运营,luckin coffee,
2372,西安翻译学院店,(No.6533),长安区太乙宫正街39号西安翻译学院8号教学楼一层大堂,西安,今日休息中,08/01/21 07:10,自运营,luckin coffee,
2373,西安翻译学院五号楼店,(No.6625),长安区太乙宫正街123号西安翻译学院西区五号楼一层大堂,西安,今日休息中,08/01/21 07:10,自运营,luckin coffee,
2374,国润城店,(No.7268),敬请期待!,西安,07:00-22:00,08/01/21 07:10,自运营,luckin coffee,
2375,金辉环球中心店,(No.2306),雁塔区金泘沱二路889号金辉环球中心A栋一层大堂,西安,08:00-19:00,08/01/21 07:10,自运营,luckin coffee,
2376,陕西学前师范学院店,(No.6893),长安区神禾二路101号陕西学前师范学院生活服务中心二层,西安,09:00-20:30,08/01/21 07:10,自运营,luckin coffee,
2377,财经大学长安校区店,(No.4799),长安区常宁大街360号西安财经大学长安校区双穗苑餐厅二层,西安,08:00-19:30,08/01/21 07:10,自运营,luckin coffee,
2378,西安城市立方店,(No.2442),雁塔区朱雀大街南段12号城市立方D区负一层07号 ,西安,10:00-22:00,08/01/21 07:10,自运营,luckin coffee,
2379,西安理工大学曲江校区店,(No.6554),雁塔区雁翔路58号西安理工大学曲江校区西区11号公寓楼二层,西安,10:00-20:30,08/01/21 07:10,自运营,luckin coffee,
2380,搜宝中心店,(No.6279),未央区三桥新街630号搜宝中心2号楼一层大堂,西安,08:00-20:00,08/01/21 07:10,自运营,luckin coffee,
2381,西安外事学院国际交流学院店,(No.6819),雁塔区鱼斗路18号西安外事学院南校区国际交流学院一层,西安,今日休息中,08/01/21 07:10,自运营,luckin coffee,
2382,宝德云谷店,(No.3272),雁塔区锦业一路宝德云谷B座一层大堂,西安,今日休息中,08/01/21 07:10,自运营,luckin coffee,
2383,红星美凯龙龙首店,(No.1892),未央区未央路80号红星美凯龙一层A8170号,西安,09:00-21:00,08/01/21 07:10,自运营,luckin coffee,
2384,凯鑫国际店,(No.3789),未央区未央路凯鑫国际大厦一层大堂 ,西安,07:30-20:30,08/01/21 07:10,自运营,luckin coffee,
2385,赛高街区店,(No.3382),未央区未央路150号赛高街区写字楼一层大堂 ,西安,08:00-18:00,08/01/21 07:10,自运营,luckin coffee,
2386,大明宫万达广场店,(No.6564),未央区太华北路大明宫万达广场5号门一层1072B号,西安,10:00-21:30,08/01/21 07:10,自运营,luckin coffee,
2387,西安唐人街店,(No.A1540),未央区大明宫街道太华北路406号四海唐人街 9-1-001铺位,西安,09:00-21:30,08/01/21 07:10,代运营,luckin coffee,
2388,百寰国际店,(No.1533),未央区二环北路东段百寰国际易达广场写字楼一层东门,西安,08:00-18:00,08/01/21 07:10,自运营,luckin coffee,
2389,西安大融城店,(No.6648),未央区凤城七路51号大融城商场四层D05商铺,西安,10:00-22:00,08/01/21 07:10,自运营,luckin coffee,
2390,海景酒店店,(No.2302),新城区兴庆北路219号海景酒店一层大堂,西安,08:00-18:30,08/01/21 07:10,自运营,luckin coffee,
2391,经开万科中心店,(No.1404),未央区未央路301号经开万科中心A座一层大堂 ,西安,08:00-19:00,08/01/21 07:10,自运营,luckin coffee,
2392,汉神购物广场店,(No.1822),未央区文景路168号汉神百货一层北1门001号,西安,11:00-21:30,08/01/21 07:10,自运营,luckin coffee,
2393,西藏民族大学秦汉校区店,(No.6887),渭城区秦汉新城兰池四路西藏民族大学秦汉校区国华楼二层,西安,09:00-19:00,08/01/21 07:10,自运营,luckin coffee,
2394,咸阳师范学院店,(No.6895),陕西省咸阳渭城区渭阳街道咸阳师范学院综合楼2楼西南角,西安,08:00-21:00,08/01/21 07:10,自运营,luckin coffee,
2395,太奥国际店,(No.1984),莲湖区杏园路188号太奥国际一层大堂,西安,08:00-18:00,08/01/21 07:10,自运营,luckin coffee,
2396,西安龙湖星悦荟店,(No.6457),莲湖区大兴东路2号龙湖西安大兴星悦荟A馆底商,西安,09:30-22:30,08/01/21 07:10,自运营,luckin coffee,
2397,创业大街店,(No.1787),未央区凤城八路168号国金华府22号楼未来大厦一层C101号,西安,08:00-18:30,08/01/21 07:10,自运营,luckin coffee,
2398,西安外事学院店,(No.4864),雁塔区鱼斗路18号西安外事学院南校区高迪书屋一层,西安,09:00-19:00,08/01/21 07:10,自运营,luckin coffee,
2399,蔚蓝国际店,(No.2209),莲湖区大庆路3号蔚蓝国际B座一层大堂,西安,08:00-19:00,08/01/21 07:10,自运营,luckin coffee,
2400,南二环高新四路店,(No.3661),高新区南二环西段秦华天然气公司196号裙楼一层,西安,08:00-19:30,08/01/21 07:10,自运营,luckin coffee,
2401,西北工业大学友谊校区店,(No.6694),碑林区友谊西路127号西北工业大学友谊校区爱生楼二层,西安,08:00-19:30,08/01/21 07:10,自运营,luckin coffee,
2402,中国人保陕西金融大厦店,(No.3472),高新区高新三路12号中国人保陕西金融大厦一层大堂,西安,08:00-18:00,08/01/21 07:10,自运营,luckin coffee,
2403,高新光华路店,(No.3262),高新区高新二路庆安科技楼一层10107号,西安,10:00-22:00,08/01/21 07:10,自运营,luckin coffee,
2404,咖啡街区嘉会巷店,(No.1870),西安市雁塔区高新一路17号1楼01-01-A ,西安,08:00-20:30,08/01/21 07:10,自运营,luckin coffee,
2405,宜爱欢乐城店,(No.2397),新城区解放路258号宜爱欢乐城一层G-19号,西安,10:00-20:00,08/01/21 07:10,自运营,luckin coffee,
2406,杨凌科创中心店,(No.4805),杨凌区神农路16号农创成果汇一层大堂,西安,10:00-18:00,08/01/21 07:10,自运营,luckin coffee,
2407,西北农林科技大学店,(No.4975),陕西省杨凌示范区邰城路3号西北农林科技大学南苑餐厅一层大堂,西安,07:00-19:00,08/01/21 07:10,自运营,luckin coffee,
2408,新兴广场店,(No.2327),碑林区互助路66号新兴广场购物中心一层H-07号,西安,10:00-20:30,08/01/21 07:10,自运营,luckin coffee,
2409,金鑫国际店,(No.1845),碑林区和平路99号金鑫国际一层大堂,西安,08:00-18:00,08/01/21 07:10,自运营,luckin coffee,
2410,西安交通大学店,(No.6582),碑林区咸宁西路28号西安交通大学兴庆校区康桥苑餐厅三层,西安,09:00-20:00,08/01/21 07:10,自运营,luckin coffee,
2411,长安国际MFG店,(No.1535),碑林区南关正街88号长安国际F座八层208号,西安,今日休息中,08/01/21 07:10,自运营,luckin coffee,
2412,西安王府井百货店,(No.3575),碑林区南关正街88号王府井百货西安店南馆底商,西安,07:30-22:30,08/01/21 07:10,自运营,luckin coffee,
2413,中贸广场永辉超市店,(No.6598),碑林区南关正街16号中贸广场A座负一层永辉超市入口,西安,08:00-21:30,08/01/21 07:10,自运营,luckin coffee,
2414,李家村万达店,(No.A1029),碑林区雁塔北路中段李家村万达商业广场一层1-28,西安,10:00-22:00,08/01/21 07:10,代运营,luckin coffee,
2415,中铁第壹国际店,(No.1708),碑林区雁塔路北段9号中铁第壹国际A座一层大堂,西安,08:00-18:00,08/01/21 07:10,自运营,luckin coffee,
2416,世界之窗创意产业园店,(No.2210),碑林区太乙路255号西安世界之窗创意产业园一层大堂 ,西安,08:00-18:00,08/01/21 07:10,自运营,luckin coffee,
2417,奥林匹克大厦店,(No.2633),碑林区长安北路14号西安国际奥林匹克大厦A座4层402号,西安,今日休息中,08/01/21 07:10,自运营,luckin coffee,
2418,西安建大雁塔校区店,(No.4618),碑林区雁塔路13号西安建筑科技大学家属院底商,西安,08:00-20:30,08/01/21 07:10,自运营,luckin coffee,
2419,东方大酒店店,(No.1482),雁塔区朱雀大街393号西安东方大酒店一层大堂,西安,07:00-22:00,08/01/21 07:10,自运营,luckin coffee,
2420,天地源悦熙广场店,(No.2301),雁塔区太白南路71号天地源悦熙广场1号楼一层大堂,西安,08:00-19:00,08/01/21 07:10,自运营,luckin coffee,
2421,陕西广播电视台店,(No.A1202),雁塔区长安南路491号金地大厦门面房,西安,08:00-20:30,08/01/21 07:10,代运营,luckin coffee,
2422,新地城凯德广场店,(No.6585),雁塔区二环南路西段64号新地城凯德广场四层K08号,西安,10:00-22:00,08/01/21 07:10,自运营,luckin coffee,
2423,西安创新设计中心店,(No.1914),碑林区二环南路西段69号西安创新设计中心一层大堂,西安,07:30-18:30,08/01/21 07:10,自运营,luckin coffee,
2424,西安文理学院店,(No.4224),高新区科技六路1号西安文理学院图书馆一层,西安,08:00-19:30,08/01/21 07:10,自运营,luckin coffee,
2425,华旗国际广场店,(No.7074),雁塔区长安中路99号小寨路街道华旗国际广场二层001号,西安,10:00-21:00,08/01/21 07:10,自运营,luckin coffee,
2426,量子晨数娱产业园店,(No.6281),雁塔区西影路446号西安量子晨数字娱乐产业园6号楼一层大堂,西安,08:00-18:30,08/01/21 07:10,自运营,luckin coffee,
2427,曼蒂广场店,(No.1869),雁塔区雁南一路9号曼蒂广场负一层B1017号,西安,10:00-21:00,08/01/21 07:10,自运营,luckin coffee,
2428,百瑞广场店,(No.1835),碑林区雁塔路中段58号百瑞广场B区负一层06号,西安,09:00-19:00,08/01/21 07:10,自运营,luckin coffee,
2429,莱安中心店,(No.3003),雁塔区雁展路1111号西安莱安中心底商,西安,08:00-19:30,08/01/21 07:10,自运营,luckin coffee,
2430,赛格国际购物中心店,(No.7001),雁塔区长安中路123号赛格国际购物中心六层601号,西安,10:00-22:30,08/01/21 07:10,自运营,luckin coffee,
2431,西安电子科技大学北校区店,(No.7274),雁塔区太白南路2号西安电子科技大学北校区西军电餐厅二层,西安,10:00-20:30,08/01/21 07:10,自运营,luckin coffee,
2432,都市之门店,(No.6269),西安市高新区唐延南路都市之门D座2幢10106室,西安,08:00-18:00,08/01/21 07:10,自运营,luckin coffee,
2433,中国人寿壹中心店,(No.2205),高新区唐延路51号中国人寿陕西省分公司综合楼一层大堂,西安,08:00-18:00,08/01/21 07:10,自运营,luckin coffee,
2434,汇诚国际店,(No.1710),高新区高新五路4号汇诚国际一层大堂,西安,08:00-18:00,08/01/21 07:10,自运营,luckin coffee,
2435,禾盛京广中心店,(No.4774),高新区唐延路11号禾盛京广中心D座一层大堂,西安,08:00-18:00,08/01/21 07:10,自运营,luckin coffee,
2436,云浮益华国际店,(No.A2104),敬请期待!,云浮,08:00-18:00,08/01/21 07:10,代运营,luckin coffee,
2437,云浮新世纪广场店,(No.A2079),敬请期待!,云浮,08:00-18:00,08/01/21 07:10,代运营,luckin coffee,
2438,罗定人民体育场店,(No.A1317),罗城街道龙园路128号106房,云浮,08:00-22:00,08/01/21 07:10,代运营,luckin coffee,
2439,汉华国际店,(No.6884),芦淞区建设南路美佳Young范Mall一层,株洲,10:00-21:00,08/01/21 07:10,自运营,luckin coffee,
2440,大汉悦中心店,(No.6296),芦淞区沿江路2号大汉希尔顿国际6栋一层大堂,株洲,08:30-20:00,08/01/21 07:10,自运营,luckin coffee,
2441,株洲王府井店,(No.7038),芦淞区建设街道新华西路999号王府井百货负一层09号,株洲,10:00-21:30,08/01/21 07:10,自运营,luckin coffee,
2442,株洲天虹百货店,(No.B0063),天元区天台路39号银天大厦广场天虹商场一层1020F,株洲,10:00-20:00,08/01/21 07:10,自运营,小鹿茶,
2443,银泰财富广场店,(No.4717),荷塘区新华东路1557号银泰财富广场一层018B,株洲,10:00-21:00,08/01/21 07:10,自运营,luckin coffee,
2444,株洲奥园广场店,(No.A0617),天元区泰山路与珠江路交汇处奥园广场1-30A-2号,株洲,09:30-21:30,08/01/21 07:10,代运营,luckin coffee,
2445,神农城店,(No.6640),天元区泰山路街道珠江南路795号神农城南栋入口左侧2号铺,株洲,10:00-20:30,08/01/21 07:10,自运营,luckin coffee,
2446,悦湖国际店,(No.7244),天元区珠江北路199号悦湖国际一层大堂,株洲,08:00-18:30,08/01/21 07:10,自运营,luckin coffee,
2447,高科总部壹号店,(No.4783),天元区株洲大道高科总部壹号B座大厦一层大堂,株洲,09:00-18:00,08/01/21 07:10,自运营,luckin coffee,
2448,未来云环球中心店,(No.7240),敬请期待!,株洲,07:00-22:00,08/01/21 07:10,自运营,luckin coffee,
2449,湖南工业大学店,(No.7242),敬请期待!,株洲,07:00-22:00,08/01/21 07:10,自运营,luckin coffee,
2450,源汇大商新玛特店,(No.A1535),源汇区老街街道大商新玛特一层,漯河,09:30-21:30,08/01/21 07:10,代运营,luckin coffee,
2451,漯河人民路昌建广场店,(No.A0384),源汇区人民路昌建广场一层1A-119号,漯河,10:00-22:00,08/01/21 07:10,代运营,luckin coffee,
2452,昌建东外滩商业广场店,(No.A0872),郾城区金山路昌建东外滩商业广场地库入口,漯河,08:30-22:00,08/01/21 07:10,代运营,luckin coffee,
2453,万科中心店,(No.0367),渝中区大坪正街160号万科中心1栋1-1号,重庆,08:00-18:00,08/01/21 07:10,自运营,luckin coffee,
2454,龙湖时代中心18号楼店,(No.3249),渝中区长江二路174号龙湖时代中心18号楼一层大堂,重庆,08:00-21:00,08/01/21 07:10,自运营,luckin coffee,
2455,时代天街B馆店,(No.7176),渝中区石油路龙湖时代天街B馆一层四号门,重庆,10:00-22:00,08/01/21 07:10,自运营,luckin coffee,
2456,石桥广场店,(No.2184),九龙坡区渝州路59号石桥广场一层58号,重庆,08:00-20:30,08/01/21 07:10,自运营,luckin coffee,
2457,大坪英利国际店,(No.1079),渝中区大坪正街19号英利大融城LG层,重庆,09:00-20:30,08/01/21 07:10,自运营,luckin coffee,
2458,协信总部城店,(No.1013),渝中区经纬大道778号协信总部城星光天地L3层48号,重庆,09:30-21:00,08/01/21 07:10,自运营,luckin coffee,
2459,康德国际店,(No.2186),渝中区经纬大道333号康德国际写字楼一层大堂,重庆,今日休息中,08/01/21 07:10,自运营,luckin coffee,
2460,万友康年大酒店店,(No.1066),渝中区长江二路77号万友康年大酒店一层大堂,重庆,08:00-18:00,08/01/21 07:10,自运营,luckin coffee,
2461,重庆工商大学派斯学院店,(No.4949),合川区合阳城街道合师路141号,重庆,08:00-21:00,08/01/21 07:10,自运营,luckin coffee,
2462,重庆对外经贸学院店,(No.4807),合川区合阳办学府路9号二食堂二层27号,重庆,08:00-20:00,08/01/21 07:10,自运营,luckin coffee,
2463,移通学院爱莲书院店,(No.4611),合川区假日大道1号重庆邮电大学移通学院C4爱莲书院一层,重庆,09:00-20:00,08/01/21 07:10,自运营,luckin coffee,
2464,移通学院别都书院店,(No.4612),合川区假日大道1号重庆邮电大学移通学院别都书院一层,重庆,09:00-19:30,08/01/21 07:10,自运营,luckin coffee,
2465,重庆人文科技学院店,(No.7002),合川区学院街256号智园体育艺术中心鑫健健身房一层,重庆,08:30-18:30,08/01/21 07:10,自运营,luckin coffee,
2466,铜梁万达广场店,(No.6614),铜梁区东城街道中兴东路788号铜梁万达广场室内步行街1B层W-1B017,重庆,10:00-22:00,08/01/21 07:10,自运营,luckin coffee,
2467,创汇首座店,(No.0110),渝中区新华路 388 号创汇首座LG层大堂,重庆,09:00-19:30,08/01/21 07:10,自运营,luckin coffee,
2468,融恒盈嘉中心店,(No.0142),江北区观音桥步行街6号融恒盈嘉中心二层大堂,重庆,10:00-21:30,08/01/21 07:10,自运营,luckin coffee,
2469,同聚远景店,(No.0119),江北区观音桥建新北路9号同聚远景大厦一层大堂,重庆,今日休息中,08/01/21 07:10,自运营,luckin coffee,
2470,SFC协信中心店,(No.0128),渝中区解放碑五一路99号SFC协信中心大厦A座一层大堂,重庆,07:00-20:00,08/01/21 07:10,自运营,luckin coffee,
2471,企业天地5号楼店,(No.0154),渝中区瑞天路56号企业天地5号楼一层大堂,重庆,08:00-18:00,08/01/21 07:10,自运营,luckin coffee,
2472,朗晴广场店,(No.0183),江北区观音桥西环路8号朗晴广场附12号平街二层37号,重庆,08:00-18:00,08/01/21 07:10,自运营,luckin coffee,
2473,太平洋广场店,(No.0206),渝中区上清寺路2号太平洋广场一层大堂,重庆,今日休息中,08/01/21 07:10,自运营,luckin coffee,
2474,新壹街C馆店,(No.0263),江北区建新北路85号新壹街c馆LG37号,重庆,08:00-18:30,08/01/21 07:10,自运营,luckin coffee,
2475,潼南时代广场店,(No.6706),潼南区梓潼街道办事处东安大道155号潼南时代广场一层,重庆,09:30-21:00,08/01/21 07:10,自运营,luckin coffee,
2476,武胜融恒广场重百店,(No.A1930),武胜县沿口镇兴武大道融恒时代广场项目1栋2号楼,重庆,09:30-21:30,08/01/21 07:10,代运营,luckin coffee,
2477,北碚步行街店,(No.3595),北碚区中山路千都潮名堂二楼,重庆,09:30-21:00,08/01/21 07:10,自运营,luckin coffee,
2478,西南大学店,(No.6134),北碚区西南大学楠园9舍左二食堂旁,重庆,10:00-20:00,08/01/21 07:10,自运营,luckin coffee,
2479,北碚天生丽街店,(No.A0286),北碚天生丽街二楼乡村基旁,重庆,10:30-20:30,08/01/21 07:10,代运营,luckin coffee,
2480,海宇温泉大酒店店,(No.1505),北碚区双元大道198号2幢海宇温泉大酒店一层大堂,重庆,08:00-18:00,08/01/21 07:10,自运营,luckin coffee,
2481,北碚万达广场店,(No.1631),北碚区冯时行路302号万达广场1A层36号,重庆,10:00-21:30,08/01/21 07:10,自运营,luckin coffee,
2482,璧山巴古戴斯店,(No.A0699),璧山区天怡街2号附10号巴古戴斯酒店一层大堂,重庆,09:00-20:00,08/01/21 07:10,代运营,luckin coffee,
2483,璧山俊豪中央大街店,(No.7131),璧山区红宇大道23号俊豪中央大街一层附2号107商铺,重庆,10:00-21:30,08/01/21 07:10,自运营,luckin coffee,
2484,重庆机电职业技术大学店,(No.7042),璧山区璧泉街道重庆机电职业技术学院学生食堂一层,重庆,09:00-20:00,08/01/21 07:10,自运营,luckin coffee,
2485,龙湖U城天街店,(No.2908),沙坪坝区大学城西路31号附16号底商,重庆,08:00-21:30,08/01/21 07:10,自运营,luckin coffee,
2486,四川美术学院南门店,(No.6583),沙坪坝区虎溪镇四川美术学院南校门东边A-1F-2,重庆,09:00-19:00,08/01/21 07:10,自运营,luckin coffee,
2487,熙街电影院广场店,(No.7087),沙坪坝区景苑路8号附1017号24号楼一层,重庆,09:00-22:00,08/01/21 07:10,自运营,luckin coffee,
2488,城市管理职业学院店,(No.6557),沙坪坝区大学城南二路153号附9号,重庆,09:00-19:00,08/01/21 07:10,自运营,luckin coffee,
2489,重庆师范大学店,(No.2538),沙坪坝区大学城中路37号重庆师范大学南门商业街底商,重庆,09:00-20:00,08/01/21 07:10,自运营,luckin coffee,
2490,重庆双福学院店,(No.C0178),江津区双福新区学院路还房新区A区1栋3号,重庆,今日休息中,08/01/21 07:10,代运营,小鹿茶,
2491,港龙购物中心店,(No.6602),江津区江州大道600号御景华庭高层裙楼L1层西北门口,重庆,09:30-21:00,08/01/21 07:10,自运营,luckin coffee,
2492,重庆双福学府店,(No.A1445),敬请期待!,重庆,08:00-18:00,08/01/21 07:10,代运营,luckin coffee,
2493,木马酒店店,(No.1785),沙坪坝区景和路1号大学城木马酒店一层大堂,重庆,08:00-18:30,08/01/21 07:10,自运营,luckin coffee,
2494,重庆医药高等专科学校店,(No.6028),沙坪坝区大学城中路重庆医药高等专科学校膳食中心第二食堂二楼,重庆,09:00-19:30,08/01/21 07:10,自运营,luckin coffee,
2495,重庆电子工程职业学院店,(No.6011),沙坪坝区陈家桥镇重电苑明德路8号附12号B01号,重庆,10:00-20:00,08/01/21 07:10,自运营,luckin coffee,
2496,重庆西站店,(No.3710),沙坪坝区重庆西站候车厅二层商业区JA10,重庆,08:00-18:30,08/01/21 07:10,自运营,luckin coffee,
2497,大渡口万达广场店,(No.3053),大渡口区建桥大道108号万达广场一层1033C号商铺 ,重庆,09:30-21:30,08/01/21 07:10,自运营,luckin coffee,
2498,渝高智博中心店,(No.1177),九龙坡区二郎科技新城科城路68号智博中心一层,重庆,08:00-18:30,08/01/21 07:10,自运营,luckin coffee,
2499,科力集团大厦店,(No.2862),大渡口区八桥街117号科力集团大厦底商,重庆,08:30-20:30,08/01/21 07:10,自运营,luckin coffee,
2500,重庆华润万象汇店,(No.7114),大渡口区钢花路95号华润万象汇B1层02A号商铺,重庆,10:00-22:00,08/01/21 07:10,自运营,luckin coffee,
2501,盘龙奥园广场店,(No.3684),九龙坡区盘金路2号盘龙奥园广场一层1011号,重庆,09:30-21:30,08/01/21 07:10,自运营,luckin coffee,
2502,长寿凯谊广场店,(No.7049),长寿区桃源大道8号凯谊·世纪广场一层15号,重庆,10:00-21:30,08/01/21 07:10,自运营,luckin coffee,
2503,长江师范学院店,(No.6136),涪陵区长江师范学院李渡校区接待中心一层,重庆,08:00-18:00,08/01/21 07:10,自运营,luckin coffee,
2504,重庆医科大学店,(No.7197),敬请期待!,重庆,07:00-22:00,08/01/21 07:10,自运营,luckin coffee,
2505,重庆大足印象店,(No.6653),大足区龙岗街道龙中路89号大足印象商业一层金夫人摄影馆旁,重庆,10:00-21:30,08/01/21 07:10,自运营,luckin coffee,
2506,南川万达广场店,(No.6595),南川区渝南大道16号万达广场1A层部分区域场地编号JY-BX-008,重庆,10:00-22:00,08/01/21 07:10,自运营,luckin coffee,
2507,中雅大厦店,(No.7088),渝中区人和街74号中雅大厦一层大堂,重庆,07:30-19:30,08/01/21 07:10,自运营,luckin coffee,
2508,重医儿童医院店,(No.3225),渝中区中山二路168号光彩大厦负一层12号铺,重庆,07:30-18:30,08/01/21 07:10,自运营,luckin coffee,
2509,重庆国贸格兰维大酒店店,(No.3120),渝中区青年路66号重庆国贸格兰维大酒店一层大堂,重庆,07:30-18:00,08/01/21 07:10,自运营,luckin coffee,
2510,解放碑英利大融城店,(No.0796),渝中区民权路26号英利大融城购物中心LG层17室,重庆,10:00-21:30,08/01/21 07:10,自运营,luckin coffee,
2511,远见中心店,(No.0932),渝中区嘉陵江滨江路242号远见中心一层大堂,重庆,08:00-18:00,08/01/21 07:10,自运营,luckin coffee,
2512,得意世界店,(No.3209),渝中区较场口88号得意世界底商,重庆,09:00-21:00,08/01/21 07:10,自运营,luckin coffee,
2513,重庆村1号店,(No.2305),渝中区中山三路131号重庆村1号商务大厦一层大堂,重庆,08:00-18:00,08/01/21 07:10,自运营,luckin coffee,
2514,重庆建委店,(No.4621),渝中区长江一路58号地产大厦裙楼第一层,重庆,今日休息中,08/01/21 07:10,自运营,luckin coffee,
2515,嘉陵中心B馆店,(No.7120),渝中区瑞天路6号嘉陵中心B馆一层115号,重庆,08:00-18:00,08/01/21 07:10,自运营,luckin coffee,
2516,企业天地2号楼店,(No.1502),渝中区华盛路10号企业天地2号楼LG层大堂,重庆,08:00-18:00,08/01/21 07:10,自运营,luckin coffee,
2517,力帆中心店,(No.1143),江北区江北嘴金沙门路2号聚贤岩广场8号力帆中心1号楼9层附一号,重庆,08:00-18:00,08/01/21 07:10,自运营,luckin coffee,
2518,中山文创店,(No.1783),渝中区中山四路文化产业园75号附70号,重庆,08:00-20:00,08/01/21 07:10,自运营,luckin coffee,
2519,重庆百脑汇店,(No.2181),九龙坡区科园一路2号九龙百脑汇负一层大堂,重庆,今日休息中,08/01/21 07:10,自运营,luckin coffee,
2520,仁悦天地店,(No.2504),九龙坡区石杨路18号仁悦天地购物中心1层1035号,重庆,09:00-21:30,08/01/21 07:10,自运营,luckin coffee,
2521,国汇中心店,(No.0775),南岸区江南大道2号国汇中心写字楼3栋LG大堂,重庆,08:00-18:00,08/01/21 07:10,自运营,luckin coffee,
2522,中国人保寿险大厦店,(No.0308),江北区金融街3号1-1中国人保寿险大厦一层大堂,重庆,08:00-18:00,08/01/21 07:10,自运营,luckin coffee,
2523,万汇乐奇世界店,(No.0823),江北区北城天街路38号万汇乐奇世界商场L1层61号,重庆,10:00-18:00,08/01/21 07:10,自运营,luckin coffee,
2524,大都会东方广场店,(No.0795),渝中区邹容路68号大都会东方广场L1层114-117号,重庆,09:30-21:00,08/01/21 07:10,自运营,luckin coffee,
2525,平安国际金融中心店,(No.0360),渝中区五一路99号平安国际金融中心一单元一层大堂,重庆,07:30-19:30,08/01/21 07:10,自运营,luckin coffee,
2526,重庆洪崖洞·解辣主题店,(No.6550),渝中区沧白路69号苏联大使馆武馆旧址一层,重庆,08:00-22:00,08/01/21 07:10,自运营,luckin coffee,
2527,重庆来福士广场店,(No.7089),渝中区接圣街8号重庆来福士购物中心二层88号,重庆,10:00-21:30,08/01/21 07:10,自运营,luckin coffee,
2528,大洋百货店,(No.4479),九龙坡区杨家坪西郊路3号大洋百货一层,重庆,10:00-21:30,08/01/21 07:10,自运营,luckin coffee,
2529,中迪广场店,(No.2433),九龙坡区杨家坪正街68号中迪广场北区LG层22号,重庆,08:30-21:30,08/01/21 07:10,自运营,luckin coffee,
2530,瑞成商都店,(No.3798),九龙坡区杨家坪正街26号附2号1号瑞成商都一层,重庆,10:00-21:30,08/01/21 07:10,自运营,luckin coffee,
2531,保利时代广场店,(No.1471),九龙坡区花半里路2号附32号保利时代广场一层 ,重庆,08:00-19:00,08/01/21 07:10,自运营,luckin coffee,
2532,巴南万达广场店,(No.2797),巴南区渝南大道301号附31号,重庆,08:00-21:00,08/01/21 07:10,自运营,luckin coffee,
2533,重庆工程学院图书馆店,(No.6137),巴南区南泉街道白鹤林16号重庆工程学院12幢图书馆一楼,重庆,08:30-19:00,08/01/21 07:10,自运营,luckin coffee,
2534,重庆工程学院实训楼店,(No.6138),巴南区南泉街道白鹤林16号重庆工程学院6幢实习楼113房间,重庆,09:00-19:00,08/01/21 07:10,自运营,luckin coffee,
2535,龙湖西城国际店,(No.3026),九龙坡区杨家坪珠江路48号龙湖西城国际一层大堂,重庆,今日休息中,08/01/21 07:10,自运营,luckin coffee,
2536,华润万象里店,(No.0927),九龙坡区万象一路20号华润万象里29幢一层1-37号,重庆,07:30-20:30,08/01/21 07:10,自运营,luckin coffee,
2537,未来国际大厦店,(No.3288),江北区观音桥步行街6号未来国际大厦一层大堂,重庆,07:30-20:00,08/01/21 07:10,自运营,luckin coffee,
2538,观音桥阳光世纪店,(No.3155),江北区建新北路一支路3号新世纪奥特莱斯阳光世纪三层59号,重庆,10:00-21:30,08/01/21 07:10,自运营,luckin coffee,
2539,北城天街店,(No.2950),江北区北城天街5号附2号,重庆,08:00-21:00,08/01/21 07:10,自运营,luckin coffee,
2540,数码大厦店,(No.0629),江北区兴隆路26号数码大厦A座一层大堂,重庆,08:00-18:00,08/01/21 07:10,自运营,luckin coffee,
2541,重医附二院江南院区店,(No.3049),南岸茶园新区天文大道288号江南院区二层D2区住院部,重庆,08:00-20:00,08/01/21 07:10,自运营,luckin coffee,
2542,广告产业园店,(No.0365),渝北区食品城大道18号广告产业园附30号,重庆,08:00-18:00,08/01/21 07:10,自运营,luckin coffee,
2543,重庆外语外事学院店,(No.6545),渝北区回兴街道川外南方翻译学院渝北校区校内图书馆一层,重庆,09:00-18:00,08/01/21 07:10,自运营,luckin coffee,
2544,泽科星泽汇店,(No.4336),南岸区弹子石群慧路11号泽科星泽汇一层85号,重庆,08:00-20:30,08/01/21 07:10,自运营,luckin coffee,
2545,西南政法大学西街店,(No.1784),渝北区宝圣大道213号附1号西政国际学术交流中心商业30号一层,重庆,09:00-19:30,08/01/21 07:10,自运营,luckin coffee,
2546,绿地保税中心店,(No.1022),江北区金渝大道157号绿地保税中心2栋G层G-1号,重庆,08:00-18:00,08/01/21 07:10,自运营,luckin coffee,
2547,重医附三院店,(No.4627),渝北区双湖支路1号重庆医科大学附属第三医院住院部负一层,重庆,08:00-18:00,08/01/21 07:10,自运营,luckin coffee,
2548,SM广场店,(No.1489),渝北区松石大道148号SM广场一层E5商铺,重庆,10:00-22:00,08/01/21 07:10,自运营,luckin coffee,
2549,东原中心店,(No.0601),江北区红盛路37号东原中心7号楼一层大堂,重庆,08:00-18:30,08/01/21 07:10,自运营,luckin coffee,
2550,盛世银座店,(No.0785),渝北区龙山街道百灵路6号兴茂盛世银座北辰5幢一层大堂,重庆,08:00-18:00,08/01/21 07:10,自运营,luckin coffee,
2551,国际创客港店,(No.1879),沙坪坝区下中渡口130号国际创客港19号楼一层1室,重庆,09:00-18:00,08/01/21 07:10,自运营,luckin coffee,
2552,龙湖源著店,(No.1199),江北区福康路25号体育公园轻轨站3号口龙湖源著写字楼20栋大堂1层,重庆,07:30-19:00,08/01/21 07:10,自运营,luckin coffee,
2553,爱融荟城新世纪超市店,(No.3162),渝北区新南路429号中国华融现代广场负一层新世纪超市收银出口,重庆,08:30-20:00,08/01/21 07:10,自运营,luckin coffee,
2554,重庆大学A区民主食堂店,(No.6756),重庆市沙坪坝正街174号重庆大学A区民主湖餐厅一层,重庆,08:00-20:00,08/01/21 07:10,自运营,luckin coffee,
2555,重庆大学沙北街店,(No.A0964),沙坪坝区沙北街23号,重庆,09:00-20:00,08/01/21 07:10,代运营,luckin coffee,
2556,美联广场店,(No.0679),渝北区两江新区汇流路1号美联广场一层1-10号,重庆,08:00-18:30,08/01/21 07:10,自运营,luckin coffee,
2557,复城国际店,(No.1194),渝北区北部新区龙睛路7号复地复城国际一层大堂,重庆,08:00-18:00,08/01/21 07:10,自运营,luckin coffee,
2558,融创金贸时代店,(No.2312),渝北区栖霞路16号融创金茂荟A区1号一层,重庆,08:00-21:00,08/01/21 07:10,自运营,luckin coffee,
2559,融科金开中心店,(No.2010),渝北区金开大道1239号融科金开中心一层附53号,重庆,08:00-19:00,08/01/21 07:10,自运营,luckin coffee,
2560,重庆机场T3出发大厅店-4F安检外,(No.4938),渝北区渝航路重庆机场T3航站楼4层出发大厅编号L4E38A3,重庆,09:00-19:00,08/01/21 07:10,自运营,luckin coffee,
2561,重庆机场T3E指廊店-3F安检内,(No.4936),渝北区重庆机场T3航站楼三层E指廊E07登机口,重庆,07:00-21:00,08/01/21 07:10,自运营,luckin coffee,
2562,重庆机场T2C指廊店,(No.4937),渝北区重庆机场T2航站楼三层C指廊安检内候机区,重庆,07:00-21:00,08/01/21 07:10,自运营,luckin coffee,
2563,华夏航空店,(No.3040),渝北区机场航安路30号华夏航空公司一层大堂,重庆,09:00-18:00,08/01/21 07:10,自运营,luckin coffee,
2564,重庆航空店,(No.7206),渝北区机场路6号重庆航空有限责任公司一层大堂,重庆,09:00-18:00,08/01/21 07:10,自运营,luckin coffee,
2565,西部航空店,(No.7257),渝北区临港大道10号西部航空有限责任公司运控楼一层大堂,重庆,09:00-18:00,08/01/21 07:10,自运营,luckin coffee,
2566,渝能明日城市广场店,(No.2185),江北区桥北苑2号附9号渝能明日城市广场一层,重庆,08:00-19:30,08/01/21 07:10,自运营,luckin coffee,
2567,江北中国人民保险大厦店,(No.A0211),江北区中国人民财产保险股份有限公司（重庆分公司）二层,重庆,今日休息中,08/01/21 07:10,代运营,luckin coffee,
2568,仁安龙城国际店,(No.0596),渝北区高新园宝华大道16号仁安龙城国际1号楼商铺区一层33号,重庆,08:00-20:00,08/01/21 07:10,自运营,luckin coffee,
2569,四川外国语大学店,(No.2691),沙坪坝区壮志路33号四川外国语大学大二超市一层,重庆,09:00-18:00,08/01/21 07:10,自运营,luckin coffee,
2570,金沙宾馆店,(No.6657),沙坪坝区高滩岩正街31号中国工商银行二层大堂,重庆,07:30-18:00,08/01/21 07:10,自运营,luckin coffee,
2571,重庆陈家湾店,(No.A0267),沙坪坝区渝碚路99号13-15号,重庆,08:00-22:00,08/01/21 07:10,代运营,luckin coffee,
2572,东原ARC店,(No.0520),沙坪坝区石碾盘88号东原ARC中央广场4栋附58号,重庆,08:00-18:00,08/01/21 07:10,自运营,luckin coffee,
2573,南开步行街店,(No.1062),沙坪坝区沙南街1号南开步行街南园4号附5号,重庆,07:30-21:00,08/01/21 07:10,自运营,luckin coffee,
2574,沙坪坝华宇广场店,(No.7217),沙坪坝区渝碚路15号华宇时尚商业街一层,重庆,09:30-21:00,08/01/21 07:10,自运营,luckin coffee,
2575,龙湖金沙天街店,(No.6708),沙坪坝区北站东路188号重庆龙湖金沙天街B馆二层44号,重庆,10:00-22:00,08/01/21 07:10,自运营,luckin coffee,
2576,西永微电产业园店,(No.2187),沙坪坝区西园二路99号一层,重庆,08:00-18:00,08/01/21 07:10,自运营,luckin coffee,
2577,金辉广场店,(No.1648),南岸区风临路7号金辉广场一层1-1-21A号,重庆,08:00-20:30,08/01/21 07:10,自运营,luckin coffee,
2578,摩登星乐荟店,(No.A0012),万州区太白路94号禾森商厦一层58号商铺,重庆,09:00-21:00,08/01/21 07:10,代运营,luckin coffee,
2579,重庆泽胜中央广场店,(No.A0092),涪陵区兴华中路25号泽胜中央广场B馆二层D7商铺,重庆,09:30-21:30,08/01/21 07:10,代运营,luckin coffee,
2580,綦江万达广场店,(No.6709),綦江区滨河大道27号万达广场室内步行街四层4029号商铺,重庆,10:00-22:00,08/01/21 07:10,自运营,luckin coffee,
2581,美源国际店,(No.0594),渝北区红锦大道555号美源国际一层大堂,重庆,08:00-18:00,08/01/21 07:10,自运营,luckin coffee,
2582,重庆财富中心店,(No.0957),渝北区洪湖东路1号重庆财富中心购物中心1层F-6商铺,重庆,10:00-21:00,08/01/21 07:10,自运营,luckin coffee,
2583,FFC店,(No.1859),渝北区财富大道1号重庆财富中心FFC写字楼一层,重庆,今日休息中,08/01/21 07:10,自运营,luckin coffee,
2584,高科财富园店,(No.1398),渝北区财富大道15号财富园二号A幢一层,重庆,今日休息中,08/01/21 07:10,自运营,luckin coffee,
2585,重庆新光天地店,(No.6897),渝北区红锦大道89号新光天地负一层A区美丽市场,重庆,10:00-21:30,08/01/21 07:10,自运营,luckin coffee,
2586,中渝国宾城店,(No.0808),渝北区新溉大道16号附3-1-35国宾城11幢裙楼新鸥鹏华冈教育MALLL1层A21号,重庆,08:00-20:30,08/01/21 07:10,自运营,luckin coffee,
2587,海王星B店,(No.0380),北部新区星光大道62号海王星B座曼罗帝一层大堂,重庆,07:30-18:00,08/01/21 07:10,自运营,luckin coffee,
2588,土星商务中心店,(No.2616),渝北区星光大道92号土星商务中心B1幢一层大堂 ,重庆,今日休息中,08/01/21 07:10,自运营,luckin coffee,
2589,重庆渝北商会大厦店,(No.A0533),渝北区仙桃街道舟济路38号1-7号,重庆,08:00-20:00,08/01/21 07:10,代运营,luckin coffee,
2590,龙湖公园天街店,(No.6707),敬请期待!,重庆,07:00-22:00,08/01/21 07:10,自运营,luckin coffee,
2591,华辰财富广场店,(No.1487),渝北区双龙湖街道百果路33号附8号华辰财富广场3幢一层29号,重庆,08:00-18:00,08/01/21 07:10,自运营,luckin coffee,
2592,重科智谷店,(No.2353),渝北区杨柳路3号重科智谷A栋一层大堂,重庆,今日休息中,08/01/21 07:10,自运营,luckin coffee,
2593,高科服务贸易产业园店,(No.1472),渝北区黄山大道中段64号13幢一层1-1号,重庆,08:00-18:00,08/01/21 07:10,自运营,luckin coffee,
2594,龙湖礼嘉天街店,(No.6693),渝北区礼慈路14号重庆礼嘉天街A馆B1层21/22号铺,重庆,10:00-21:30,08/01/21 07:10,自运营,luckin coffee,
2595,香港置地光环购物公园店,(No.6922),两江新区湖彩路118号光环购物公园三层CD32号商铺,重庆,10:00-21:30,08/01/21 07:10,自运营,luckin coffee,
2596,玫瑰天街店,(No.2183),渝北区金州大道42号重庆银行旁B1栋一层大堂,重庆,08:00-19:00,08/01/21 07:10,自运营,luckin coffee,
2597,康庄枢纽站店,(No.4614),两江新区金通大道520号康庄枢纽站通易购商场三层大门,重庆,09:30-19:30,08/01/21 07:10,自运营,luckin coffee,
2598,两江天地店,(No.2182),渝北区金开大道56号两江天地一层大堂,重庆,08:00-18:00,08/01/21 07:10,自运营,luckin coffee,
2599,兰亭新都汇店,(No.A0656),渝北区翠苹路234号附10号一层,重庆,10:00-22:00,08/01/21 07:10,代运营,luckin coffee,
2600,星耀天地店,(No.2287),江北区天澜大道9号星耀天地1栋一层3-13号,重庆,08:00-18:00,08/01/21 07:10,自运营,luckin coffee,
2601,渝兴广场店,(No.7119),渝北区黄杨路5号渝兴广场渝兴美食城一层,重庆,08:00-18:00,08/01/21 07:10,自运营,luckin coffee,
2602,腾讯众创空间大厦店,(No.0509),渝北区金开大道106号互联网产业园11号楼腾讯众创空间大厦一层1号,重庆,08:00-18:00,08/01/21 07:10,自运营,luckin coffee,
2603,重庆开州步行街店,(No.A0726),开州区汉丰街道锦程社区开州步行街1337号,重庆,09:30-21:30,08/01/21 07:10,代运营,luckin coffee,
2604,大十字购物广场店,(No.7167),黔江区解放路158号大十字购物广场二期一层026号商铺,重庆,09:30-22:00,08/01/21 07:10,自运营,luckin coffee,
2605,百联上海城店,(No.0933),南岸区南坪西路38号百联上海城一层142-1室家乐福大门,重庆,10:00-21:00,08/01/21 07:10,自运营,luckin coffee,
2606,南坪万达新馆店,(No.0310),南岸区江南大道路8号南坪万达广场一层0044号,重庆,09:30-22:00,08/01/21 07:10,自运营,luckin coffee,
2607,南坪重百商场店,(No.3159),南岸区南坪正街1号重百商场底商,重庆,10:00-21:30,08/01/21 07:10,自运营,luckin coffee,
2608,南坪协信中心店,(No.0404),南岸区南城大道1号协信城7号楼四层大堂,重庆,08:00-21:00,08/01/21 07:10,自运营,luckin coffee,
2609,四公里交通枢纽站店,(No.3251),南岸区烟雨路四公里枢纽站进站口一层玻璃房,重庆,08:00-18:00,08/01/21 07:10,自运营,luckin coffee,
2610,重庆工商大学店,(No.2610),南岸区学府大道19号人人乐超市一层,重庆,08:00-20:00,08/01/21 07:10,自运营,luckin coffee,
2611,重庆第二师范学院店,(No.6135),南岸区第二师范学院（南山校区）福寿路2号山与城,重庆,08:30-20:00,08/01/21 07:10,自运营,luckin coffee,
2612,重庆邮电大学店,(No.6375),南岸区南山街道邮村71号A栋1-24号铺,重庆,08:30-21:00,08/01/21 07:10,自运营,luckin coffee,
2613,南岸悦地店,(No.A0294),南岸区通江大道186号悦地购物中心负一层012E号,重庆,10:00-19:30,08/01/21 07:10,代运营,luckin coffee,
2614,煌华新纪元购物广场店,(No.3604),沙坪坝区双巷子步行街6号煌华新纪元购物广场LG层扶梯口左边50米,重庆,10:00-21:30,08/01/21 07:10,自运营,luckin coffee,
2615,沙坪坝重百商场店,(No.3537),沙坪坝小新街77号重百商场一层F101,重庆,09:30-21:00,08/01/21 07:10,自运营,luckin coffee,
2616,石柱上河街店,(No.7271),敬请期待!,重庆,07:00-22:00,08/01/21 07:10,自运营,luckin coffee,
2617,忻州田森汇店,(No.C0382),忻府区新建南路34号忻州田森汇项目一层1055号,忻州,10:00-21:30,08/01/21 07:10,代运营,小鹿茶,
2618,怀化富程路店,(No.A0627),鹤城区人民路威虎山路口 1号,怀化,08:00-23:00,08/01/21 07:10,代运营,luckin coffee,
2619,怀化城市中央店,(No.A1255),鹤城区迎丰中路城市中央商业广场B座大堂,怀化,00:00-23:00,08/01/21 07:10,代运营,luckin coffee,
2620,锦绣五溪店,(No.A1286),鹤城区天星东路锦绣五溪商业广场5栋3号,怀化,08:00-23:00,08/01/21 07:10,代运营,luckin coffee,
2621,怀化步步高广场店,(No.A2071),敬请期待!,怀化,08:00-18:00,08/01/21 07:10,代运营,luckin coffee,
2622,怀化万达广场店,(No.A1319),敬请期待!,怀化,08:00-18:00,08/01/21 07:10,代运营,luckin coffee,
2623,日照银座商城店,(No.A2027),敬请期待!,日照,08:00-18:00,08/01/21 07:10,代运营,luckin coffee,
2624,新世纪蓝湾购物中心店,(No.A1988),敬请期待!,日照,08:00-18:00,08/01/21 07:10,代运营,luckin coffee,
2625,莒县正基时代广场店,(No.A2014),敬请期待!,日照,08:00-18:00,08/01/21 07:10,代运营,luckin coffee,
2626,沂水中心街店,(No.A2043),敬请期待!,日照,08:00-18:00,08/01/21 07:10,代运营,luckin coffee,
2627,沂水银座店,(No.A2075),敬请期待!,日照,08:00-18:00,08/01/21 07:10,代运营,luckin coffee,
2628,沂水银座商城店,(No.A2005),敬请期待!,日照,08:00-18:00,08/01/21 07:10,代运营,luckin coffee,
2629,厦门悦享中心店,(No.1239),思明区松岳路6号悦享中心A塔一层大堂,厦门,08:00-18:00,08/01/21 07:10,自运营,luckin coffee,
2630,宏泰中心店,(No.1027),思明区湖滨东路309号宏泰中心大堂二层,厦门,今日休息中,08/01/21 07:10,自运营,luckin coffee,
2631,华天花园店,(No.1613),思明区嘉禾路233号华天花园105单元一层,厦门,07:30-20:30,08/01/21 07:10,自运营,luckin coffee,
2632,厦门七星路万象里店,(No.2180),思明区七星西路3号万象里购物中心一层L114号,厦门,08:30-22:00,08/01/21 07:10,自运营,luckin coffee,
2633,新景中心店,(No.4658),思明区嘉禾路21号新景中心A栋一层109室,厦门,08:00-19:30,08/01/21 07:10,自运营,luckin coffee,
2634,厦门SM二期新生活广场店,(No.2178),思明区嘉禾路399号SM城市新生活广场蓝宝石五层连廊,厦门,10:00-22:00,08/01/21 07:10,自运营,luckin coffee,
2635,二轻大厦店,(No.1982),思明区湖滨南路334号二轻大厦一层大堂,厦门,08:00-18:00,08/01/21 07:10,自运营,luckin coffee,
2636,福隆国际店,(No.6607),湖里区嘉禾路294号中闽百汇商场负一层-1F-64商铺,厦门,09:00-21:00,08/01/21 07:10,自运营,luckin coffee,
2637,深田国际大厦店,(No.0296),思明区深田路46号深田国际大厦一层大堂,厦门,08:00-18:00,08/01/21 07:10,自运营,luckin coffee,
2638,厦门禹洲广场店,(No.A1342),思明区湖滨南路55号禹州广场一层大堂,厦门,09:00-17:00,08/01/21 07:10,代运营,luckin coffee,
2639,亿力大厦店,(No.0682),思明区湖滨西路9号亿力大厦一层大堂,厦门,08:00-18:00,08/01/21 07:10,自运营,luckin coffee,
2640,银行中心店,(No.3554),思明区厦禾路189号银行中心一层,厦门,08:00-18:00,08/01/21 07:10,自运营,luckin coffee,
2641,镇海路店,(No.6053),思明区镇海路12-8号104室,厦门,08:00-22:00,08/01/21 07:10,自运营,luckin coffee,
2642,厦门第一广场店,(No.3232),思明区鹭江道2号第一广场一层大堂 ,厦门,08:00-19:30,08/01/21 07:10,自运营,luckin coffee,
2643,厦门财富中心店,(No.0266),思明区鹭江道100号厦门财富中心一层大堂 ,厦门,今日休息中,08/01/21 07:10,自运营,luckin coffee,
2644,厦门轮渡店,(No.4348),思明区开元路2-2号轮渡公交场站候车厅一层,厦门,07:00-21:00,08/01/21 07:10,自运营,luckin coffee,
2645,厦门大学国际学术交流中心店,(No.7117),思明区思明南路厦门大学国际学术交流中心一层2-101号,厦门,08:30-22:00,08/01/21 07:10,自运营,luckin coffee,
2646,鼓浪屿三友百货店,(No.6551),思明区鼓浪屿三友假日旅游城二层鼓里项目空间101号铺,厦门,09:00-20:00,08/01/21 07:10,自运营,luckin coffee,
2647,世茂海峡店,(No.0876),思明区演武西路182号世茂海峡大厦B塔一层大堂,厦门,08:00-19:00,08/01/21 07:10,自运营,luckin coffee,
2648,厦大白城店,(No.1882),思明区厦大白城路7-1号103号夏商超市一层,厦门,07:30-20:00,08/01/21 07:10,自运营,luckin coffee,
2649,厦大学生公寓店,(No.2658),思明区曾厝垵北二路105号厦大学生公寓8号楼一层115号,厦门,07:00-20:30,08/01/21 07:10,自运营,luckin coffee,
2650,罗宾森购物广场店,(No.1233),思明区厦禾路889-899号罗宾森购物广场三期一层R1-04室,厦门,08:00-22:00,08/01/21 07:10,自运营,luckin coffee,
2651,中石化文灶店,(No.3194),思明区厦禾路824号中石化文灶加油站底商,厦门,07:00-20:00,08/01/21 07:10,自运营,luckin coffee,
2652,华夏大酒店店,(No.6003),思明区厦禾路935-939号华夏大酒店一层大堂,厦门,08:00-20:00,08/01/21 07:10,自运营,luckin coffee,
2653,京华大酒店店,(No.7033),思明区厦禾路1130-1-2号京华大酒店底商,厦门,08:00-21:00,08/01/21 07:10,自运营,luckin coffee,
2654,湾悦城店,(No.0145),湖里区钟宅西三路日圆二里1号湾悦城SOHO湾区A栋二层大堂,厦门,08:00-20:00,08/01/21 07:10,自运营,luckin coffee,
2655,雀氏财富中心店,(No.0121),思明区花莲路1号雀氏财富中心一层大堂,厦门,08:00-18:00,08/01/21 07:10,自运营,luckin coffee,
2656,台商会馆店,(No.0108),湖里区仙岳路860号厦门台商会馆一层大堂,厦门,07:30-18:00,08/01/21 07:10,自运营,luckin coffee,
2657,福兴国际中心店,(No.0113),思明区台南路73号福兴国际中心一层大堂,厦门,今日休息中,08/01/21 07:10,自运营,luckin coffee,
2658,金海湾财富中心店,(No.0125),湖里区安岭路1001号金海湾财富中心B栋一层大堂,厦门,今日休息中,08/01/21 07:10,自运营,luckin coffee,
2659,融信中心店,(No.0249),海沧区坪山南里64号融信中心一层大堂,厦门,08:00-18:00,08/01/21 07:10,自运营,luckin coffee,
2660,同安夏商钟楼店,(No.A1031),同安区大同街道三秀南里7-24号,厦门,09:30-22:30,08/01/21 07:10,代运营,luckin coffee,
2661,乐海广场店,(No.A1208),同安区环城西路639号204室,厦门,10:00-22:00,08/01/21 07:10,代运营,luckin coffee,
2662,厦门北旺角大学城店,(No.A0851),集美区天马路旺角大学城A区305-105号,厦门,09:30-21:30,08/01/21 07:10,代运营,luckin coffee,
2663,厦门工学院店,(No.6865),集美区孙坂南路1251号厦门工学院图书馆一层,厦门,08:00-21:00,08/01/21 07:10,自运营,luckin coffee,
2664,软件园三期B19店,(No.6537),集美区诚毅北大街64号网宿科技二层员工餐厅,厦门,今日休息中,08/01/21 07:10,自运营,luckin coffee,
2665,软件园三期B11店,(No.3220),集美区诚毅北大街51号软件园三期B11栋一层大堂 ,厦门,今日休息中,08/01/21 07:10,自运营,luckin coffee,
2666,厦门大学翔安校区店,(No.6899),翔安区新店镇翔安南路厦门大学翔安校区学生公寓一期综合楼三层301之一,厦门,07:00-22:00,08/01/21 07:10,自运营,luckin coffee,
2667,滨海大道店,(No.A0004),南安市水头镇滨海大道582-1号,厦门,09:00-21:00,08/01/21 07:10,代运营,luckin coffee,
2668,厦门华侨大学艺术区店,(No.A0480),集美区兑山西路118-118-1号,厦门,10:00-22:00,08/01/21 07:10,代运营,luckin coffee,
2669,软件园三期A06店,(No.1285),集美区诚毅大街370号软件园三期A区06栋一层大堂,厦门,08:00-18:00,08/01/21 07:10,自运营,luckin coffee,
2670,厦门南洋职业学院店,(No.6017),翔安区新店镇洪钟大道5068号实训楼一层,厦门,08:00-20:30,08/01/21 07:10,自运营,luckin coffee,
2671,集美大学水产学院店,(No.A0392),集美区银盛里62-103,厦门,08:00-22:30,08/01/21 07:10,代运营,luckin coffee,
2672,集美大学诚毅学院店,(No.1993),集美区集美大道199号诚毅学院学生生活中心一层鸿润福超市,厦门,07:30-21:00,08/01/21 07:10,自运营,luckin coffee,
2673,集美大学月明楼店,(No.A1082),集美区银江路185-51号105室,厦门,今日休息中,08/01/21 07:10,代运营,luckin coffee,
2674,软件园三期A04店,(No.2355),集美区诚毅大街365号软件园三期A区04栋一层大堂,厦门,今日休息中,08/01/21 07:10,自运营,luckin coffee,
2675,日华国际大厦店,(No.3753),湖里区新丰三路16号日华国际大厦一层大堂,厦门,07:30-18:00,08/01/21 07:10,自运营,luckin coffee,
2676,跨境电商店,(No.1622),湖里区长虹路29号跨境电商产业园二期一层103室,厦门,08:00-20:00,08/01/21 07:10,自运营,luckin coffee,
2677,自贸金融中心店,(No.1231),湖里区屿南四路1-9号自贸金融中心B座一层101号,厦门,今日休息中,08/01/21 07:10,自运营,luckin coffee,
2678,厦门SM一期城市广场店,(No.7090),湖里区嘉禾路468号SM城市广场四层,厦门,10:00-22:00,08/01/21 07:10,自运营,luckin coffee,
2679,复旦中山厦门医院店,(No.4830),湖里区金湖路668号复旦大学附属中山医院厦门医院门诊部一层,厦门,今日休息中,08/01/21 07:10,自运营,luckin coffee,
2680,厦门弘爱医院店,(No.4967),湖里区仙岳路3777号综合楼一层1050-1室,厦门,今日休息中,08/01/21 07:10,自运营,luckin coffee,
2681,海西金融广场店,(No.1545),湖里区东黄路213-219号海西金融广场B栋一层大堂,厦门,08:00-18:00,08/01/21 07:10,自运营,luckin coffee,
2682,鼎丰财富中心店,(No.1220),湖里区高林中路503号鼎丰财富中心一层大堂,厦门,08:00-18:00,08/01/21 07:10,自运营,luckin coffee,
2683,万科云玺店,(No.6255),湖里区金山街道高林中路535号万科云玺1号楼一层,厦门,今日休息中,08/01/21 07:10,自运营,luckin coffee,
2684,无限青创大厦店,(No.1777),湖里区安岭二路31号无限青创大厦一层大堂,厦门,08:00-18:00,08/01/21 07:10,自运营,luckin coffee,
2685,启达时尚大厦店,(No.6544),思明区嘉莲街道龙山中路启达时尚大厦一层101号铺,厦门,08:00-19:30,08/01/21 07:10,自运营,luckin coffee,
2686,航空商务广场店,(No.1623),湖里区高崎南五路222号之3航空商务广场2号楼一层109号,厦门,07:30-18:00,08/01/21 07:10,自运营,luckin coffee,
2687,永建顶尚店,(No.1711),湖里区枋湖南路163号永建顶尚1号楼一层102单元 ,厦门,08:00-18:00,08/01/21 07:10,自运营,luckin coffee,
2688,宏益华府店,(No.1216),湖里区岐山路386号宏益华府2号楼民族实业集团一层103-1号,厦门,08:00-18:00,08/01/21 07:10,自运营,luckin coffee,
2689,宝拓大厦店,(No.0433),湖里区泗水道617号宝拓大厦一层大堂,厦门,08:00-18:00,08/01/21 07:10,自运营,luckin coffee,
2690,官任国际社区店,(No.2754),思明区官任路38号夏商民兴超市底商,厦门,08:00-20:00,08/01/21 07:10,自运营,luckin coffee,
2691,港航大厦店,(No.4951),湖里区东港北路29号港航大厦一层大堂,厦门,今日休息中,08/01/21 07:10,自运营,luckin coffee,
2692,泉州职业技术大学店,(No.4878),晋江市泉州职业技术大学学生宿舍楼4号楼负一层063号,厦门,08:00-21:00,08/01/21 07:10,自运营,luckin coffee,
2693,七匹狼博物馆店,(No.4911),晋江市中兴南路655号七匹狼工业园10号楼七匹狼博物馆一层大堂,厦门,今日休息中,08/01/21 07:10,自运营,luckin coffee,
2694,晋江英林店,(No.A0702),晋江市英林镇龙英路1209,厦门,10:00-22:00,08/01/21 07:10,代运营,luckin coffee,
2695,观音山10号楼店,(No.0345),思明区台东路168号观音山10号楼一层大堂,厦门,今日休息中,08/01/21 07:10,自运营,luckin coffee,
2696,观音山18号楼店,(No.0346),思明区台东路68号观音山18号楼一层大堂,厦门,08:00-18:00,08/01/21 07:10,自运营,luckin coffee,
2697,晋江SM广场店,(No.4385),晋江市福兴路684号晋江SM国际广场二层,厦门,10:00-22:00,08/01/21 07:10,自运营,luckin coffee,
2698,晋江宝龙广场店,(No.3762),晋江市世纪大道518号宝龙广场一层5号门中庭扶梯,厦门,10:00-22:00,08/01/21 07:10,自运营,luckin coffee,
2699,世茂御隆中心店,(No.3517),晋江市双龙西路96号世茂御隆中心M2栋一层102商铺,厦门,08:00-19:30,08/01/21 07:10,自运营,luckin coffee,
2700,集美大学财经学院店,(No.2663),集美区石鼓路78号集美大学财经学院陈延奎楼一层,厦门,08:00-21:00,08/01/21 07:10,自运营,luckin coffee,
2701,集美万达金街店,(No.A1007),集美区集美万达金街137-86号铺,厦门,10:00-22:30,08/01/21 07:10,代运营,luckin coffee,
2702,杏林湾优客工场店,(No.3609),集美区杏林湾路464号杏林湾运营中心1号楼二层201号,厦门,08:00-18:30,08/01/21 07:10,自运营,luckin coffee,
2703,杏林杏滨店,(No.4756),集美区杏林杏西路2号,厦门,09:30-20:00,08/01/21 07:10,自运营,luckin coffee,
2704,长庚医院店,(No.3131),海沧区霞飞路123号长庚医院住院楼一层,厦门,08:00-18:00,08/01/21 07:10,自运营,luckin coffee,
2705,海沧乐海绿苑店,(No.4818),海沧区乐海百货绿苑店二层6716号商铺,厦门,09:30-21:30,08/01/21 07:10,自运营,luckin coffee,
2706,中达电商园店,(No.6196),海沧区新昌路39-1-102号,厦门,08:30-19:30,08/01/21 07:10,自运营,luckin coffee,
2707,漳州角美万达广场店,(No.A1316),漳州角美万达广场3层3051A,厦门,10:00-22:30,08/01/21 07:10,代运营,luckin coffee,
2708,东方新天地店,(No.6355),东城区东长安街1号东方新天地一层南1门第五区A503第五街西侧,北京,08:00-21:30,08/01/21 07:10,自运营,luckin coffee,
2709,apm店,(No.3542),东城区王府井大街138号新东安广场四层L426B号店铺,北京,10:00-21:30,08/01/21 07:10,自运营,luckin coffee,
2710,崇文新世界百货店,(No.1842),东城区崇文门外大街3号崇文新世界百货一期南门一层​ ,北京,10:00-21:00,08/01/21 07:10,自运营,luckin coffee,
2711,澳门中心店,(No.0413),东城区王府井东街8号澳门中心一层L117,北京,07:30-19:00,08/01/21 07:10,自运营,luckin coffee,
2712,王府井银泰in88店,(No.1961),东城区王府井大街88号1幢负一层B106号,北京,10:00-21:00,08/01/21 07:10,自运营,luckin coffee,
2713,前门大街店,(No.2475),东城区前门大街108号底商 ,北京,08:00-20:30,08/01/21 07:10,自运营,luckin coffee,
2714,国旅大厦店,(No.2332),东城区东单北大街1号国旅大厦一层大堂 ,北京,07:30-18:00,08/01/21 07:10,自运营,luckin coffee,
2715,丰泰中心店,(No.1838),东城区珠市口东大街2号丰泰中心一层,北京,07:30-18:30,08/01/21 07:10,自运营,luckin coffee,
2716,怀柔京北大世界店,(No.4565),怀柔区府前街14号京北大世界商场2栋一层25号商铺,北京,09:00-20:00,08/01/21 07:10,自运营,luckin coffee,
2717,银河SOHO-C座店,(No.0011),东城区南竹竿胡同2号银河SOHO C座二层30212室,北京,08:00-18:00,08/01/21 07:10,自运营,luckin coffee,
2718,望京SOHO-2塔店,(No.0012),朝阳区望京街10号望京SOHO T2 B座一层2126室,北京,07:30-21:00,08/01/21 07:10,自运营,luckin coffee,
2719,长楹天街店,(No.0016),朝阳区常通路3号院长楹天街南侧商业街西区一层C110,北京,07:00-21:30,08/01/21 07:10,自运营,luckin coffee,
2720,石榴中心店,(No.0017),丰台区榴乡路88号石榴中心2号楼一层101-4号,北京,07:00-20:00,08/01/21 07:10,自运营,luckin coffee,
2721,尚都国际店,(No.0018),朝阳区东大桥路8号院1号楼尚都国际一层西北大堂113A号,北京,08:00-18:00,08/01/21 07:10,自运营,luckin coffee,
2722,SOHO现代城店,(No.0019),朝阳区建国路88号SOHO现代城C座一层0504号,北京,07:30-20:00,08/01/21 07:10,自运营,luckin coffee,
2723,紫金数码园店,(No.0021),海淀区知春路49号紫金数码园4号楼一层底商 ,北京,08:00-18:00,08/01/21 07:10,自运营,luckin coffee,
2724,建外SOHO东区A座店,(No.0024),朝阳区建国门外大街1号楼建外SOHO东区A座一层0101F室,北京,08:00-19:30,08/01/21 07:10,自运营,luckin coffee,
2725,乐多港万达广场店,(No.6762),昌平区城南街道南口路29号乐多港万达广场二层2051商铺,北京,09:30-21:00,08/01/21 07:10,自运营,luckin coffee,
2726,昌平阳光商业街店,(No.A0942),昌平区府学路东关二条14-1（阳光麦当劳胡同内）,北京,10:00-22:00,08/01/21 07:10,代运营,luckin coffee,
2727,中国石油大学第一食堂店,(No.7214),昌平区城北街道府学路18号中国石油大学第一食堂一层,北京,08:00-18:00,08/01/21 07:10,自运营,luckin coffee,
2728,中国石油大学第三教学楼店,(No.7215),昌平区城北街道中国石油大学第三教学楼一层,北京,08:00-18:00,08/01/21 07:10,自运营,luckin coffee,
2729,顺义华联商厦店,(No.0606),顺义区新顺南大街8号华联商厦三层南区F3-ZD-08a号 ,北京,09:30-21:00,08/01/21 07:10,自运营,luckin coffee,
2730,新世界百货千姿店,(No.3697),顺义区新顺南大街18号新世界百货千姿三层 ,北京,09:00-21:00,08/01/21 07:10,自运营,luckin coffee,
2731,顺捷大厦店,(No.1320),顺义区顺平路南法信段9号院顺捷大厦A座一层101-5号,北京,08:00-18:00,08/01/21 07:10,自运营,luckin coffee,
2732,旭辉空港中心店,(No.0865),顺义区南法信镇旭辉空港中心D座一层104-9室,北京,今日休息中,08/01/21 07:10,自运营,luckin coffee,
2733,绿地自由港店,(No.1562),顺义区金航西路4号院绿地自由港2号楼一层113室,北京,今日休息中,08/01/21 07:10,自运营,luckin coffee,
2734,艾迪城中心店,(No.1760),顺义区空港街道安宁街7号艾迪城底商7-5号,北京,07:30-19:30,08/01/21 07:10,自运营,luckin coffee,
2735,易事达广场店,(No.4944),朝阳区孙河乡康营家园香苇路1号,北京,10:00-21:30,08/01/21 07:10,自运营,luckin coffee,
2736,中护航大厦店,(No.1266),朝阳区利泽东路5号中护航大厦一层大堂,北京,今日休息中,08/01/21 07:10,自运营,luckin coffee,
2737,国泰生活广场机场店,(No.7248),敬请期待!,北京,07:00-22:00,08/01/21 07:10,自运营,luckin coffee,
2738,北京建科大厦店,(No.4795),昌平区北七家平西府建科大厦一层,北京,08:30-18:00,08/01/21 07:10,自运营,luckin coffee,
2739,IT产业园店,(No.6779),朝阳区酒仙桥北路甲10号电子城IT产业园C区负一层104室,北京,09:00-18:00,08/01/21 07:10,自运营,luckin coffee,
2740,北京保利国际广场店,(No.3765),朝阳区望京东园七区17号楼保利国际广场T2一层大堂 ,北京,今日休息中,08/01/21 07:10,自运营,luckin coffee,
2741,远洋万和公馆店,(No.6126),朝阳区崔各庄乡大望京村8#远洋万和公馆商业办公楼一层106,北京,08:30-19:30,08/01/21 07:10,自运营,luckin coffee,
2742,保利美食汇店,(No.1322),朝阳区望京东园七区八号楼一层8-30号,北京,08:00-18:00,08/01/21 07:10,自运营,luckin coffee,
2743,北京绿地中心店,(No.4769),朝阳区望京东园四区8号楼北京绿地中心A座A区一层大堂,北京,今日休息中,08/01/21 07:10,自运营,luckin coffee,
2744,朝来科技园店,(No.1563),朝阳区创远路36号朝来科技产业园12号楼一层103号,北京,08:00-18:00,08/01/21 07:10,自运营,luckin coffee,
2745,融创动力创意产业园店,(No.4301),朝阳区望京广顺北大街5号院融创动力创意产业园一层4号商铺,北京,08:00-18:00,08/01/21 07:10,自运营,luckin coffee,
2746,中国数码港大厦店,(No.0437),朝阳区望京北路1号中国数码港大厦一层大堂,北京,08:00-18:00,08/01/21 07:10,自运营,luckin coffee,
2747,望京科技园店,(No.3124),朝阳区利泽中二路利泽中园望京科技园E座一层大堂,北京,今日休息中,08/01/21 07:10,自运营,luckin coffee,
2748,博雅国际中心店,(No.0788),朝阳区利泽中一路1号博雅国际中心B座一层大堂,北京,08:00-18:00,08/01/21 07:10,自运营,luckin coffee,
2749,中都科技大厦店,(No.0769),丰台区西四环南路35号中都科技大厦一层大堂 ,北京,08:00-18:00,08/01/21 07:10,自运营,luckin coffee,
2750,金唐购物中心店,(No.4420),丰台区丰台北路18号院5号楼 二 层 202-L2-K06号商铺 ,北京,10:00-21:00,08/01/21 07:10,自运营,luckin coffee,
2751,顺和国际财富中心店,(No.0283),丰台区西三环南路55号顺和国际财富中心一层大堂,北京,08:00-18:00,08/01/21 07:10,自运营,luckin coffee,
2752,银座和谐广场店,(No.1117),丰台区万丰路68号和谐广场一层105室,北京,10:00-21:00,08/01/21 07:10,自运营,luckin coffee,
2753,米兰生活广场店,(No.1157),丰台区西三环南路10号米兰.LIFE商场一层B169号 ,北京,10:00-18:00,08/01/21 07:10,自运营,luckin coffee,
2754,星火科技大厦店,(No.0592),丰台区富丰路2号星火科技大厦一层南大厅,北京,08:00-18:00,08/01/21 07:10,自运营,luckin coffee,
2755,天利大厦店,(No.0605),丰台区大成路7号天利大厦一层东侧1-108室,北京,07:30-18:00,08/01/21 07:10,自运营,luckin coffee,
2756,首经贸尚城店,(No.0545),丰台区地铁十号线首经贸站A口地铁尚城负一层,北京,08:00-20:00,08/01/21 07:10,自运营,luckin coffee,
2757,公益西桥城南大道店,(No.A1220),丰台区城南嘉园益城园路16号F1-B026,北京,今日休息中,08/01/21 07:10,代运营,luckin coffee,
2758,槐房万达广场店,(No.C0412),丰台区南苑西路39号槐房万达广场底商,北京,10:00-21:00,08/01/21 07:10,代运营,小鹿茶,
2759,凯德MALL大峡谷店,(No.6145),丰台区南三环西路16号凯德MALL商场一层K13A,北京,08:30-21:30,08/01/21 07:10,自运营,luckin coffee,
2760,华润昆仑中心店,(No.2201),丰台区右安门街道右安门外中顶村470号D13号一层大堂,北京,今日休息中,08/01/21 07:10,自运营,luckin coffee,
2761,西铁营万达广场店,(No.3338),丰台区西铁营中路1号院1号楼万达广场一层1031A号 ,北京,08:00-21:30,08/01/21 07:10,自运营,luckin coffee,
2762,陶然大厦店,(No.0836),东城区马家堡路1号陶然大厦一层101室,北京,08:00-16:30,08/01/21 07:10,自运营,luckin coffee,
2763,金泰开阳大厦店,(No.1676),西城区半步桥街48号金泰开阳大厦一层大堂,北京,今日休息中,08/01/21 07:10,自运营,luckin coffee,
2764,CDD嘉悦广场店,(No.A0312),大兴区宏业路9号嘉悦CDD广场下沉广场1008,北京,09:00-18:00,08/01/21 07:10,代运营,luckin coffee,
2765,奥宇科技英巢店,(No.0723),大兴区黄村镇金星路12号院2号楼一层0106室,北京,08:00-18:00,08/01/21 07:10,自运营,luckin coffee,
2766,高米店南尚城店,(No.1965),大兴区高米店南地铁C口尚城负一层A10-1号,北京,07:30-19:00,08/01/21 07:10,自运营,luckin coffee,
2767,育仁南路店,(No.2561),丰台区育仁南路3号院1号楼北京轨道交通技术装备集团大厦一层大堂,北京,08:00-18:00,08/01/21 07:10,自运营,luckin coffee,
2768,北京华夏幸福店,(No.A1250),北京市丰台华夏幸福创新中心A栋1-103B-2,北京,10:00-21:00,08/01/21 07:10,代运营,luckin coffee,
2769,新城广场店,(No.2628),丰台区蒲黄榆路芳古园一区18号楼北京新城广场四层6号,北京,10:00-22:00,08/01/21 07:10,自运营,luckin coffee,
2770,方庄时代生活广场店,(No.1655),丰台区蒲芳路芳星园二区6号楼方庄时代生活广场一层,北京,10:00-22:00,08/01/21 07:10,自运营,luckin coffee,
2771,潘家园大厦店,(No.1544),朝阳区潘家园东路潘家园南里12号楼潘家园大厦一层大堂,北京,07:30-18:30,08/01/21 07:10,自运营,luckin coffee,
2772,联合国际大厦店,(No.0462),朝阳区东三环南路19号院联合国际大厦甲段一层大堂,北京,07:30-20:00,08/01/21 07:10,自运营,luckin coffee,
2773,北玉大厦店,(No.1837),东城区光明路13号12号楼北玉大厦一层1002号,北京,07:30-19:00,08/01/21 07:10,自运营,luckin coffee,
2774,北汽鹏龙大厦店,(No.0614),朝阳区东三环南路华威里10号鹏龙大厦一层大堂,北京,今日休息中,08/01/21 07:10,自运营,luckin coffee,
2775,银河财智中心店,(No.0587),石景山区银河大街6号院1号银河财智中心大厦A2座负一层B120号,北京,08:00-18:30,08/01/21 07:10,自运营,luckin coffee,
2776,美域家园店,(No.2077),丰台区美域家园北区3号楼一层101-157、173,北京,09:00-20:30,08/01/21 07:10,自运营,luckin coffee,
2777,绿地金融城店,(No.0043),石景山区古城南街9号院4号楼一层,北京,08:00-19:00,08/01/21 07:10,自运营,luckin coffee,
2778,茂华大厦店,(No.1377),石景山区时代花园南路17号茂华大厦一层大堂,北京,08:00-18:00,08/01/21 07:10,自运营,luckin coffee,
2779,北京大学首钢医院店,(No.4963),石景山区晋元庄路9号北京大学首钢医院内吴阶平纪念书屋,北京,今日休息中,08/01/21 07:10,自运营,luckin coffee,
2780,首钢园区店,(No.2989),石景山区石景山路68号冬训中心冰壶馆一层A105,北京,今日休息中,08/01/21 07:10,自运营,luckin coffee,
2781,首创奥莱店,(No.B0106),房山区长阳镇悦盛路首创奥特莱斯二期B1,北京,10:00-20:30,08/01/21 07:10,自运营,小鹿茶,
2782,长阳半岛金街店,(No.2215),房山区广阳新路7号院1号楼长阳半岛金街底商,北京,08:30-18:30,08/01/21 07:10,自运营,luckin coffee,
2783,龙湖天街店,(No.0973),房山区政通南路2号院1号楼龙湖房山天街A馆一层37号,北京,10:00-21:30,08/01/21 07:10,自运营,luckin coffee,
2784,总部基地胜拓美食城店,(No.0921),丰台区南四环西路188号总部基地东篱美食城十七区19幢负一层101室,北京,08:30-18:00,08/01/21 07:10,自运营,luckin coffee,
2785,总部基地金融港店,(No.1335),丰台区南四环西路总部基地188号16区4号楼双登集团一层大堂,北京,今日休息中,08/01/21 07:10,自运营,luckin coffee,
2786,嘉程添富4S店,(No.6492),朝阳区南四环东路45号广汽嘉诚添富一层大堂,北京,今日休息中,08/01/21 07:10,自运营,luckin coffee,
2787,北京工业大学店,(No.4433),朝阳区平乐园100号北京工业大学逸夫图书馆美食园西侧,北京,08:30-20:00,08/01/21 07:10,自运营,luckin coffee,
2788,京铁和园A区店,(No.6626),西城区龙津街2号院1号楼泛悦坊西城店一层,北京,09:00-20:30,08/01/21 07:10,自运营,luckin coffee,
2789,贵都国际中心店,(No.0540),西城区广安门南滨河路27号院7号楼贵都国际中心A座一层105号,北京,07:00-19:00,08/01/21 07:10,自运营,luckin coffee,
2790,牛街枫桦豪景店,(No.A0941),西城区广内大街西砖合同2号院1幢2号一层底商,北京,今日休息中,08/01/21 07:10,代运营,luckin coffee,
2791,广安门外大街店,(No.1280),西城区广安外大街305号荣丰2008小区17号楼底商 ,北京,07:30-20:30,08/01/21 07:10,自运营,luckin coffee,
2792,国投财富广场店,(No.0127),丰台区广安路9号国投财富广场3号写字楼底商,北京,07:30-18:00,08/01/21 07:10,自运营,luckin coffee,
2793,北京邯钢大厦店,(No.A0413),海淀区西三环中路21号邯钢大厦大堂,北京,09:00-18:00,08/01/21 07:10,代运营,luckin coffee,
2794,怡海花园店,(No.2091),丰台区怡海花园怡海路4号6幢底商4-7,北京,08:00-18:30,08/01/21 07:10,自运营,luckin coffee,
2795,富顿中心店,(No.2321),朝阳区东三环南路58号富顿中心3号楼底商,北京,07:00-20:00,08/01/21 07:10,自运营,luckin coffee,
2796,东方财富店,(No.2377),东城区安化北里2号院1号楼东方财富底商,北京,07:00-19:00,08/01/21 07:10,自运营,luckin coffee,
2797,泰和国际大厦店,(No.0892),西城区骡马市大街8号楼泰和国际大厦一层103-2室,北京,08:00-18:00,08/01/21 07:10,自运营,luckin coffee,
2798,富力盛悦居店,(No.1609),大兴区旧桥路1号院富力盛悦居4号楼一层103号 ,北京,08:00-18:30,08/01/21 07:10,自运营,luckin coffee,
2799,住总万科广场店,(No.2090),大兴区忠凉路1号院住总万科广场西侧底商,北京,08:00-21:30,08/01/21 07:10,自运营,luckin coffee,
2800,国信滨河大厦店,(No.6201),门头沟区滨河路115号乐壳童乐汇一层大堂,北京,08:00-18:30,08/01/21 07:10,自运营,luckin coffee,
2801,北京工业职业技术学院店,(No.3559),石景山区石门路368号北京工业职业技术学院食堂三层,北京,今日休息中,08/01/21 07:10,自运营,luckin coffee,
2802,中关村环保园创中心店,(No.4333),海淀区中关村北清路156号环保园创中心负一层,北京,今日休息中,08/01/21 07:10,自运营,luckin coffee,
2803,用友产业园中区店,(No.1453),海淀区北清路68号用友软件园中区8F一层大堂,北京,08:00-18:00,08/01/21 07:10,自运营,luckin coffee,
2804,用友产业园东区店,(No.3037),海淀区用友路用友产业园东区19C栋一层大堂,北京,08:00-18:00,08/01/21 07:10,自运营,luckin coffee,
2805,中关村壹号美术馆店,(No.3484),海淀区永丰东路中关村壹号美术馆一层大堂 ,北京,今日休息中,08/01/21 07:10,自运营,luckin coffee,
2806,美廉美超市良乡店,(No.7249),敬请期待!,北京,07:00-22:00,08/01/21 07:10,自运营,luckin coffee,
2807,远洋国际中心店,(No.0323),朝阳区东四环中路辅路58号远洋国际中心C座一层105号,北京,今日休息中,08/01/21 07:10,自运营,luckin coffee,
2808,住邦2000店,(No.0299),朝阳区八里庄西里住邦2000商务2号楼底商,北京,07:30-18:00,08/01/21 07:10,自运营,luckin coffee,
2809,1872商务楼店,(No.3201),朝阳区八里庄北里公园1872商务楼219号一层109室 ,北京,07:00-20:00,08/01/21 07:10,自运营,luckin coffee,
2810,温特莱中心店,(No.1459),朝阳区西大望路1号温特莱中心B座西侧一层110号,北京,07:30-18:00,08/01/21 07:10,自运营,luckin coffee,
2811,中央公园广场店-B1,(No.0037),朝阳区公园南路10号院中央公园广场A7座负一层152号,北京,08:00-18:00,08/01/21 07:10,自运营,luckin coffee,
2812,华贸购物中心店,(No.4275),朝阳区建国路81号华贸购物中心负一层128A号 ,北京,09:30-20:30,08/01/21 07:10,自运营,luckin coffee,
2813,东方梅地亚店,(No.0027),朝阳区光华路4号院2号楼东方梅地亚一层105室 ,北京,08:00-18:00,08/01/21 07:10,自运营,luckin coffee,
2814,金地名京店,(No.3400),朝阳区力源里北街2号院金地名京A座一层112号,北京,08:00-19:30,08/01/21 07:10,自运营,luckin coffee,
2815,宝信行酒仙桥南路店,(No.3535),朝阳区将台乡安家楼西十里67号,北京,08:00-18:00,08/01/21 07:10,自运营,luckin coffee,
2816,898创新谷店,(No.7169),朝阳区将台路15号楼898创新园美食广场一层,北京,今日休息中,08/01/21 07:10,自运营,luckin coffee,
2817,国宾大厦店,(No.1040),朝阳区将台路酒仙桥乙21号国宾大厦一层大堂,北京,07:30-18:00,08/01/21 07:10,自运营,luckin coffee,
2818,星泰中心店,(No.1002),朝阳区酒仙桥路甲16号星泰中心一层01号,北京,08:00-18:00,08/01/21 07:10,自运营,luckin coffee,
2819,普天实业创新园店,(No.6122),朝阳区将台路5号院9号楼1层3-6号铺,北京,08:00-18:30,08/01/21 07:10,自运营,luckin coffee,
2820,鹏润大厦店,(No.6001),朝阳区霄云路26号鹏润大厦店鹏润国际大酒店大堂内0106-1号铺,北京,今日休息中,08/01/21 07:10,自运营,luckin coffee,
2821,九都汇店,(No.1323),朝阳区小亮马桥西路6号院7号楼一层12号,北京,08:00-18:00,08/01/21 07:10,自运营,luckin coffee,
2822,霄云中心店,(No.1141),朝阳区霞光里15号霄云中心二层02号 ,北京,今日休息中,08/01/21 07:10,自运营,luckin coffee,
2823,恒安大厦店,(No.1794),朝阳区东三环北路17号恒安大厦一层106C号,北京,08:00-19:30,08/01/21 07:10,自运营,luckin coffee,
2824,盈科中心店,(No.3685),朝阳区工人体育场北路甲2号盈科中心大厦负一层,北京,08:00-19:30,08/01/21 07:10,自运营,luckin coffee,
2825,嘉盛中心店,(No.2293),朝阳区东三环北路甲19号soho嘉盛中心二层,北京,08:00-18:00,08/01/21 07:10,自运营,luckin coffee,
2826,三里屯SOHO-6号楼店,(No.0311),朝阳区三里屯SOHO6号商场一层6112室,北京,08:00-21:00,08/01/21 07:10,自运营,luckin coffee,
2827,世茂工三店,(No.1611),朝阳区工体北路13号世茂广场·工三一层B111号,北京,08:00-19:00,08/01/21 07:10,自运营,luckin coffee,
2828,民生大厦店,(No.0182),朝阳区东三环北路38号院4号楼民生大厦商业一层L113室,北京,07:30-19:00,08/01/21 07:10,自运营,luckin coffee,
2829,万通中心店,(No.1060),朝阳区朝阳门外大街甲6号万通中心一层2010号,北京,08:00-18:00,08/01/21 07:10,自运营,luckin coffee,
2830,北京富力广场店-1F,(No.4400),朝阳区东三环中路65号富力广场一层101内108b号,北京,08:00-22:00,08/01/21 07:10,自运营,luckin coffee,
2831,富贵园购物中心店,(No.A1041),东城区广渠门内大街35号北京富贵园购物中心二层FGY-231A号,北京,08:30-21:00,08/01/21 07:10,代运营,luckin coffee,
2832,建外SOHO西区15号楼店,(No.3718),朝阳区东三环中路39号院15号楼底商 ,北京,08:00-19:30,08/01/21 07:10,自运营,luckin coffee,
2833,首城国际店,(No.3724),朝阳区广渠路36号院首城国际大厦5号楼一层124号 ,北京,07:30-20:00,08/01/21 07:10,自运营,luckin coffee,
2834,建国门壹中心店,(No.0936),朝阳区建华南路6号院1号楼卓明大厦一层101-1号,北京,08:00-18:00,08/01/21 07:10,自运营,luckin coffee,
2835,财满街店,(No.1540),朝阳区财满街67号9号楼一层154号,北京,07:30-20:00,08/01/21 07:10,自运营,luckin coffee,
2836,远策科技中心店,(No.1583),朝阳区黄杉木店路116号远策科技中心一层A05-1号,北京,07:30-18:30,08/01/21 07:10,自运营,luckin coffee,
2837,金泰国益店,(No.2073),朝阳区朝阳北路103号金泰国益大厦一层北门,北京,今日休息中,08/01/21 07:10,自运营,luckin coffee,
2838,青年汇店,(No.1795),朝阳区朝阳北路青年汇102号楼一层123室,北京,07:30-19:30,08/01/21 07:10,自运营,luckin coffee,
2839,华腾世纪总部公园店,(No.6664),朝阳区高碑店乡陈家林9号院华腾世纪总部公园项目2号楼一层104室,北京,08:00-18:00,08/01/21 07:10,自运营,luckin coffee,
2840,达美中心店,(No.0055),朝阳区青年路7号院达美中心1号楼一层大堂,北京,08:00-18:00,08/01/21 07:10,自运营,luckin coffee,
2841,四惠卓明大厦店,(No.0030),朝阳区高碑店惠河南街1069号卓明大厦一层大堂,北京,08:30-19:30,08/01/21 07:10,自运营,luckin coffee,
2842,中国传媒大学店,(No.3091),朝阳区定福庄东街2号中国传媒大学西门9幢一层04号,北京,07:00-19:30,08/01/21 07:10,自运营,luckin coffee,
2843,金隅嘉品MALL店,(No.3149),朝阳区东坝中路38号楼金隅嘉品MALL二层221号,北京,10:00-21:00,08/01/21 07:10,自运营,luckin coffee,
2844,北辰福第V中心店,(No.0039),朝阳区常惠路6号楼北辰福第V中心D座一层104室,北京,08:00-20:30,08/01/21 07:10,自运营,luckin coffee,
2845,龙湖未来时店,(No.4928),朝阳区东十里堡路1号楼未来时大厦一层109室,北京,08:00-19:00,08/01/21 07:10,自运营,luckin coffee,
2846,北岸1292店,(No.3446),朝阳区建国路15号院甲1号北岸1292华文国际1号楼一层06室,北京,08:00-18:30,08/01/21 07:10,自运营,luckin coffee,
2847,万东国际店,(No.0269),朝阳区三间房南里7号万东国际文化创意产业园15号楼一层大堂,北京,09:00-18:00,08/01/21 07:10,自运营,luckin coffee,
2848,世通国际大厦店,(No.3735),朝阳区建国路世通国际大厦B座一层105室,北京,今日休息中,08/01/21 07:10,自运营,luckin coffee,
2849,出版创意大厦店,(No.4674),西城区北三环中路6号1幢京版创意大厦一层101,北京,08:00-18:00,08/01/21 07:10,自运营,luckin coffee,
2850,峻峰华亭店,(No.2082),朝阳区北辰西路69号峻峰华亭4单元底商,北京,08:00-18:00,08/01/21 07:10,自运营,luckin coffee,
2851,金澳国际中心店,(No.0503),海淀区马甸东路19号金澳国际中心一层,北京,07:30-18:30,08/01/21 07:10,自运营,luckin coffee,
2852,北广大厦店,(No.3345),西城区黄寺大街甲23号院1号楼北广大厦一层A口101-16室,北京,今日休息中,08/01/21 07:10,自运营,luckin coffee,
2853,江苏广电大厦店,(No.0141),朝阳区安定门外大街1号江苏广电大厦一层大堂,北京,07:00-20:00,08/01/21 07:10,自运营,luckin coffee,
2854,泰兴大厦店,(No.1058),海淀区花园东路11号泰兴大厦一层103室,北京,08:30-18:00,08/01/21 07:10,自运营,luckin coffee,
2855,德胜合生财富广场店,(No.0359),西城区德胜门外大街13号院1号合生财富广场一层大堂,北京,08:00-18:00,08/01/21 07:10,自运营,luckin coffee,
2856,易亨大厦店,(No.0562),朝阳区北三环东路28号易亨大厦一层大堂,北京,08:00-18:00,08/01/21 07:10,自运营,luckin coffee,
2857,天溪园店,(No.1734),朝阳区红军营南路天溪园20号楼一层大堂,北京,08:00-18:00,08/01/21 07:10,自运营,luckin coffee,
2858,第五大道日购商城店,(No.1455),朝阳区慧忠北里309号第五大道日购商城负一层,北京,07:30-19:00,08/01/21 07:10,自运营,luckin coffee,
2859,中安盛业大厦店,(No.0763),朝阳区北苑路168号中安盛业大厦一层大堂,北京,09:00-18:00,08/01/21 07:10,自运营,luckin coffee,
2860,小营西路店,(No.1041),朝阳区小营路12号亚运村花园b座一层大堂,北京,07:30-18:30,08/01/21 07:10,自运营,luckin coffee,
2861,远洋未来广场购物中心店,(No.7224),朝阳区北四环东路73号远洋未来广场四层-D2-B,北京,10:00-21:30,08/01/21 07:10,自运营,luckin coffee,
2862,国际珠宝交易中心店,(No.0922),朝阳区惠新东街2号国际珠宝交易中心一层大堂,北京,07:00-19:30,08/01/21 07:10,自运营,luckin coffee,
2863,华创生活广场店,(No.1063),朝阳区林萃西里16号楼华创生活广场一层F1-07号,北京,08:00-18:00,08/01/21 07:10,自运营,luckin coffee,
2864,东湖国际中心店,(No.1976),朝阳区利泽西街6号院1号楼东湖国际中心一层大堂,北京,08:00-18:00,08/01/21 07:10,自运营,luckin coffee,
2865,华腾新天地店,(No.1695),朝阳区东四环中路195号华腾新天地一层商业01内101室 ,北京,08:30-20:00,08/01/21 07:10,自运营,luckin coffee,
2866,芳圆里IDMALL店,(No.6424),朝阳区东四环中路189号芳园里IDmall负一层B1002B,北京,10:00-21:00,08/01/21 07:10,自运营,luckin coffee,
2867,北工大学生服务中心店,(No.0939),朝阳区平乐园100号北京工业大学学生服务中心天天食堂一层 ,北京,07:30-18:00,08/01/21 07:10,自运营,luckin coffee,
2868,广渠金茂府店,(No.1142),朝阳区广渠路23号院金茂府一层7-10号,北京,07:30-18:30,08/01/21 07:10,自运营,luckin coffee,
2869,西大望合生财富广场店,(No.1064),朝阳区西大望路23号合生财富广场一层大堂 ,北京,08:00-18:00,08/01/21 07:10,自运营,luckin coffee,
2870,北工大理科楼店,(No.0160),朝阳区平乐园100号北京工业大学环境与能源学院C座一层大堂 ,北京,08:00-19:00,08/01/21 07:10,自运营,luckin coffee,
2871,金泰国际大厦店,(No.0778),朝阳区广渠路11号金泰国际大厦B座B107,北京,07:30-18:30,08/01/21 07:10,自运营,luckin coffee,
2872,北京化工大学东校区店,(No.4463),朝阳区北三环东路15号化工大学东一食堂一层,北京,08:00-18:00,08/01/21 07:10,自运营,luckin coffee,
2873,枢密院店,(No.0878),通州区嘉创路10号枢密院1号楼一层102号,北京,08:00-18:30,08/01/21 07:10,自运营,luckin coffee,
2874,朝林广场店,(No.1176),大兴区亦庄镇荣华中路19号朝林广场B座一层大堂,北京,07:30-18:30,08/01/21 07:10,自运营,luckin coffee,
2875,富兴大厦店,(No.1375),大兴区亦庄镇经济技术开发区荣昌东街7号院6号楼一层102室,北京,08:00-18:00,08/01/21 07:10,自运营,luckin coffee,
2876,润坤大厦店,(No.2068),朝阳区高碑店村民俗文化街1376号润坤大厦一层大堂,北京,08:00-18:00,08/01/21 07:10,自运营,luckin coffee,
2877,中航国际广场店,(No.0771),大兴区亦庄经济开发区荣华南路13号中航国际广场L1号楼一层大堂 ,北京,今日休息中,08/01/21 07:10,自运营,luckin coffee,
2878,恒通国际创新园店,(No.2835),朝阳区酒仙桥路北路9号恒通国际创新园C9-A幢一层,北京,08:00-18:00,08/01/21 07:10,自运营,luckin coffee,
2879,中国人保办公楼店,(No.0866),东城区朝阳门北大街17号中国人保办公大楼一层大堂,北京,今日休息中,08/01/21 07:10,自运营,luckin coffee,
2880,瑞士公寓店,(No.6540),北京市东城区工体北路66号瑞士公寓一层8815号,北京,07:30-19:30,08/01/21 07:10,自运营,luckin coffee,
2881,丰联广场店,(No.4434),朝阳区朝阳门外大街18号丰联商场B1层B116号商铺,北京,今日休息中,08/01/21 07:10,自运营,luckin coffee,
2882,泛利大厦店,(No.0633),朝阳区朝外大街22号泛利大厦负一层B1-B3号,北京,今日休息中,08/01/21 07:10,自运营,luckin coffee,
2883,朝阳门SOHO店,(No.0085),东城区南竹竿胡同1号朝阳门SOHO负一层B128,北京,08:00-18:00,08/01/21 07:10,自运营,luckin coffee,
2884,朝外MEN中心店,(No.0591),朝阳区朝外大街26号朝外MEN中心一层,北京,07:30-19:30,08/01/21 07:10,自运营,luckin coffee,
2885,北京INN店,(No.1418),东城区朝阳门内大街南竹竿胡同6号北京INN3号楼一层大堂,北京,08:00-19:30,08/01/21 07:10,自运营,luckin coffee,
2886,银河SOHO-D座店,(No.1268),东城区南竹竿胡同2号银河SOHO D座负一层5-137号 ,北京,08:00-18:00,08/01/21 07:10,自运营,luckin coffee,
2887,远东科技文化园店,(No.0827),朝阳区和平里北街6号远东仪表有限公司一层大堂,北京,今日休息中,08/01/21 07:10,自运营,luckin coffee,
2888,柳芳金泰大厦店,(No.0256),朝阳区西坝河南路1号4号楼金泰大厦五层B005室 ,北京,今日休息中,08/01/21 07:10,自运营,luckin coffee,
2889,怡和阳光大厦店,(No.2083),朝阳区东土城路12号怡和阳光大厦C座一层大堂 ,北京,今日休息中,08/01/21 07:10,自运营,luckin coffee,
2890,华表大厦店,(No.1733),朝阳区和平街14区甲16号楼华表大厦一层大堂,北京,08:00-18:00,08/01/21 07:10,自运营,luckin coffee,
2891,雍和宫壹中心店,(No.2260),东城区和平里西街51号雍和宫壹中心A座负一层,北京,07:00-18:00,08/01/21 07:10,自运营,luckin coffee,
2892,第三置业大厦店,(No.1192),朝阳区曙光西里甲1号第三置业东域大厦A座一层大堂,北京,07:30-20:00,08/01/21 07:10,自运营,luckin coffee,
2893,望京凯德MALL店,(No.0880),朝阳区广顺北大街33号望京凯德茂三层,北京,10:00-21:30,08/01/21 07:10,自运营,luckin coffee,
2894,花家地北里店,(No.0452),朝阳区花家地街花家地北里14号楼一层105室 ,北京,09:00-19:30,08/01/21 07:10,自运营,luckin coffee,
2895,中石油南湖店,(No.0720),朝阳区北四环东路17号中石油南湖加油站一层 ,北京,07:30-18:00,08/01/21 07:10,自运营,luckin coffee,
2896,东亚望京中心店,(No.0040),朝阳区阜安西路望京园401号楼一层111室,北京,08:00-18:00,08/01/21 07:10,自运营,luckin coffee,
2897,国际技术转移中心店,(No.0842),海淀区后屯路国际技术转移中心28号楼一层129室,北京,今日休息中,08/01/21 07:10,自运营,luckin coffee,
2898,龙旗广场店,(No.2022),昌平区黄平路19号院龙旗广场E座底商,北京,08:30-18:30,08/01/21 07:10,自运营,luckin coffee,
2899,汇智大厦店,(No.0049),海淀区学清路9号汇智大厦一层大堂,北京,今日休息中,08/01/21 07:10,自运营,luckin coffee,
2900,竞园艺术产业园店,(No.4845),朝阳区广渠路3号竞园艺术产业园20K,北京,08:00-18:00,08/01/21 07:10,自运营,luckin coffee,
2901,双桥万达广场店,(No.6763),朝阳区三间房双桥路1层1015-1016室,北京,10:00-21:30,08/01/21 07:10,自运营,luckin coffee,
2902,中国传媒大学梆子井公寓店,(No.6801),朝阳区建国路18号院中国传媒大学梆子井公寓一层,北京,07:30-20:00,08/01/21 07:10,自运营,luckin coffee,
2903,星科大厦店,(No.3046),朝阳区酒仙桥路10星科大厦A座一层大堂,北京,今日休息中,08/01/21 07:10,自运营,luckin coffee,
2904,751D-P小柯剧场店,(No.7173),朝阳区酒仙桥路4号751D-PARK北京时尚设计广场小柯剧场一层,北京,08:30-20:00,08/01/21 07:10,自运营,luckin coffee,
2905,天恒大厦店,(No.0830),东城区东直门外大街22号天恒大厦一层B大堂A号,北京,今日休息中,08/01/21 07:10,自运营,luckin coffee,
2906,东直门枢纽店,(No.0268),东城区东直门外大街39号交通枢纽中心幸运时间美食广场一层,北京,08:30-18:00,08/01/21 07:10,自运营,luckin coffee,
2907,致敬NASA主题店,(No.3067),朝阳区新源南路甲2号华谊兄弟集团1层1号 ,北京,07:30-20:30,08/01/21 07:10,自运营,luckin coffee,
2908,居然大厦店,(No.1270),东城区东直门南大街甲3号怡生健身居然大厦负一层,北京,10:00-18:00,08/01/21 07:10,自运营,luckin coffee,
2909,汇佳大厦店,(No.1656),朝阳区东三环北路6号汇佳大厦一层大堂,北京,08:00-18:00,08/01/21 07:10,自运营,luckin coffee,
2910,京信大厦店,(No.1195),朝阳区东三环北路甲2号X+SPACE协同办公空间一层大堂 ,北京,08:00-18:00,08/01/21 07:10,自运营,luckin coffee,
2911,798艺术区工美楼店,(No.4858),朝阳区酒仙桥路2号798艺术区A区工美楼一层,北京,09:00-19:00,08/01/21 07:10,自运营,luckin coffee,
2912,融科望京中心店,(No.0412),朝阳区阜通东大街望京东园523号楼融科望京中心A座一层大堂,北京,今日休息中,08/01/21 07:10,自运营,luckin coffee,
2913,太阳宫凯德MALL店,(No.6605),朝阳区太阳宫中路12号太阳宫凯德茂二层201,北京,10:00-21:30,08/01/21 07:10,自运营,luckin coffee,
2914,新城市广场店,(No.1353),朝阳区十里堡乙2号院5号楼新城市广场负一层,北京,09:00-20:00,08/01/21 07:10,自运营,luckin coffee,
2915,创立方自空间店,(No.0711),朝阳区石门南路水南庄536号自空间CBD写字园E座一层,北京,08:00-18:00,08/01/21 07:10,自运营,luckin coffee,
2916,英特商务园店,(No.0660),通州区九棵树西路90号弘详1979文化创意产业园一层,北京,08:00-18:00,08/01/21 07:10,自运营,luckin coffee,
2917,领展购物广场·京通店,(No.1174),通州区梨园镇九棵树中街9号领展购物广场负一层FZ004号,北京,10:00-20:30,08/01/21 07:10,自运营,luckin coffee,
2918,新光大中心店,(No.0486),通州区永顺东街2号新光大中心一层8BC109-110号天天易家便利店内,北京,08:30-19:00,08/01/21 07:10,自运营,luckin coffee,
2919,雅宝大厦店,(No.0388),朝阳区雅宝路6号雅宝大厦一层大堂,北京,07:30-19:30,08/01/21 07:10,自运营,luckin coffee,
2920,外交公寓店,(No.0756),朝阳区秀水街1号院外交公寓16号楼一层 JG13 室 ,北京,08:30-19:00,08/01/21 07:10,自运营,luckin coffee,
2921,东海中心店,(No.2383),朝阳区建国门外大街24号东海中心大厦一层大堂,北京,今日休息中,08/01/21 07:10,自运营,luckin coffee,
2922,兆泰国际中心店,(No.1921),朝阳区朝外西街3号1幢兆泰国际中心C座一层111室 ,北京,今日休息中,08/01/21 07:10,自运营,luckin coffee,
2923,荷华明城大厦店,(No.7025),东城区建国门街道荷华明城大厦一层,北京,08:00-18:00,08/01/21 07:10,自运营,luckin coffee,
2924,北京广播大厦店,(No.6816),朝阳区建国门外大街甲14号广播大厦酒店一层大堂,北京,今日休息中,08/01/21 07:10,自运营,luckin coffee,
2925,华丽大厦店,(No.6521),东城区王府井金宝街58号一层103A,北京,今日休息中,08/01/21 07:10,自运营,luckin coffee,
2926,朝外SOHO店,(No.2266),朝阳区朝外大街乙6号朝外SOHOA座一层0102号,北京,08:00-18:00,08/01/21 07:10,自运营,luckin coffee,
2927,远洋新干线店,(No.1610),朝阳区霞光里66号远洋新干线A座一层A06号,北京,08:00-18:00,08/01/21 07:10,自运营,luckin coffee,
2928,金长安C座店,(No.6506),朝阳区东四环中路82号金长安C座大堂,北京,今日休息中,08/01/21 07:10,自运营,luckin coffee,
2929,金隅大成国际店,(No.1518),朝阳区东四环中路78号楼金隅大成国际中心A2座一层1-B号,北京,08:00-18:00,08/01/21 07:10,自运营,luckin coffee,
2930,新华联集团店,(No.A1103),通州区台湖镇新华联集团5幢水芭蕉超市内,北京,08:00-19:00,08/01/21 07:10,代运营,luckin coffee,
2931,永康公寓店,(No.2071),通州区康定街18号永康公寓9号楼一层13A号,北京,08:00-18:00,08/01/21 07:10,自运营,luckin coffee,
2932,经开大厦店,(No.0372),大兴区经济技术开发区地盛北街1号经开大厦B座一层大堂,北京,08:00-18:30,08/01/21 07:10,自运营,luckin coffee,
2933,燕郊星罗城广场店,(No.A0288),三河市燕郊镇燕顺路99号星罗城购物中心底商2幢10号,北京,08:00-19:30,08/01/21 07:10,代运营,luckin coffee,
2934,燕郊华地广场店,(No.6451),三河市福城上上城五期燕郊华地广场一层F-116,北京,09:30-20:30,08/01/21 07:10,自运营,luckin coffee,
2935,百得利汽车园店,(No.1215),海淀区五孔桥35号院24号平房102室百得利汽车园餐厅二层 ,北京,09:00-17:00,08/01/21 07:10,自运营,luckin coffee,
2936,金隅大成玲珑天地店,(No.1451),海淀区西四环北路160号金隅大成玲珑天地2区一层102室 ,北京,07:30-20:00,08/01/21 07:10,自运营,luckin coffee,
2937,城乡贸易中心店,(No.2894),海淀区复兴路甲23号城乡购物中心一层大堂,北京,09:30-21:00,08/01/21 07:10,自运营,luckin coffee,
2938,北京印刷学院店,(No.7037),大兴区清源街道北京印刷学院印刷包装材料与技术研究所二层,北京,08:00-20:00,08/01/21 07:10,自运营,luckin coffee,
2939,诺德中心7号楼店,(No.0863),丰台区南四环西路128号诺德中心二期7号楼B1层香满道美食广场南区内,北京,今日休息中,08/01/21 07:10,自运营,luckin coffee,
2940,科技交流中心店,(No.4560),昌平区黄河街10号院1号楼中石油科技园-A16地块C座石油科技交流中心一层1-6-1,北京,今日休息中,08/01/21 07:10,自运营,luckin coffee,
2941,北京科技职业学院沙河校区店,(No.7044),昌平区沙河镇沙阳路18号北京科技职业学院沙河校区励行楼一层大堂,北京,10:00-19:30,08/01/21 07:10,自运营,luckin coffee,
2942,泰康商学院店,(No.4437),昌平区中关村生命科学园泰康商学院一层大堂,北京,今日休息中,08/01/21 07:10,自运营,luckin coffee,
2943,北京珠江摩尔店,(No.A0379),昌平区史各庄街道北清路1号珠江摩尔国际中心5-101-04号,北京,09:00-19:30,08/01/21 07:10,代运营,luckin coffee,
2944,回龙观上品折扣店,(No.1612),昌平区回龙观西大街16号上品折扣一层,北京,09:30-20:00,08/01/21 07:10,自运营,luckin coffee,
2945,腾讯众创空间店,(No.0647),昌平区回龙观东大街338号腾讯众创空间B区一层1-009号,北京,08:00-20:30,08/01/21 07:10,自运营,luckin coffee,
2946,龙域中心西区店,(No.1109),昌平区回龙观龙域北街龙域中心西区商业街A座二层,北京,08:00-19:00,08/01/21 07:10,自运营,luckin coffee,
2947,自由创业社区店,(No.0627),海淀区西三旗昌临801号5号楼一层1002室,北京,08:00-18:00,08/01/21 07:10,自运营,luckin coffee,
2948,辉煌国际店,(No.0052),海淀区上地十街1号院6号楼辉煌国际广场招商银行西侧一层109号,北京,今日休息中,08/01/21 07:10,自运营,luckin coffee,
2949,汇众大厦店,(No.6464),海淀区上地七街1号2号楼汇众科技大厦一层大堂,北京,今日休息中,08/01/21 07:10,自运营,luckin coffee,
2950,自主创新大厦店,(No.7148),海淀区创业路6号自主创新大厦一层大堂,北京,今日休息中,08/01/21 07:10,自运营,luckin coffee,
2951,丰铭国际大厦店,(No.0659),西城区丰盛胡同20号丰铭国际大厦B座一层101单元,北京,07:00-19:00,08/01/21 07:10,自运营,luckin coffee,
2952,金城坊·安德烈的意式小馆,(No.2965),西城区金城坊街13号金融街公寓E座底商,北京,08:00-20:00,08/01/21 07:10,自运营,luckin coffee,
2953,华荣公寓店,(No.0688),西城区兴盛街2号院华荣公寓1号楼01商业08号底商,北京,07:30-18:00,08/01/21 07:10,自运营,luckin coffee,
2954,君太百货店,(No.1181),西城区西单北大街133号君太百货负一层E-03-02号,北京,10:00-21:00,08/01/21 07:10,自运营,luckin coffee,
2955,恒奥中心·冯唐主题店,(No.0628),西城区锦什坊街26号恒奥中心店C座一层大堂,北京,07:30-19:30,08/01/21 07:10,自运营,luckin coffee,
2956,金融街月坛中心店,(No.0793),西城区金融街月坛中心1号院7号楼一层102号 ,北京,07:30-18:00,08/01/21 07:10,自运营,luckin coffee,
2957,国教宾馆店,(No.0773),西城区复兴门内大街160号国教宾馆一层1802室,北京,07:30-18:00,08/01/21 07:10,自运营,luckin coffee,
2958,万通金融中心店,(No.6112),西城区阜成门外大街2号万通金融中心负一层b1-11-02号,北京,08:30-18:00,08/01/21 07:10,自运营,luckin coffee,
2959,南锣鼓巷店,(No.3580),东城区地安门东大街南锣鼓巷站一层108室,北京,07:30-21:00,08/01/21 07:10,自运营,luckin coffee,
2960,德胜国际中心店,(No.6374),西城区德胜门外大街89号E座108号,北京,07:30-18:00,08/01/21 07:10,自运营,luckin coffee,
2961,DRC工业设计基地店,(No.4430),西城区新街口外大街28号102号楼一层118室,北京,07:00-19:30,08/01/21 07:10,自运营,luckin coffee,
2962,文化金融大厦店,(No.1173),东城区东四北大街265号文化金融大厦一层大堂,北京,08:00-18:00,08/01/21 07:10,自运营,luckin coffee,
2963,月坛北街店,(No.1214),西城区月坛北街25号47幢一层003室 ,北京,07:30-18:00,08/01/21 07:10,自运营,luckin coffee,
2964,中国铝业大厦店,(No.0805),海淀区西直门北大街62号中国铝业大厦一层0102室,北京,07:00-18:00,08/01/21 07:10,自运营,luckin coffee,
2965,首钢国际大厦店,(No.1420),海淀区西直门北大街60号首钢国际大厦一层大堂,北京,08:00-18:00,08/01/21 07:10,自运营,luckin coffee,
2966,西环广场店,(No.0779),西城区西直门外大街一号西环广场A座一层大堂,北京,07:30-18:00,08/01/21 07:10,自运营,luckin coffee,
2967,北京师范大学科技楼店,(No.4432),海淀区新街口外大街19号师范大学科技楼2层大厅 ,北京,07:30-18:30,08/01/21 07:10,自运营,luckin coffee,
2968,中坤大厦店,(No.0534),海淀区高梁桥斜街59号中坤大厦一层,北京,08:00-18:00,08/01/21 07:10,自运营,luckin coffee,
2969,高梁桥斜街店,(No.4330),海淀区高梁桥斜街19号天天易家超市一层 ,北京,09:00-18:30,08/01/21 07:10,自运营,luckin coffee,
2970,北交大红果园店,(No.6458),海淀区高粱桥路上园村3号四区43号楼一层1-1,北京,今日休息中,08/01/21 07:10,自运营,luckin coffee,
2971,北矿金融大厦店,(No.0217),西城区文兴街1号北矿金融大厦一层大堂,北京,今日休息中,08/01/21 07:10,自运营,luckin coffee,
2972,中央财经大学店,(No.1334),海淀区大柳树路2号院北区一层,北京,08:00-18:00,08/01/21 07:10,自运营,luckin coffee,
2973,富卓沃尔玛店,(No.1245),西城区宣武门外大街30号沃尔玛超市一层 ,北京,07:30-21:00,08/01/21 07:10,自运营,luckin coffee,
2974,东南大厦店,(No.0961),西城区宣武门内大街甲6号 东方明珠图片社,北京,07:30-18:00,08/01/21 07:10,自运营,luckin coffee,
2975,天安国汇大厦店,(No.0722),西城区西绒线胡同28号天安国汇大厦一层,北京,今日休息中,08/01/21 07:10,自运营,luckin coffee,
2976,华滨国际大酒店店,(No.0516),西城区宣武门内大街4号华滨国际大酒店一层大堂,北京,08:00-18:00,08/01/21 07:10,自运营,luckin coffee,
2977,昌盛大厦店,(No.1791),西城区北新华街29号北京昌盛大厦一层107号 ,北京,今日休息中,08/01/21 07:10,自运营,luckin coffee,
2978,万柳亿城中心店,(No.0199),海淀区长春桥路11号万柳亿城中心C座一层大堂,北京,08:00-18:00,08/01/21 07:10,自运营,luckin coffee,
2979,西海国际中心店,(No.0806),海淀区北三环西路99号院西海国际中心一栋一层天天易家超市001室,北京,今日休息中,08/01/21 07:10,自运营,luckin coffee,
2980,理工科技大厦店,(No.2079),海淀区中关村南大街5号理工科技大厦二区683栋一层06号,北京,07:30-18:30,08/01/21 07:10,自运营,luckin coffee,
2981,天作国际中心店,(No.6179),海淀区北下关街道中关村南大街12号天作商城,北京,08:00-18:00,08/01/21 07:10,自运营,luckin coffee,
2982,北京友谊宾馆店,(No.0419),海淀区中关村南大街1号北京友谊宾馆一层61913室 ,北京,07:30-18:30,08/01/21 07:10,自运营,luckin coffee,
2983,中国人民大学店,(No.1097),海淀区中关村大街59号中国人民大学汇贤大厦C座一层大堂,北京,07:30-19:30,08/01/21 07:10,自运营,luckin coffee,
2984,中国农科院店,(No.1452),海淀区学院南路72号华联鑫业城一层底商 ,北京,08:00-18:00,08/01/21 07:10,自运营,luckin coffee,
2985,迪佳广场店,(No.2233),海淀区万柳中路6号院1号楼迪佳广场一层104号,北京,07:30-19:30,08/01/21 07:10,自运营,luckin coffee,
2986,三盛大厦店,(No.0981),海淀区西北旺东路10号院21号楼三盛大厦一层大堂 ,北京,今日休息中,08/01/21 07:10,自运营,luckin coffee,
2987,华胜天成科研大楼店,(No.4622),海淀区东北旺西路软件园二期华胜天成科研大楼一层大堂北侧,北京,今日休息中,08/01/21 07:10,自运营,luckin coffee,
2988,北太平庄店,(No.0213),海淀区北太平庄中路40号一层大堂,北京,07:30-19:30,08/01/21 07:10,自运营,luckin coffee,
2989,人工智能创业基地店,(No.1732),海淀区知春路17号知春嘉园4号楼人工智能创新创业基地一层大堂 ,北京,09:00-18:00,08/01/21 07:10,自运营,luckin coffee,
2990,华杰大厦店,(No.0438),海淀区四道口北街大钟寺13号华杰大厦B座一层大堂,北京,08:00-18:00,08/01/21 07:10,自运营,luckin coffee,
2991,京仪大酒店店,(No.4436),海淀区大钟寺东路9号京仪大酒店一层大堂,北京,08:00-19:00,08/01/21 07:10,自运营,luckin coffee,
2992,中关村国际创新大厦店,(No.6356),海淀区北四环西路67号中关村国际创新大厦一层106号铺,北京,今日休息中,08/01/21 07:10,自运营,luckin coffee,
2993,中关村创业大街店,(No.4794),海淀区海淀大街34号一层101室,北京,09:00-18:00,08/01/21 07:10,自运营,luckin coffee,
2994,中国普天大厦店,(No.6684),海淀区海淀北二街6号普天大厦1层,北京,今日休息中,08/01/21 07:10,自运营,luckin coffee,
2995,方正国际大厦店,(No.4371),海淀区北四环西路52号方正国际大厦一层大堂 ,北京,今日休息中,08/01/21 07:10,自运营,luckin coffee,
2996,1+1大厦店,(No.0023),海淀区彩和坊路10号1+1大厦一层1-6-02室,北京,今日休息中,08/01/21 07:10,自运营,luckin coffee,
2997,海龙大厦店,(No.0251),海淀区中关村大街1号海龙大厦一层,北京,08:00-18:00,08/01/21 07:10,自运营,luckin coffee,
2998,北京大学店,(No.2710),北京大学生命科学科研大楼吕志和楼负一层141号,北京,07:30-19:00,08/01/21 07:10,自运营,luckin coffee,
2999,互联网金融中心店,(No.0563),海淀区丹棱街1号互联网金融中心一层东门大堂 ,北京,09:00-18:30,08/01/21 07:10,自运营,luckin coffee,
3000,外文大厦店,(No.1419),海淀区西三环北路89号B座一层01号,北京,07:30-20:00,08/01/21 07:10,自运营,luckin coffee,
3001,长远天地店,(No.1473),海淀区苏州街18号长远天地大厦A2栋一层105号 ,北京,今日休息中,08/01/21 07:10,自运营,luckin coffee,
3002,北京大学医学部店,(No.6796),海淀区学院路38号北京大学医学部跃进厅负一层,北京,09:00-18:00,08/01/21 07:10,自运营,luckin coffee,
3003,北科大万秀园店,(No.0093),海淀区学院路30号北京科技大学校万秀园内一层大堂,北京,07:00-20:00,08/01/21 07:10,自运营,luckin coffee,
3004,北科大学生活动中心店,(No.B0111),海淀区学院路30号北京科技大学学生活动中心一层,北京,08:30-18:00,08/01/21 07:10,自运营,小鹿茶,
3005,北科大体育馆店,(No.0057),海淀区学院路30号北京科技大学体育馆二层,北京,08:00-16:00,08/01/21 07:10,自运营,luckin coffee,
3006,北科大鸿博园店,(No.0092),海淀区学院路30号北京科技大学校鸿博园内一层大堂 ,北京,07:00-18:30,08/01/21 07:10,自运营,luckin coffee,
3007,科大天工大厦店,(No.0214),海淀区学院路30号科大天工大厦A座一层大堂,北京,08:00-18:00,08/01/21 07:10,自运营,luckin coffee,
3008,北科大逸夫楼店,(No.0095),海淀区学院路30号北京科技大学校逸夫楼一层大堂,北京,08:00-18:00,08/01/21 07:10,自运营,luckin coffee,
3009,金源时代商务中心居然之家店,(No.7077),海淀区曙远大路1号北京金源时代商务中心二期B区一层,北京,08:00-19:00,08/01/21 07:10,自运营,luckin coffee,
3010,中关村软件园12号楼店,(No.0181),海淀区26号中关村软件园12号楼万集空间E区一层大堂,北京,今日休息中,08/01/21 07:10,自运营,luckin coffee,
3011,汉王大厦店,(No.1657),海淀区东北旺西路8号中关村软件园汉王大厦一层 ,北京,08:00-18:00,08/01/21 07:10,自运营,luckin coffee,
3012,开拓大厦店,(No.4955),海淀区上地信息产业基地开拓路1号1层1103,北京,今日休息中,08/01/21 07:10,自运营,luckin coffee,
3013,弘源首著店,(No.1190),海淀区上地信息路7号弘源首著大厦一层大堂,北京,08:00-18:00,08/01/21 07:10,自运营,luckin coffee,
3014,北京体育大学店,(No.7051),海淀区信息路48号北京体育大学院8号公寓楼一层书店,北京,今日休息中,08/01/21 07:10,自运营,luckin coffee,
3015,中关村科贸电子城店,(No.4924),海淀区中关村大街18号中关村科贸电子城底商,北京,08:00-18:30,08/01/21 07:10,自运营,luckin coffee,
3016,财智国际大厦店,(No.1243),海淀区中关村东路18号财智国际大厦一层大堂,北京,07:30-18:00,08/01/21 07:10,自运营,luckin coffee,
3017,中科资源大厦店,(No.6698),海淀区中关村南三街6号中科资源大厦一层,北京,08:00-18:00,08/01/21 07:10,自运营,luckin coffee,
3018,中国矿业大学店,(No.2413),海淀区学院路丁11号中国矿业大学交流中心一层,北京,08:00-18:00,08/01/21 07:10,自运营,luckin coffee,
3019,世纪科贸大厦店,(No.2833),海淀区中关村东路66号世纪科贸大厦B座一层大堂,北京,08:00-19:00,08/01/21 07:10,自运营,luckin coffee,
3020,亿城国际中心店,(No.0051),海淀区马连洼北路138号院1号楼亿城国际大厦一层大堂,北京,08:00-19:00,08/01/21 07:10,自运营,luckin coffee,
3021,中关村软件园尚东数字谷店,(No.0242),海淀区东北旺西路8号院尚东数字谷A区3号楼一层,北京,08:00-18:00,08/01/21 07:10,自运营,luckin coffee,
3022,新兴产业联盟大厦店,(No.0328),海淀区西北旺东路10院10号楼 中关村新兴产业联盟大厦一层 ,北京,08:30-18:00,08/01/21 07:10,自运营,luckin coffee,
3023,金隅嘉华大厦B座店,(No.2589),海淀区上地三街9号金隅嘉华大厦B座底商,北京,08:00-18:00,08/01/21 07:10,自运营,luckin coffee,
3024,世纪经贸大厦店,(No.3270),海淀区西三环北路72号世纪经贸大厦A座一层大堂 ,北京,07:00-18:00,08/01/21 07:10,自运营,luckin coffee,
3025,光耀东方中心店,(No.1232),海淀区西三环北路100号光耀东方中心B座峰会一层大堂,北京,07:30-20:00,08/01/21 07:10,自运营,luckin coffee,
3026,梅地亚中心店,(No.2486),海淀区复兴路乙11号梅地亚中心一层大堂,北京,08:00-18:00,08/01/21 07:10,自运营,luckin coffee,
3027,恩菲科技大厦店,(No.0748),海淀区复兴路戊12号恩菲科技大厦一层大堂,北京,08:00-18:00,08/01/21 07:10,自运营,luckin coffee,
3028,上地颐泉汇店,(No.6436),海淀区信息路甲9号颐泉汇B座大堂,北京,今日休息中,08/01/21 07:10,自运营,luckin coffee,
3029,上地二街店,(No.1790),海淀区上地二街2号桔子酒店一层底商 ,北京,07:00-20:00,08/01/21 07:10,自运营,luckin coffee,
3030,汉口江滩·江豚守护主题店,(No.4881),汉口江滩一期主楼出口一楼右侧一层 6号商铺,武汉,09:00-21:30,08/01/21 07:10,自运营,luckin coffee,
3031,正信大厦店,(No.1705),江汉区江汉路26号正信大厦一层大堂,武汉,08:00-18:30,08/01/21 07:10,自运营,luckin coffee,
3032,江汉路站店,(No.4470),江汉区轨道交通2号线江汉路站负一层D出入口 ,武汉,10:00-20:30,08/01/21 07:10,自运营,luckin coffee,
3033,新佳丽时尚广场店,(No.3395),江汉区中山大道818号新佳丽时尚广场一层 ,武汉,10:00-21:30,08/01/21 07:10,自运营,luckin coffee,
3034,大洋百货中山店,(No.1560),江汉区中山大道756号中山大洋百货底商 ,武汉,08:00-21:30,08/01/21 07:10,自运营,luckin coffee,
3035,M+购物中心店,(No.2749),江汉区江汉路187号M+购物中心负一层循礼门地铁站C出入口,武汉,10:00-21:30,08/01/21 07:10,自运营,luckin coffee,
3036,武汉国际大厦店,(No.4417),江汉区解放大道1号单洞路国际大厦A栋一层3室,武汉,08:30-20:00,08/01/21 07:10,自运营,luckin coffee,
3037,新长江国际店,(No.2975),江岸区解放大道1208号新长江国际大厦C座一层大堂,武汉,08:00-19:30,08/01/21 07:10,自运营,luckin coffee,
3038,光谷创业街店,(No.0200),洪山区光谷创业18号恒盛创社区10栋C座一层大堂,武汉,09:00-18:00,08/01/21 07:10,自运营,luckin coffee,
3039,光谷创客星店,(No.0231),洪山区软件园东路1号光谷展示中心扩建项目D座栋一层OVU创客星水吧区,武汉,08:00-18:00,08/01/21 07:10,自运营,luckin coffee,
3040,航空路新世界中心店,(No.0255),硚口区解放大道628号新世界中心写字楼A座六层608号 ,武汉,08:00-18:00,08/01/21 07:10,自运营,luckin coffee,
3041,光谷软件园E区店,(No.0253),洪山区光谷软件园光谷E城E2栋一层大堂,武汉,今日休息中,08/01/21 07:10,自运营,luckin coffee,
3042,泛海国际SOHO-7栋店,(No.0293),江汉区武汉商务区泛海国际SOHO城7栋一层大堂 ,武汉,08:00-18:00,08/01/21 07:10,自运营,luckin coffee,
3043,岳家嘴店,(No.0288),武昌区徐东大街岳家嘴地铁站负一层J出口,武汉,08:00-20:00,08/01/21 07:10,自运营,luckin coffee,
3044,正堂时代店,(No.0355),洪山区欢乐大道9号正堂时代1号楼一层大堂,武汉,08:00-18:00,08/01/21 07:10,自运营,luckin coffee,
3045,汉阳人信汇店,(No.0369),汉阳区龙阳大道58号汉阳人信汇C座一层107号,武汉,09:00-20:30,08/01/21 07:10,自运营,luckin coffee,
3046,武汉文理学院店,(No.6685),黄陂区胜海大道1号文理学院武湖新校区和津堂8号,武汉,08:00-21:00,08/01/21 07:10,自运营,luckin coffee,
3047,武汉生物工程学院桃园广场店,(No.6827),新洲区汉施路武汉生物工程学院新桃园广场1号店一层,武汉,09:00-19:00,08/01/21 07:10,自运营,luckin coffee,
3048,孝感万达广场店,(No.A0139),孝南经济开发三军社区万达广场一层1062号商铺,武汉,09:30-22:00,08/01/21 07:10,代运营,luckin coffee,
3049,孝感保丽广场店,(No.A1242),孝南区长征路23号保丽国际广场1FF29,武汉,09:00-21:30,08/01/21 07:10,代运营,luckin coffee,
3050,湖北工程学院南门店,(No.A0956),孝南区湖北工程学院南门学院路70-2,武汉,09:30-21:00,08/01/21 07:10,代运营,luckin coffee,
3051,武汉客厅店,(No.0799),东西湖区将军路武汉客厅小型中心F栋一层10号,武汉,08:00-18:00,08/01/21 07:10,自运营,luckin coffee,
3052,汉口绿地熙街店,(No.A1145),江岸区健身街66号绿地·熙街商业广场10D-1-06店铺,武汉,09:00-20:00,08/01/21 07:10,代运营,luckin coffee,
3053,永旺超市金银潭店,(No.3372),东西湖区金银潭大道1号永旺超市一层4号商铺,武汉,08:30-22:00,08/01/21 07:10,自运营,luckin coffee,
3054,立城中心店,(No.0617),江岸区潇湘路197号立城中心商务楼一层103号,武汉,08:00-18:00,08/01/21 07:10,自运营,luckin coffee,
3055,武汉汉口城市广场A区店,(No.A0129),江岸区后湖大道后湖大道地铁站负一层N出口,武汉,08:00-20:00,08/01/21 07:10,代运营,luckin coffee,
3056,万家汇店,(No.6250),江岸区百步亭花园路205号万家汇购物中心一层,武汉,09:00-21:00,08/01/21 07:10,自运营,luckin coffee,
3057,武商量贩常青花园店,(No.3671),东西湖区公园环路2号常青花园武商量贩一层1号,武汉,08:00-21:00,08/01/21 07:10,自运营,luckin coffee,
3058,新地东方广场店,(No.0858),江岸区兴业路192号附1号东方广场一层大堂 ,武汉,08:00-19:00,08/01/21 07:10,自运营,luckin coffee,
3059,武汉印象城店,(No.3564),青山区和平大道1278号武汉印象城购物中心一层6号门,武汉,07:30-22:00,08/01/21 07:10,自运营,luckin coffee,
3060,武商众圆广场店,(No.4426),青山区和平大道959号武商众圆广场A馆一层,武汉,09:30-21:00,08/01/21 07:10,自运营,luckin coffee,
3061,永旺超市金地广场店,(No.3379),洪山区团结大道1335号金地广场负一层永旺超市A001号商铺 ,武汉,08:00-21:00,08/01/21 07:10,自运营,luckin coffee,
3062,奥山世纪广场店,(No.1833),青山区和平大道809号奥山世纪广场一层2号门,武汉,08:00-22:00,08/01/21 07:10,自运营,luckin coffee,
3063,武钢集团大厦店,(No.0626),武昌区友谊大道999号武钢集团办公大楼B座一层大堂 ,武汉,08:00-18:00,08/01/21 07:10,自运营,luckin coffee,
3064,武汉天地店,(No.2750),江岸区中山大道1640号御江苑T24栋底商,武汉,08:00-20:00,08/01/21 07:10,自运营,luckin coffee,
3065,家乐福建设店,(No.2759),江岸区建设大道937号王府花园家乐福一层 ,武汉,08:00-21:00,08/01/21 07:10,自运营,luckin coffee,
3066,永旺梦乐城武汉金桥店,(No.7152),江岸区金桥大道15号永旺梦乐城金桥店三层325号,武汉,10:00-22:00,08/01/21 07:10,自运营,luckin coffee,
3067,创立方店,(No.0632),江岸区石桥一路18号创立方产业园7栋一层大堂,武汉,08:00-18:00,08/01/21 07:10,自运营,luckin coffee,
3068,国创大厦店,(No.2845),江汉区唐家墩路32号号国创大厦一层大堂,武汉,08:00-18:00,08/01/21 07:10,自运营,luckin coffee,
3069,新唐万科广场店,(No.4483),江汉区常青一路218号新唐万科广场二层 ,武汉,10:00-21:00,08/01/21 07:10,自运营,luckin coffee,
3070,菱角湖万达广场店,(No.6790),江汉区唐家墩路5号武汉菱角湖万达广场A区A栋二层,武汉,10:00-21:30,08/01/21 07:10,自运营,luckin coffee,
3071,大武汉1911店,(No.2865),江汉区新华西路三金大武汉1911广场B栋底商,武汉,08:00-20:00,08/01/21 07:10,自运营,luckin coffee,
3072,壹方北馆店,(No.3576),江岸区中山大道永泰路壹方北馆购物中心一层17号,武汉,09:30-21:30,08/01/21 07:10,自运营,luckin coffee,
3073,取水楼店,(No.2304),江岸区轨道交通7号线取水楼站地铁商业街B、E站口 ,武汉,08:00-20:00,08/01/21 07:10,自运营,luckin coffee,
3074,国贸新世界店,(No.0373),江汉区汉口建设大道568号新世界国贸大厦负一层超市 ,武汉,09:30-20:30,08/01/21 07:10,自运营,luckin coffee,
3075,纽宾凯酒店新华路店,(No.3119),江汉区新华路151号纽宾凯酒店一层大堂,武汉,08:00-18:00,08/01/21 07:10,自运营,luckin coffee,
3076,金盾舒悦酒店店,(No.3127),江汉区青年路350号武汉金盾舒悦酒店一层,武汉,08:00-19:00,08/01/21 07:10,自运营,luckin coffee,
3077,菱角湖壹号店,(No.2060),江汉区新华路456号菱角湖壹号禹州C区底商,武汉,08:00-19:00,08/01/21 07:10,自运营,luckin coffee,
3078,江宸天街店,(No.7151),江汉区青年路518号武汉江宸天街商场负二层B区21A,武汉,10:00-21:30,08/01/21 07:10,自运营,luckin coffee,
3079,建银商务公馆店,(No.0673),蔡甸区经济技术开发区创业路10号建银商务公馆第B栋一层7-1号,武汉,08:00-18:00,08/01/21 07:10,自运营,luckin coffee,
3080,同济医院新城院区店,(No.4685),蔡甸区新天大道288号同济医院中法新城院区C栋二层西区,武汉,08:00-18:00,08/01/21 07:10,自运营,luckin coffee,
3081,同济医院科研大楼店,(No.4684),蔡甸区蔡甸街健康大道2号同济医院科研大楼师生服务中心二层,武汉,今日休息中,08/01/21 07:10,自运营,luckin coffee,
3082,鸿达中央广场店,(No.4386),东西湖区吴家山五环大道68号鸿达中央广场一层1号门 ,武汉,08:00-20:00,08/01/21 07:10,自运营,luckin coffee,
3083,海林广场店,(No.6069),东西湖区田园大道1196号海林广场一层大堂,武汉,10:00-21:00,08/01/21 07:10,自运营,luckin coffee,
3084,荟聚中心悦活里店,(No.7041),硚口区园博大道1号武汉荟聚购物中心二层悦活里超市,武汉,09:30-21:30,08/01/21 07:10,自运营,luckin coffee,
3085,江汉大学店,(No.0819),蔡甸区经济技术开发区三角湖路8号武汉明德酒店有限公司一层101室,武汉,09:00-19:00,08/01/21 07:10,自运营,luckin coffee,
3086,凯德广场T1写字楼店,(No.0950),硚口区解放大道18号凯德广场西城T1写字楼一层大堂,武汉,08:00-18:00,08/01/21 07:10,自运营,luckin coffee,
3087,凯德西城广场店,(No.0695),硚口区解放大道18号凯德西城广场4号门底商,武汉,10:00-21:30,08/01/21 07:10,自运营,luckin coffee,
3088,经开万达广场店,(No.6099),蔡甸区东风大道111号经开万达广场2号门沃尔玛负一层,武汉,08:00-22:00,08/01/21 07:10,自运营,luckin coffee,
3089,华中智谷店,(No.1536),汉阳区芙蓉路1号华人汇和科技园华中智谷一期D5栋一层大堂 ,武汉,08:00-18:00,08/01/21 07:10,自运营,luckin coffee,
3090,永旺梦乐城武汉经开店,(No.7053),汉阳区江城大道408号永旺梦乐城经开店A馆一层9号门,武汉,10:00-21:30,08/01/21 07:10,自运营,luckin coffee,
3091,欧亚达汉阳国际广场店,(No.0821),汉阳区龙阳大道130号欧亚达汉阳国际广场B座一层大堂 ,武汉,08:00-18:00,08/01/21 07:10,自运营,luckin coffee,
3092,星光国际店,(No.1546),汉阳区四新北路356号星光国际3栋楼一层7号,武汉,08:00-18:00,08/01/21 07:10,自运营,luckin coffee,
3093,武汉摩尔城店,(No.4343),汉阳区龙阳大道6号武汉摩尔城商场1号门一层,武汉,10:00-21:00,08/01/21 07:10,自运营,luckin coffee,
3094,家乐福十升店,(No.4786),汉阳区汉阳大道687号21世纪广场一层,武汉,09:00-21:00,08/01/21 07:10,自运营,luckin coffee,
3095,武汉国际时尚中心店,(No.6100),硚口区中山大道424号B馆负一楼FB096-1号,武汉,08:00-19:00,08/01/21 07:10,自运营,luckin coffee,
3096,武汉国际会展中心店,(No.0672),江汉区解放大道696号武汉国际会展中心广场玻璃金字塔一层 ,武汉,07:30-20:00,08/01/21 07:10,自运营,luckin coffee,
3097,武汉天街店,(No.4697),江汉区金家墩特1号武汉天街5号楼一层大堂,武汉,今日休息中,08/01/21 07:10,自运营,luckin coffee,
3098,武汉恒大中心店,(No.1072),江汉区常青路47号武汉恒大中心大厦一层2-1号,武汉,08:00-18:00,08/01/21 07:10,自运营,luckin coffee,
3099,武商广场店,(No.0911),江汉区解放大道688号武商广场四层,武汉,10:00-21:30,08/01/21 07:10,自运营,luckin coffee,
3100,武商世贸广场店,(No.4651),江汉区解放大道686号武商世贸广场5层 ,武汉,10:00-21:30,08/01/21 07:10,自运营,luckin coffee,
3101,广电财富中心店,(No.0801),硚口区古田四路197号广电财富中心一层大堂,武汉,08:00-18:00,08/01/21 07:10,自运营,luckin coffee,
3102,南国西汇城市广场店,(No.0427),硚口区解放大道387号泛悦Mall·西汇店二期四层036号,武汉,09:30-19:30,08/01/21 07:10,自运营,luckin coffee,
3103,泛海国际SOHO-5栋店,(No.0798),江汉区武汉商务区泛海国际SOHO城5栋一层大堂 ,武汉,08:00-18:00,08/01/21 07:10,自运营,luckin coffee,
3104,泛海创业中心店,(No.4885),江汉区云霞路189号泛海创业中心写字楼一层大堂,武汉,08:00-18:00,08/01/21 07:10,自运营,luckin coffee,
3105,红T时尚创意街店,(No.0925),江汉区江旺路8号红T时尚创意街区2栋一层08室,武汉,08:00-19:00,08/01/21 07:10,自运营,luckin coffee,
3106,中百超市常青店,(No.3648),江汉区常青路168号中百仓储常青购物广场一层底商,武汉,08:00-20:00,08/01/21 07:10,自运营,luckin coffee,
3107,武胜路凯德广场店,(No.3747),硚口区中山大道238号武胜路凯德广场二层 ,武汉,10:00-21:30,08/01/21 07:10,自运营,luckin coffee,
3108,华联超市昙华林店,(No.2351),武昌区中山路356号泛悦汇华联超市负一层2号,武汉,07:30-19:00,08/01/21 07:10,自运营,luckin coffee,
3109,铁机路店,(No.3238),洪山区欢乐大道铁机路地铁站D出口,武汉,08:00-20:00,08/01/21 07:10,自运营,luckin coffee,
3110,徐东新世界百货店,(No.7202),洪山区徐东大街31号新世界百货商场二层,武汉,09:30-21:00,08/01/21 07:10,自运营,luckin coffee,
3111,徐东匠心汇店,(No.2748),武昌区地铁8号线徐东站G出口负一层64号商铺,武汉,08:00-20:00,08/01/21 07:10,自运营,luckin coffee,
3112,匠心城徐家棚店,(No.1185),武昌区徐东大街8号匠心城徐家棚一层大堂,武汉,今日休息中,08/01/21 07:10,自运营,luckin coffee,
3113,华科百盛园店,(No.4514),洪山区珞喻路1037号华中科技大学百盛园商圈一层2号商铺,武汉,09:00-19:00,08/01/21 07:10,自运营,luckin coffee,
3114,佳园路店,(No.6880),洪山区关东街道光谷创业街20号佳园路中商平价超市一层,武汉,08:30-20:00,08/01/21 07:10,自运营,luckin coffee,
3115,中国地质大学中商北区店,(No.0599),洪山区鲁磨路388号中国地质大学北区中商超市一层大堂,武汉,09:00-19:00,08/01/21 07:10,自运营,luckin coffee,
3116,中百广场江夏店,(No.4602),江夏区纸坊街文华路37号中百广场二层,武汉,10:00-20:00,08/01/21 07:10,自运营,luckin coffee,
3117,谭鑫培公园站店,(No.4550),江夏区轨道交通7号线谭鑫培公园站B口负一层,武汉,08:00-20:00,08/01/21 07:10,自运营,luckin coffee,
3118,武汉纺织大学店,(No.6101),江夏区武汉纺织大学阳光校区学生公寓5-B座美食城二层2-24号,武汉,09:00-19:00,08/01/21 07:10,自运营,luckin coffee,
3119,武汉通达广场店,(No.7305),江夏区文化大道111号通达广场一层大堂,武汉,08:00-18:00,08/01/21 07:10,自运营,luckin coffee,
3120,汉口学院店,(No.2868),江夏区文化大道299号汉口学院中央生活区1栋一层45-1号,武汉,09:00-19:00,08/01/21 07:10,自运营,luckin coffee,
3121,武汉东湖学院店,(No.4574),江夏区文化大道301号武汉东湖学院体育场看台一层15号商铺,武汉,09:00-19:00,08/01/21 07:10,自运营,luckin coffee,
3122,武汉交通职业学院店,(No.7010),洪山区白沙洲大道6号武汉交通职业技术学院中商超市一层,武汉,09:00-19:00,08/01/21 07:10,自运营,luckin coffee,
3123,武汉学院店,(No.7021),江夏区黄家湖大道特1号武汉学院东区十七号武汉学院超市一层,武汉,09:00-20:30,08/01/21 07:10,自运营,luckin coffee,
3124,豪迈大厦店,(No.1101),江夏区大学园路1号豪迈大厦一栋一层大堂,武汉,08:00-18:00,08/01/21 07:10,自运营,luckin coffee,
3125,湖北经济学院店,(No.4863),江夏区湖北经济学院藏龙岛校区北大门商业服务中心一层,武汉,09:00-20:30,08/01/21 07:10,自运营,luckin coffee,
3126,中采大厦店,(No.6919),江夏区光谷金融港B6栋一层大堂,武汉,今日休息中,08/01/21 07:10,自运营,luckin coffee,
3127,金融港店,(No.1591),洪山区光谷大道77号金融港四路金融港二期B26栋一层大堂 ,武汉,08:00-18:00,08/01/21 07:10,自运营,luckin coffee,
3128,当代光谷梦工场店,(No.0739),江夏区关南园一路当代科技园高层办公楼5号楼二层222号,武汉,今日休息中,08/01/21 07:10,自运营,luckin coffee,
3129,武汉工程大学中商超市店,(No.1168),江夏区光谷一路20号武汉工程大学中商平价超市一层,武汉,09:00-19:00,08/01/21 07:10,自运营,luckin coffee,
3130,现代光谷世贸中心店,(No.0602),洪山区光谷大道70号现代光谷世贸中心A栋一层大堂,武汉,08:00-18:00,08/01/21 07:10,自运营,luckin coffee,
3131,湖北美术学院店,(No.4836),江夏区湖北美术学院藏龙岛校区6号学生公寓1号商铺,武汉,09:00-20:00,08/01/21 07:10,自运营,luckin coffee,
3132,武汉科技大学黄家湖店,(No.6174),洪山区武汉科技大学黄家湖新校区知津路6栋宿舍一层北园超市内,武汉,09:00-20:00,08/01/21 07:10,自运营,luckin coffee,
3133,武汉工商学院中商超市店,(No.2303),洪山区黄家湖西路3号武汉工商学院中商平价超市底商 ,武汉,09:00-19:00,08/01/21 07:10,自运营,luckin coffee,
3134,武汉工程科技学院店,(No.7376),敬请期待!,武汉,07:00-22:00,08/01/21 07:10,自运营,luckin coffee,
3135,2008新长江广场店,(No.3311),武昌区友谊大道2号2008新长江广场一层3号 ,武汉,09:00-20:00,08/01/21 07:10,自运营,luckin coffee,
3136,首义泛悦汇店,(No.3213),武昌区张之洞路151号泛悦汇KA街负一层65号,武汉,09:00-20:00,08/01/21 07:10,自运营,luckin coffee,
3137,武汉音乐学院店,(No.6761),武昌区解放路255号武汉音乐学院解放路校区44栋书苑餐厅二层01号,武汉,09:00-19:00,08/01/21 07:10,自运营,luckin coffee,
3138,奥山创意街区店,(No.4438),武昌区中南二路奥山创意街区3号楼一层,武汉,08:00-18:00,08/01/21 07:10,自运营,luckin coffee,
3139,外文书店店,(No.4459),武昌区中南路11号中南天紫广场C座一层,武汉,09:30-20:00,08/01/21 07:10,自运营,luckin coffee,
3140,中南路店,(No.0473),洪山区中南路2号线地铁站F区ZN01-1号,武汉,07:30-20:00,08/01/21 07:10,自运营,luckin coffee,
3141,家乐福洪山店,(No.3030),武昌区中北路1号家乐福购物中心一层101A号,武汉,08:00-20:00,08/01/21 07:10,自运营,luckin coffee,
3142,火星空间店,(No.0650),洪山区恒安路366号火星空间一层5号,武汉,08:00-18:30,08/01/21 07:10,自运营,luckin coffee,
3143,汉商银座店,(No.6633),汉阳区汉阳大道139号汉商银座美食街一层,武汉,09:00-19:30,08/01/21 07:10,自运营,luckin coffee,
3144,钟家村站店,(No.6237),汉阳区钟家村地铁站A出口归元里美食街负二层,武汉,09:30-19:00,08/01/21 07:10,自运营,luckin coffee,
3145,江腾广场店,(No.6236),汉阳区马鹦路117号江腾广场A座1号门沃尔玛二层,武汉,08:00-21:30,08/01/21 07:10,自运营,luckin coffee,
3146,楚天传媒大厦店,(No.0408),武昌区东湖路181号楚天传媒大厦一层0142室,武汉,今日休息中,08/01/21 07:10,自运营,luckin coffee,
3147,联发国际大厦店,(No.4522),洪山区徐东大街128号联发国际大厦一层大堂,武汉,08:00-18:00,08/01/21 07:10,自运营,luckin coffee,
3148,销品茂店,(No.4770),武昌区徐东大街18号销品茂三层,武汉,10:00-21:00,08/01/21 07:10,自运营,luckin coffee,
3149,东原时光道店,(No.0832),武昌区团结大道16号东原时光道B座写字楼一层租赁中心一层大堂,武汉,08:00-18:00,08/01/21 07:10,自运营,luckin coffee,
3150,湖北大学风华店,(No.6615),武昌区宝积路湖北大学风华园食堂一层,武汉,09:00-19:00,08/01/21 07:10,自运营,luckin coffee,
3151,南湖松涛苑店,(No.A1050),武昌丁字桥南路345号,武汉,08:00-21:30,08/01/21 07:10,代运营,luckin coffee,
3152,亚贸广场店,(No.2410),武昌区武珞路628号武商亚贸广场购物中心负一层A001号,武汉,09:30-19:00,08/01/21 07:10,自运营,luckin coffee,
3153,武汉理工大学南湖新区店,(No.3731),洪山区雄楚大道武汉理工大学南湖校区教工餐厅一层,武汉,09:00-19:00,08/01/21 07:10,自运营,luckin coffee,
3154,维佳佰港大酒店店,(No.3207),洪山区南湖文治街30号武汉维佳佰港城大酒店一层大堂,武汉,08:30-18:30,08/01/21 07:10,自运营,luckin coffee,
3155,武汉理工大学鉴湖校区店,(No.7070),洪山区工大路21号武汉理工大学鉴湖校区31-附13号一层商铺,武汉,09:00-19:00,08/01/21 07:10,自运营,luckin coffee,
3156,武汉大学梅园店,(No.3536),武昌区珞珈山16号武汉大学梅园二路一层,武汉,08:30-20:30,08/01/21 07:10,自运营,luckin coffee,
3157,汉秀剧场店,(No.1978),武昌区东湖路138-2栋武汉中央文化区秀场一层1号,武汉,07:30-18:00,08/01/21 07:10,自运营,luckin coffee,
3158,新世界百货武昌店,(No.2062),洪山区珞喻路1号武汉新世界百货武昌购物中心二层12号,武汉,09:30-20:30,08/01/21 07:10,自运营,luckin coffee,
3159,武汉银泰创意城店,(No.4407),洪山区珞瑜路35号银泰创意城二层,武汉,10:00-21:30,08/01/21 07:10,自运营,luckin coffee,
3160,凯德1818店,(No.2299),武昌区中北路109号凯德1818商场二层31号,武汉,10:00-20:30,08/01/21 07:10,自运营,luckin coffee,
3161,知音广场店,(No.3737),武昌区中北路31号知音广场大厦一层大堂 ,武汉,今日休息中,08/01/21 07:10,自运营,luckin coffee,
3162,大洋百货光谷店,(No.4316),洪山区光谷步行街内喷泉广场2楼,武汉,10:00-20:00,08/01/21 07:10,自运营,luckin coffee,
3163,光谷步行街店,(No.4556),洪山区珞喻路726号光谷步行街一层C区,武汉,10:00-21:30,08/01/21 07:10,自运营,luckin coffee,
3164,融众国际店,(No.4572),洪山区珞喻路889-1号融众国际大厦一层大堂,武汉,08:00-18:00,08/01/21 07:10,自运营,luckin coffee,
3165,意大利风情街店,(No.7287),洪山区珞雄路19号光谷世界城意大利风情街青年教堂一层F2113,武汉,10:00-22:00,08/01/21 07:10,自运营,luckin coffee,
3166,光谷万科中心店,(No.1277),洪山区雄楚大道1008号光谷万科中心一层大堂,武汉,08:00-18:00,08/01/21 07:10,自运营,luckin coffee,
3167,光谷法国风情街店,(No.A1009),东湖高新区关山大道法国风情街2号楼H-2107,武汉,10:00-21:00,08/01/21 07:10,代运营,luckin coffee,
3168,金地雄楚1号店,(No.4210),洪山区雄楚大街888号金地雄楚一号购物广场一层137号商铺,武汉,08:00-20:30,08/01/21 07:10,自运营,luckin coffee,
3169,武汉工程大学店,(No.6803),洪山区卓刀泉街道武汉工程大学中商超市一层,武汉,09:00-19:00,08/01/21 07:10,自运营,luckin coffee,
3170,创意天地16号楼店,(No.0856),洪山区野芷湖西路16号武汉创意天地16号一层B-3-2,武汉,08:00-19:00,08/01/21 07:10,自运营,luckin coffee,
3171,中百超市同学广场店,(No.3375),洪山区民族大道219号同学广场负一层3号 ,武汉,今日休息中,08/01/21 07:10,自运营,luckin coffee,
3172,五环天地门店,(No.0642),洪山区雄楚大街271号杨家湾五环天地A座一层大堂,武汉,08:00-18:30,08/01/21 07:10,自运营,luckin coffee,
3173,雅斯特酒店店,(No.2679),洪山区珞喻路419号雅斯特酒店一层大堂 ,武汉,08:00-19:30,08/01/21 07:10,自运营,luckin coffee,
3174,华中师范大学店,(No.A1058),洪山区珞南街道华中师范大学东区小树林二层3-4号,武汉,07:30-22:00,08/01/21 07:10,代运营,luckin coffee,
3175,德成中心店,(No.1200),武昌区中北路126号尚城国际德成中心一层C区 ,武汉,08:00-18:00,08/01/21 07:10,自运营,luckin coffee,
3176,光谷K11店,(No.0772),洪山区东湖新技术开发区关山大道355号K11商城负一层咖啡博物馆 ,武汉,10:00-22:00,08/01/21 07:10,自运营,luckin coffee,
3177,武汉中南民族大学店,(No.A0186),洪山区民族大道128号中南民族大学内明德路20号,武汉,今日休息中,08/01/21 07:10,代运营,luckin coffee,
3178,南湖时尚城店,(No.4570),洪山区南湖大道116号南湖时尚城商业圈K10栋一层10号商铺,武汉,08:00-19:30,08/01/21 07:10,自运营,luckin coffee,
3179,泛悦城市奥特莱斯店,(No.4573),洪山区珞狮路421号泛悦奥特莱斯购物广场负一层,武汉,10:00-19:30,08/01/21 07:10,自运营,luckin coffee,
3180,武昌首义学院中商超市店,(No.2804),洪山区南李路22号首义学院中区中商超市一层 ,武汉,09:00-20:00,08/01/21 07:10,自运营,luckin coffee,
3181,湖北工业大学中商超市店,(No.2978),洪山区南李路28号湖北工业大学中区学生宿舍10栋中商平价超市一层,武汉,09:00-20:00,08/01/21 07:10,自运营,luckin coffee,
3182,华中农业大学店,(No.0826),洪山区狮子山街1号华中农业大学国际学术交流中心5号楼一层大堂 ,武汉,09:00-19:00,08/01/21 07:10,自运营,luckin coffee,
3183,同济医院外科大楼店,(No.4687),硚口区解放大道1095号同济医院内8号楼外科大楼1楼,武汉,08:00-18:00,08/01/21 07:10,自运营,luckin coffee,
3184,同济医学院店,(No.1748),硚口区航空路13号华中科技大学同济医学院基础医学院2号教学楼一层大堂,武汉,08:00-18:00,08/01/21 07:10,自运营,luckin coffee,
3185,城市广场A座店,(No.0746),硚口区硚口路160号武汉城市广场A座一层大堂,武汉,08:00-18:00,08/01/21 07:10,自运营,luckin coffee,
3186,越秀星汇云锦店,(No.4530),硚口区中山大道1号越秀星汇维港B馆一层,武汉,09:00-20:30,08/01/21 07:10,自运营,luckin coffee,
3187,中海大厦店,(No.0620),汉阳区知音大道257号中海大厦一层大堂,武汉,08:00-18:00,08/01/21 07:10,自运营,luckin coffee,
3188,绿地国博财富中心店,(No.0924),汉阳区四新北路111号绿地国博财富中心袋鼠天地10栋一层22号,武汉,08:00-18:00,08/01/21 07:10,自运营,luckin coffee,
3189,宿州学院店,(No.A0647),宿州学院东校区学苑超市南侧,宿州,今日休息中,08/01/21 07:10,代运营,luckin coffee,
3190,马鞍山金鹰购物店,(No.A0936),花山区湖南西路8号金鹰国际购物中心负一层TB-1号商铺,马鞍山,今日休息中,08/01/21 07:10,代运营,luckin coffee,
3191,马鞍山万达广场店,(No.A1203),雨山区安民街道太白大道3200号马鞍山万达广场室内步行街2层2003号商铺,马鞍山,08:30-22:00,08/01/21 07:10,代运营,luckin coffee,
3192,南航金城学院步行街店,(No.A1530),敬请期待!,马鞍山,08:00-18:00,08/01/21 07:10,代运营,luckin coffee,
3193,芜湖万达广场店,(No.A1092),镜湖区芜湖镜湖万达广场室内步行街二层02-63号商铺,马鞍山,09:30-21:00,08/01/21 07:10,代运营,luckin coffee,
3194,芜湖伟星时代金融中心店,(No.A0179),镜湖区北京中路7号伟星时代金融中心1F-01H,马鞍山,09:30-18:00,08/01/21 07:10,代运营,luckin coffee,
3195,芜湖华强广场店,(No.A0534),镜湖区长江中路华强广场一层32号,马鞍山,09:30-18:30,08/01/21 07:10,代运营,luckin coffee,
3196,芜湖中山路步行街店,(No.A1866),镜湖区中山路6-1号银座大厦,马鞍山,09:30-21:30,08/01/21 07:10,代运营,luckin coffee,
3197,芜湖银泰城店,(No.C0347),弋江区利民西路189芜湖银泰城4-003号,马鞍山,10:00-21:00,08/01/21 07:10,代运营,小鹿茶,
3198,芜湖星隆国际城店,(No.A1979),敬请期待!,马鞍山,08:00-18:00,08/01/21 07:10,代运营,luckin coffee,
3199,芜湖银泰百货店,(No.A1409),敬请期待!,马鞍山,08:00-18:00,08/01/21 07:10,代运营,luckin coffee,
3200,芜湖中央城财富街店,(No.A1994),敬请期待!,马鞍山,08:00-18:00,08/01/21 07:10,代运营,luckin coffee,
3201,芜湖大学城德盛广场店,(No.A1218),弋江区瀂港街道德盛广场C区102,马鞍山,10:00-21:00,08/01/21 07:10,代运营,luckin coffee,
3202,江苏软件园店,(No.3277),江宁区东吉大道1号13号楼一层,马鞍山,今日休息中,08/01/21 07:10,自运营,luckin coffee,
3203,东南大学九龙湖校区店,(No.6105),江宁区东南大学路2号东南大学九龙湖校区橘园餐厅一层,马鞍山,08:00-20:30,08/01/21 07:10,自运营,luckin coffee,
3204,悠谷店,(No.0406),江宁区秣周东路12号悠谷1期3号楼协同大楼未来网络小镇一层大堂,马鞍山,08:00-18:00,08/01/21 07:10,自运营,luckin coffee,
3205,江苏国家数字出版基地店,(No.4790),雨花台区三鸿路6号江苏国家数字出版基地一层大堂,马鞍山,今日休息中,08/01/21 07:10,自运营,luckin coffee,
3206,腾飞大厦店,(No.0306),浦口区华创路南京软件园腾飞大厦4号楼一层103号,马鞍山,今日休息中,08/01/21 07:10,自运营,luckin coffee,
3207,龙华路地铁站店,(No.A1089),南京市浦口区公园北路3-8号,马鞍山,09:30-22:00,08/01/21 07:10,代运营,luckin coffee,
3208,金盛田广场店,(No.A0930),浦口区江浦街道龙华路8号金盛田广场二层,马鞍山,10:00-19:30,08/01/21 07:10,代运营,luckin coffee,
3209,新城总部大厦店,(No.0513),浦口区浦口大道13号新城总部大厦一层大堂,马鞍山,08:00-18:00,08/01/21 07:10,自运营,luckin coffee,
3210,浦口市民广场店,(No.A0990),敬请期待!,马鞍山,00:00-24:00,08/01/21 07:10,代运营,luckin coffee,
3211,新余沃尔玛店,(No.A0293),渝水区公园北路40号高能上城底商,新余,08:00-22:00,08/01/21 07:10,代运营,luckin coffee,
3212,新余恒太城店,(No.A1168),渝水区北湖西路158号恒太城一层西门,新余,08:00-22:00,08/01/21 07:10,代运营,luckin coffee,
3213,宜春万达广场店,(No.A1553),袁州区宜春万达广场室内步行街3层,新余,09:30-22:00,08/01/21 07:10,代运营,luckin coffee,
3214,宜春鼓楼步行街店,(No.A2052),敬请期待!,新余,今日休息中,08/01/21 07:10,代运营,luckin coffee,
3215,润达国际购物中心店,(No.A2084),敬请期待!,新余,08:00-18:00,08/01/21 07:10,代运营,luckin coffee,
3216,鸿祥大厦店,(No.2789),黄浦区黄河路21号鸿祥大厦一层102室,上海,今日休息中,08/01/21 07:10,自运营,luckin coffee,
3217,香港名店街店,(No.0948),黄浦区人民大道9-99号香港名店街负一层D2号 ,上海,10:00-18:30,08/01/21 07:10,自运营,luckin coffee,
3218,仙乐斯广场店,(No.2653),黄浦区南京西路388号仙乐斯广场负一层,上海,今日休息中,08/01/21 07:10,自运营,luckin coffee,
3219,雅居乐国际广场店,(No.2826),黄浦区西藏中路525号雅居乐广场底商,上海,08:00-20:30,08/01/21 07:10,自运营,luckin coffee,
3220,上海第一百货店,(No.6896),黄浦区南京东路830号第一百货商业中心B馆二层,上海,10:00-21:30,08/01/21 07:10,自运营,luckin coffee,
3221,中福城店,(No.1478),黄浦区汉口路692号中福城B座一层,上海,08:00-19:00,08/01/21 07:10,自运营,luckin coffee,
3222,长江新能源店,(No.0399),黄浦区九江路675-685号长江新能源大厦一层大堂,上海,07:00-20:30,08/01/21 07:10,自运营,luckin coffee,
3223,港泰广场店,(No.1069),黄浦区延安东路700号港泰广场一层102-103-105室,上海,08:00-18:00,08/01/21 07:10,自运营,luckin coffee,
3224,八一路店,(No.6844),崇明区城桥镇八一路116号一层,上海,08:00-20:00,08/01/21 07:10,自运营,luckin coffee,
3225,崇明百联万达广场店,(No.A1114),崇明万达广场室内步行街B1层B1010号商铺,上海,08:00-21:30,08/01/21 07:10,代运营,luckin coffee,
3226,宝华国际广场店,(No.0002),静安区广中西路555号宝华国际广场一层101室,上海,08:00-18:00,08/01/21 07:10,自运营,luckin coffee,
3227,怡富广场店,(No.0026),杨浦区黄兴路1737号九隆坊生活广场一层140室,上海,07:00-20:00,08/01/21 07:10,自运营,luckin coffee,
3228,互联网创新园店,(No.0045),宝山区逸仙路2816号华滋奔腾大厦 移动互联网创业园一层大堂,上海,08:00-18:30,08/01/21 07:10,自运营,luckin coffee,
3229,日月光总部店,(No.0046),浦东新区盛夏路169号A栋一层118B室,上海,今日休息中,08/01/21 07:10,自运营,luckin coffee,
3230,外滩SOHO店,(No.0058),黄浦区中山东二路58号外滩SOHOD栋负一层41号,上海,08:00-18:30,08/01/21 07:10,自运营,luckin coffee,
3231,虹桥天街店,(No.0060),闵行区甬虹路188弄龙湖虹桥天街H栋一层127室,上海,08:00-18:00,08/01/21 07:10,自运营,luckin coffee,
3232,新理想大厦店,(No.0061),静安区中兴路1500号新理想大厦负一层嘉食荟美食广场03号,上海,今日休息中,08/01/21 07:10,自运营,luckin coffee,
3233,浦江双辉店,(No.0064),浦东新区银城路9号浦江双辉广场负一层101商铺,上海,今日休息中,08/01/21 07:10,自运营,luckin coffee,
3234,宝杨宝龙广场店,(No.6890),宝山区同济路699弄4号上海宝杨宝龙广场二层M-F2-006,上海,07:30-21:30,08/01/21 07:10,自运营,luckin coffee,
3235,东鼎国际大厦店,(No.1307),宝山区漠河路600号东鼎国际大厦地下广场一层,上海,今日休息中,08/01/21 07:10,自运营,luckin coffee,
3236,星月大厦店,(No.2288),宝山区淞宝路155弄星月国际商务广场2号楼一层103室,上海,今日休息中,08/01/21 07:10,自运营,luckin coffee,
3237,智慧七立方店,(No.1033),宝山区同济支路157号智慧七立方1座一层113-4室,上海,08:00-18:00,08/01/21 07:10,自运营,luckin coffee,
3238,闿和阳光广场店,(No.3171),宝山区宝杨路3003闿和阳光广场一层,上海,08:00-18:00,08/01/21 07:10,自运营,luckin coffee,
3239,上海亿博广场店,(No.A1812),宝山区亿博商业广场一层（商场中庭内圈商铺）,上海,09:00-21:00,08/01/21 07:10,代运营,luckin coffee,
3240,罗店宝龙广场店,(No.6259),宝山区杨南路2211号罗店宝龙广场三层331室,上海,10:00-21:00,08/01/21 07:10,自运营,luckin coffee,
3241,恒越荣欣店,(No.A1210),浦东新区金钻路828弄恒越荣欣广场5号楼140室,上海,08:00-21:30,08/01/21 07:10,代运营,luckin coffee,
3242,外高桥店,(No.1125),浦东新区外高桥保税区台南西路47号一层,上海,08:00-18:00,08/01/21 07:10,自运营,luckin coffee,
3243,复旦科技园店,(No.1009),浦东新区加枫路8号外高桥复旦科技园创新中心一层105室,上海,今日休息中,08/01/21 07:10,自运营,luckin coffee,
3244,宝龙城市广场2期店,(No.3459),浦东新区金海路2449弄宝龙城市广场二期7号楼底商,上海,07:30-20:00,08/01/21 07:10,自运营,luckin coffee,
3245,晓富金融大厦店,(No.0573),浦东新区新兰路9号晓富金融大厦一层105室,上海,今日休息中,08/01/21 07:10,自运营,luckin coffee,
3246,上海第二工业大学店,(No.4964),浦东新区金海路2360号教学区环东路临商五A号房,上海,08:00-19:30,08/01/21 07:10,自运营,luckin coffee,
3247,高帆大厦店,(No.0835),浦东新区中国（上海）自由贸易试验区马吉路2号高帆大厦一层108室,上海,08:00-18:00,08/01/21 07:10,自运营,luckin coffee,
3248,森兰国际店,(No.0465),浦东新区洲海路999号森兰国际B栋一层101-乙单元,上海,08:00-18:00,08/01/21 07:10,自运营,luckin coffee,
3249,置汇旭辉广场店,(No.1050),浦东新区张杨路2389弄1-2号置汇旭辉广场购物中心负一层10室,上海,07:00-22:00,08/01/21 07:10,自运营,luckin coffee,
3250,金桥购物中心店,(No.4394),浦东新区碧云路555号金桥购物中心一层,上海,09:00-21:00,08/01/21 07:10,自运营,luckin coffee,
3251,金桥国际店,(No.7036),浦东新区张杨路3611号金桥国际商业广场3座二层,上海,09:30-22:00,08/01/21 07:10,自运营,luckin coffee,
3252,界龙总部园店,(No.7072),浦东新区杨高中路2112号界龙总部园A座一层102-1室,上海,08:00-18:00,08/01/21 07:10,自运营,luckin coffee,
3253,福建天安大厦店,(No.0074),浦东新区金桥路1391号福建天安大厦一层大堂,上海,07:00-20:00,08/01/21 07:10,自运营,luckin coffee,
3254,航运科研大厦店,(No.2932),浦东新区民生路628号航运科研大厦一层102室,上海,08:00-19:30,08/01/21 07:10,自运营,luckin coffee,
3255,金桥现代产业园店,(No.1793),浦东新区明月路1257号金桥现代产业服务园16号楼底商,上海,08:00-18:00,08/01/21 07:10,自运营,luckin coffee,
3256,证大立方大厦店,(No.0719),浦东新区长柳路58号证大立方大厦一层大堂,上海,08:00-18:00,08/01/21 07:10,自运营,luckin coffee,
3257,森兰商都店,(No.0466),浦东新区启帆路628号森兰商都商场一层1-114室,上海,10:00-21:00,08/01/21 07:10,自运营,luckin coffee,
3258,浦东高桥红坊商业广场店,(No.A0916),浦东新区张杨北路5688弄77号一层,上海,09:30-21:30,08/01/21 07:10,代运营,luckin coffee,
3259,万嘉商业广场店,(No.4338),浦东新区东靖路1881号万嘉商业广场底商,上海,08:00-21:00,08/01/21 07:10,自运营,luckin coffee,
3260,盛大天地源创谷店,(No.C0402),浦东新区盛荣路88弄盛大源创谷内绿谷小食代,上海,今日休息中,08/01/21 07:10,代运营,小鹿茶,
3261,上海万信福朋喜来登酒店店,(No.1647),浦东新区秀沿路1668号万信酒店一层大堂,上海,08:00-18:00,08/01/21 07:10,自运营,luckin coffee,
3262,金创大厦店,(No.0078),浦东新区中科路702号的金创大厦2号楼一层102室,上海,08:00-18:00,08/01/21 07:10,自运营,luckin coffee,
3263,漕河泾康桥商务绿洲店,(No.3328),浦东新区秀浦路2555号漕河泾康桥商务绿洲A区8幢一层大堂,上海,今日休息中,08/01/21 07:10,自运营,luckin coffee,
3264,万科翡翠公园店,(No.6901),浦东新区荣科路298号万科翡翠公园一层109室,上海,07:00-20:00,08/01/21 07:10,自运营,luckin coffee,
3265,莲花科创园店,(No.0396),浦东新区张江高科技园区纳贤路60弄腾飞莲花商务园5号楼一层101室,上海,今日休息中,08/01/21 07:10,自运营,luckin coffee,
3266,汇宝中心店,(No.2165),浦东新区沪南路2633弄汇宝中心一层大堂,上海,07:30-18:00,08/01/21 07:10,自运营,luckin coffee,
3267,御河硅谷店,(No.1049),浦东新区五星路706弄天安万科御河企业公馆二期1号楼一层107A室,上海,08:30-18:00,08/01/21 07:10,自运营,luckin coffee,
3268,星月智汇湾店,(No.4247),浦东新区周浦镇沈梅路123弄1-3号星月智汇湾2号楼一层大堂,上海,今日休息中,08/01/21 07:10,自运营,luckin coffee,
3269,天纳商汇产业园店,(No.2909),浦东新区周浦镇建韵路500号天纳商汇产业园3幢一层3110A室,上海,08:00-18:00,08/01/21 07:10,自运营,luckin coffee,
3270,上海浦江智谷店,(No.4969),闵行区联航路1188号1号楼一层大堂,上海,08:00-18:00,08/01/21 07:10,自运营,luckin coffee,
3271,奇亚特中心店,(No.2156),闵行区江月路999号奇亚特中心1幢一层大堂,上海,08:00-18:00,08/01/21 07:10,自运营,luckin coffee,
3272,浦江博乐诗店,(No.2726),闵行区联航路1670号博乐诗服务公寓底商,上海,08:00-19:00,08/01/21 07:10,自运营,luckin coffee,
3273,周浦苏宁百货万达店,(No.4539),浦东新区周浦镇沪南路3459号万达广场一层ZF07号,上海,09:00-22:00,08/01/21 07:10,自运营,luckin coffee,
3274,爱登堡产业园店,(No.2143),闵行区浦江镇恒西路189号爱登堡产业园一层大堂,上海,今日休息中,08/01/21 07:10,自运营,luckin coffee,
3275,浦江城市生活广场店,(No.3460),闵行区江月路1850弄浦江城市生活广场A座一层,上海,08:00-20:30,08/01/21 07:10,自运营,luckin coffee,
3276,华润万家南汇店,(No.6206),浦东新区惠南镇城南路469号一层L1025B,上海,08:30-20:00,08/01/21 07:10,自运营,luckin coffee,
3277,惠南科教园区生活区店,(No.6677),浦东新区惠南镇观海路1128号上海南汇科教园区生活区,上海,07:00-21:00,08/01/21 07:10,自运营,luckin coffee,
3278,浦东机场保税区店,(No.2152),浦东新区区闻居路1333号中国上海自由贸易试验区C区一层105室,上海,今日休息中,08/01/21 07:10,自运营,luckin coffee,
3279,上海思博职业技术学院店,(No.6032),浦东区城南路1408号思博职业技术学院一层,上海,08:00-19:30,08/01/21 07:10,自运营,luckin coffee,
3280,创研智造橙空间店,(No.3330),浦东新区秀浦路3188弄D11区59号创研智造橙空间一层大堂,上海,今日休息中,08/01/21 07:10,自运营,luckin coffee,
3281,万香创新港店,(No.3656),浦东新区航都路18号万香创新港2幢一层大堂,上海,08:00-19:00,08/01/21 07:10,自运营,luckin coffee,
3282,川沙绿地东海岸店,(No.7219),浦东新区川沙路5558弄绿地东海岸5号楼一层101B室,上海,07:00-20:00,08/01/21 07:10,自运营,luckin coffee,
3283,成山路巴黎春天店,(No.7239),浦东新区北蔡镇成山路2061号巴黎春天B1层,上海,10:00-22:00,08/01/21 07:10,自运营,luckin coffee,
3284,新达汇·三林店,(No.6207),浦东新区永泰路1058弄1-26号负一层B135号单元,上海,09:30-22:00,08/01/21 07:10,自运营,luckin coffee,
3285,中房金谊广场店,(No.4453),浦东新区上南路4467弄20号中房金谊广场一层116室,上海,07:30-21:30,08/01/21 07:10,自运营,luckin coffee,
3286,临沂路百联社区店,(No.6208),临沂路140-180号一层G32-F01-1-009,上海,10:00-21:30,08/01/21 07:10,自运营,luckin coffee,
3287,森宏购物广场店,(No.6205),浦东新区长清路1200号森宏购物广场F1层大润发1056号,上海,07:30-21:30,08/01/21 07:10,自运营,luckin coffee,
3288,上海鲁能国际中心店,(No.1992),浦东新区国耀路209号鲁能国际中心D座一层02单元,上海,08:00-18:00,08/01/21 07:10,自运营,luckin coffee,
3289,信建大厦店,(No.1297),浦东新区耀华路488号信建大厦一层大堂,上海,07:30-18:00,08/01/21 07:10,自运营,luckin coffee,
3290,红星美凯龙沪南商场店,(No.2362),浦东新区沪南路2178号红星美凯龙负一层,上海,10:00-18:00,08/01/21 07:10,自运营,luckin coffee,
3291,万创中心店,(No.6120),浦东新区冀桥路700号万创中心B栋一层,上海,08:00-18:00,08/01/21 07:10,自运营,luckin coffee,
3292,金领之都店,(No.3749),浦东新区金海路1000号金领之都25幢一层,上海,今日休息中,08/01/21 07:10,自运营,luckin coffee,
3293,临港宝龙城市广场店,(No.3722),浦东新区鸿音路3155弄128号临港宝龙广场一层,上海,08:00-22:00,08/01/21 07:10,自运营,luckin coffee,
3294,上飞公司浦东店,(No.2747),浦东新区上飞路919号浦东基地A02工程技术大楼一层大堂,上海,今日休息中,08/01/21 07:10,自运营,luckin coffee,
3295,建桥学院店,(No.2838),浦东新区临港新城镇方竹路1177号建桥学院北食堂三层,上海,08:00-19:00,08/01/21 07:10,自运营,luckin coffee,
3296,上海电机学院店,(No.2547),浦东新区南汇新城镇橄榄路1350号上海电机学院图书馆三层,上海,08:00-19:00,08/01/21 07:10,自运营,luckin coffee,
3297,港城新天地卜蜂莲花店,(No.6853),浦东新区茉莉路153号卜蜂莲花超市一层,上海,07:30-20:30,08/01/21 07:10,自运营,luckin coffee,
3298,裕安大厦店,(No.2168),浦东新区东方路738号裕安大厦一层大堂,上海,07:30-18:00,08/01/21 07:10,自运营,luckin coffee,
3299,百联世纪购物中心店,(No.4450),浦东新区世纪大道1217号百联世纪购物中心五层G59-F05-1-009A,上海,10:00-21:30,08/01/21 07:10,自运营,luckin coffee,
3300,上海光大大厦店,(No.4935),浦东新区世纪大道1122号上海光大大厦一层大堂沿街,上海,08:00-18:00,08/01/21 07:10,自运营,luckin coffee,
3301,生命人寿大厦店,(No.4499),浦东新区张杨路707号生命人寿大厦一层大堂,上海,08:00-18:00,08/01/21 07:10,自运营,luckin coffee,
3302,良友大厦店,(No.0457),浦东新区商城路618号良友大厦一层6号,上海,08:30-18:00,08/01/21 07:10,自运营,luckin coffee,
3303,上海第一八佰伴店,(No.2933),浦东新区张杨路501号上海第一八佰伴2号门右侧一层1-046号,上海,08:00-20:30,08/01/21 07:10,自运营,luckin coffee,
3304,国华人寿金融大厦店,(No.1530),浦东新区向城路288号世纪大道1501号国华人寿金融大厦一层大堂,上海,今日休息中,08/01/21 07:10,自运营,luckin coffee,
3305,全华信息大厦店,(No.0234),浦东新区福山路455号全华信息大厦一层大堂,上海,今日休息中,08/01/21 07:10,自运营,luckin coffee,
3306,绿地汇方广场店,(No.0969),杨浦区宁国路111号绿地汇方广场4号楼一层101室,上海,08:00-20:00,08/01/21 07:10,自运营,luckin coffee,
3307,东方渔人码头店,(No.6609),杨浦区杨树浦路1088号东方渔人码头B区101-1室,上海,08:00-19:00,08/01/21 07:10,自运营,luckin coffee,
3308,滨江百联店,(No.2651),杨浦区平凉路1399号滨江百联购物中心一层大创生活馆对面梦想空间内1004室,上海,10:00-20:30,08/01/21 07:10,自运营,luckin coffee,
3309,四季广场店,(No.1104),杨浦区长阳路1568号四季广场 5号楼一层102、103单元,上海,08:00-18:00,08/01/21 07:10,自运营,luckin coffee,
3310,文通国际广场店,(No.0954),杨浦区贵阳路398号文通国际广场北一层大堂,上海,07:30-18:00,08/01/21 07:10,自运营,luckin coffee,
3311,国际设计中心店,(No.0716),杨浦区长阳路1080号国际设计中心8号楼一层101室,上海,07:30-18:00,08/01/21 07:10,自运营,luckin coffee,
3312,环创中心店,(No.7023),杨浦区周家嘴路3628号环创中心F栋一层003室,上海,08:00-22:00,08/01/21 07:10,自运营,luckin coffee,
3313,上海复旦软件园店,(No.A0694),杨浦区定海路街道隆昌路608-4号,上海,07:30-21:00,08/01/21 07:10,代运营,luckin coffee,
3314,上海传奇广场店,(No.6823),浦东新区碧波路635号上海传奇商业广场一层1室,上海,08:00-21:00,08/01/21 07:10,自运营,luckin coffee,
3315,畅星大厦店,(No.2125),浦东新区碧波路888号畅星大厦1幢一层大堂,上海,今日休息中,08/01/21 07:10,自运营,luckin coffee,
3316,张江微电子港店,(No.7238),浦东新区碧波路690号张江微电子港1号楼一层西大堂,上海,08:00-18:00,08/01/21 07:10,自运营,luckin coffee,
3317,浦东软件园郭守敬路店,(No.4327),浦东新区郭守敬路498号1幢1112室,上海,今日休息中,08/01/21 07:10,自运营,luckin coffee,
3318,浦东软件园亮秀路店,(No.0371),浦东新区亮秀路112号浦东软件园Y2座一层102室,上海,08:00-18:00,08/01/21 07:10,自运营,luckin coffee,
3319,半岛科技园店,(No.2819),浦东新区达尔文路88号半岛科技园17号楼底商,上海,08:00-18:00,08/01/21 07:10,自运营,luckin coffee,
3320,上海电影艺术学校店,(No.A0880),浦东新区华佗路280弄31号海艺数字影城一层大堂,上海,09:00-21:00,08/01/21 07:10,代运营,luckin coffee,
3321,张江药谷B区店,(No.7057),浦东新区哈雷路882号国家生物医药基地一层大堂,上海,今日休息中,08/01/21 07:10,自运营,luckin coffee,
3322,新田360广场康桥店,(No.6843),浦东新区康桥镇秀浦路668号新田360广场负一层绿地优选出口,上海,09:00-22:00,08/01/21 07:10,自运营,luckin coffee,
3323,麦腾智慧天地店,(No.0490),浦东新区锦绣东路1999号麦腾智慧天地3幢一层130室,上海,今日休息中,08/01/21 07:10,自运营,luckin coffee,
3324,啦啦宝都店,(No.7068),浦东新区新金桥路738号2楼215C号店铺二层,上海,10:00-22:00,08/01/21 07:10,自运营,luckin coffee,
3325,凯龙金领大厦店,(No.0458),浦东新区新金桥路1888号凯龙金领大厦一层111室,上海,今日休息中,08/01/21 07:10,自运营,luckin coffee,
3326,东方万国店,(No.7175),浦东新区新金桥路1599号东方万国企业中心B1层113商铺,上海,08:00-18:00,08/01/21 07:10,自运营,luckin coffee,
3327,禹州蓝爵店,(No.0115),浦东新区金港路199弄禹洲蓝爵3号一层,上海,08:00-18:00,08/01/21 07:10,自运营,luckin coffee,
3328,环球都会广场店,(No.4313),浦东新区耀元路58号环球都会广场1号楼一层107室,上海,08:00-19:30,08/01/21 07:10,自运营,luckin coffee,
3329,万科VMO店,(No.3644),闵行区浦锦路2049弄万科VMO38号楼底商,上海,08:00-19:00,08/01/21 07:10,自运营,luckin coffee,
3330,绿地汇中心店,(No.1428),徐汇区云锦路500号绿地汇中心B座一层1-11单元,上海,07:30-20:00,08/01/21 07:10,自运营,luckin coffee,
3331,龙湖上海华泾天街店,(No.4331),徐汇区华泾路459号龙湖上海华泾天街商场二层20号,上海,09:30-21:30,08/01/21 07:10,自运营,luckin coffee,
3332,张江集电港店,(No.1371),浦东新区龙东大道3000号张江集电港3号楼1楼base一层大堂,上海,08:00-18:00,08/01/21 07:10,自运营,luckin coffee,
3333,光大安石科技园店,(No.2004),浦东新区盛夏路500弄光大安石科技园4号楼一层101室,上海,今日休息中,08/01/21 07:10,自运营,luckin coffee,
3334,莘泽创业园店,(No.3727),浦东新区张江科技园区盛夏路608号2幢一层大堂,上海,今日休息中,08/01/21 07:10,自运营,luckin coffee,
3335,星创科技广场店,(No.2530),浦东新区申江路5005弄星创科技广场2号楼一层大堂,上海,今日休息中,08/01/21 07:10,自运营,luckin coffee,
3336,恒生万鹂广场店,(No.1742),浦东新区高科东路515弄恒生万鹂广场6B号1层122室,上海,07:30-21:00,08/01/21 07:10,自运营,luckin coffee,
3337,上投盛银大厦店,(No.4474),浦东新区盛夏路666号盛银大厦5幢一层大堂,上海,08:30-18:00,08/01/21 07:10,自运营,luckin coffee,
3338,开文大厦店,(No.0405),浦东新区张江路368号30幢开文大厦一层,上海,08:00-18:00,08/01/21 07:10,自运营,luckin coffee,
3339,中铝大厦店,(No.0989),浦东新区长清北路53号中铝大厦一层大堂,上海,08:00-18:00,08/01/21 07:10,自运营,luckin coffee,
3340,左岸88创意园店,(No.2588),浦东新区北张家浜路88号左岸创意园C座一层大堂,上海,今日休息中,08/01/21 07:10,自运营,luckin coffee,
3341,富都广场店,(No.4516),浦东新区东方路1367号富都广场一 层L1-11B单元,上海,09:30-21:00,08/01/21 07:10,自运营,luckin coffee,
3342,开伦大厦店,(No.1186),浦东新区峨山路91弄38-48号开伦鑫座大厦一层R区,上海,08:00-18:00,08/01/21 07:10,自运营,luckin coffee,
3343,钱江大厦店,(No.3254),浦东新区东方路971号钱江大厦一层大堂,上海,08:00-18:00,08/01/21 07:10,自运营,luckin coffee,
3344,同盛大厦店,(No.2349),浦东新区福山路458号同盛大厦一层大堂,上海,今日休息中,08/01/21 07:10,自运营,luckin coffee,
3345,世纪金融广场店,(No.0407),浦东新区杨高南路759号世纪金融广场二层05号,上海,今日休息中,08/01/21 07:10,自运营,luckin coffee,
3346,强生大厦店,(No.2292),浦东新区浦建路145号强生大厦二层咖啡吧,上海,08:30-18:00,08/01/21 07:10,自运营,luckin coffee,
3347,上海瞿溪路店,(No.A0300),黄浦区瞿溪路309-1号,上海,08:00-19:00,08/01/21 07:10,代运营,luckin coffee,
3348,上海大同中学店,(No.A1025),黄浦区南车站路364号,上海,07:30-18:00,08/01/21 07:10,代运营,luckin coffee,
3349,滨江2250店,(No.1532),浦东新区浦东南路2250号滨江2250一层大堂,上海,07:30-18:00,08/01/21 07:10,自运营,luckin coffee,
3350,歌斐中心店,(No.0184),黄浦区蒙自路757号上海歌斐中心一层102A1单元,上海,08:00-20:00,08/01/21 07:10,自运营,luckin coffee,
3351,上海局门路店,(No.A1139),上海市黄浦区局门路415号,上海,08:00-17:30,08/01/21 07:10,代运营,luckin coffee,
3352,川沙现代广场店,(No.2138),浦东新区川沙路4825号川沙现代广场一层,上海,07:30-20:00,08/01/21 07:10,自运营,luckin coffee,
3353,王港恒生广场店,(No.A0132),浦东新区上丰路1762弄街道2-4号,上海,11:00-20:00,08/01/21 07:10,代运营,luckin coffee,
3354,卡园涛飞店,(No.A1038),浦东新区上丰路999号,上海,今日休息中,08/01/21 07:10,代运营,luckin coffee,
3355,上海建工大厦店,(No.3157),浦东新区福山路33号建工大厦一层大堂,上海,今日休息中,08/01/21 07:10,自运营,luckin coffee,
3356,裕景国际店,(No.2707),浦东新区昌邑路538弄3号裕景国际商务广场底商,上海,08:00-18:00,08/01/21 07:10,自运营,luckin coffee,
3357,国际华城店,(No.0082),浦东新区张杨路1365号陆家嘴国际华城南门一层近源深体育中心站1号口,上海,07:30-20:00,08/01/21 07:10,自运营,luckin coffee,
3358,绿地尚悦湾店,(No.0286),浦东新区银城路66号尚悦湾负一层绿地超市内,上海,10:00-19:30,08/01/21 07:10,自运营,luckin coffee,
3359,上海天安数码城店,(No.0725),虹口区临潼路170号上海天安数码城一层113室,上海,08:00-18:00,08/01/21 07:10,自运营,luckin coffee,
3360,133世界广场店,(No.2172),杨浦区世界路125号绿源天地A座一层,上海,07:00-22:00,08/01/21 07:10,自运营,luckin coffee,
3361,锦绣申江创新园店,(No.6565),浦东新区锦绣东路2777号10号楼103室,上海,08:30-18:00,08/01/21 07:10,自运营,luckin coffee,
3362,湾谷科技园店,(No.2133),杨浦区国权北路1688号湾谷科技园B7栋一层大堂,上海,07:30-19:00,08/01/21 07:10,自运营,luckin coffee,
3363,星球影棚店,(No.0834),宝山区长江路258号C6号星球影棚一层102室,上海,08:00-18:00,08/01/21 07:10,自运营,luckin coffee,
3364,绿地海外滩店,(No.0754),黄浦区龙华东路810号黄浦绿地缤纷城一层2-106号,上海,08:00-19:00,08/01/21 07:10,自运营,luckin coffee,
3365,电科滨江中心店,(No.3156),黄浦区龙华东路647号电科滨江中心一层10单元,上海,今日休息中,08/01/21 07:10,自运营,luckin coffee,
3366,华美达和平酒店店,(No.1672),黄浦区斜土路688号宿适皇冠酒店一层,上海,08:00-18:00,08/01/21 07:10,自运营,luckin coffee,
3367,奉贤南中路文化广场店,(No.A0044),奉贤区南桥镇南中路207号商铺,上海,07:30-20:00,08/01/21 07:10,代运营,luckin coffee,
3368,人民南路店,(No.A0568),奉贤区南桥镇人民南路193号底商,上海,08:00-20:30,08/01/21 07:10,代运营,luckin coffee,
3369,奉贤宝龙城市广场店,(No.3210),奉贤区航南公路5699号奉贤宝龙城市广场负一层45号,上海,09:30-21:30,08/01/21 07:10,自运营,luckin coffee,
3370,百联南桥购物中心店,(No.4695),奉贤区百齐路288号百联南桥购物中心二层G41-2F-1-057B,上海,10:00-21:30,08/01/21 07:10,自运营,luckin coffee,
3371,上海奉贤奉浦商学院店,(No.C0087),奉贤区奉浦街道韩村路646号,上海,09:00-17:00,08/01/21 07:10,代运营,小鹿茶,
3372,上海奉贤西渡店,(No.A0047),奉贤区南桥镇沪杭公路278号,上海,10:00-21:00,08/01/21 07:10,代运营,luckin coffee,
3373,上海应用技术大学店,(No.4965),奉贤区海湾旅游区海泉路100号教师公寓一层,上海,09:00-19:00,08/01/21 07:10,自运营,luckin coffee,
3374,金汇广场店,(No.A0347),奉贤区金汇镇金闸公路599号金汇商业广场一层1110号,上海,10:00-20:30,08/01/21 07:10,代运营,luckin coffee,
3375,东海职业技术学院店,(No.4729),闵行区虹梅南路6001号东海职业技术学院教育超市二层,上海,08:00-19:30,08/01/21 07:10,自运营,luckin coffee,
3376,置业广场店,(No.2742),闵行区石屏路285号置业广场一层精品区,上海,09:00-20:30,08/01/21 07:10,自运营,luckin coffee,
3377,华东师大闵行校区店,(No.A0485),闵行区剑川路399号华东师范大学冬月餐厅三层,上海,今日休息中,08/01/21 07:10,代运营,luckin coffee,
3378,吴泾宝龙广场店,(No.A1085),闵行区尚义路39弄3号宝龙广场一层澳门街内120-1号,上海,09:00-21:00,08/01/21 07:10,代运营,luckin coffee,
3379,上海交大闵行校区店,(No.6214),闵行区东川路800上海交通大学闵行校区第三餐饮大楼,上海,08:30-20:00,08/01/21 07:10,自运营,luckin coffee,
3380,亭林医院店,(No.3135),金山区亭林镇寺平北路80号亭林医院急诊部一层,上海,今日休息中,08/01/21 07:10,自运营,luckin coffee,
3381,华东理工大学奉贤校区店,(No.6705),奉贤区海湾旅游区恒爱路华东理工大学奉贤校区,上海,07:00-20:30,08/01/21 07:10,自运营,luckin coffee,
3382,上师大奉贤校区湖景店,(No.7052),奉贤区海思路100号上海师范大学4号宿舍楼一层,上海,09:00-19:00,08/01/21 07:10,自运营,luckin coffee,
3383,上师大奉贤校区店,(No.4705),奉贤区海思路100号上海师范大学快递中心二层,上海,09:00-19:00,08/01/21 07:10,自运营,luckin coffee,
3384,中侨职业技术学院店,(No.6031),金山区漕廊公路3888号中侨职业学院食堂一层,上海,10:00-21:00,08/01/21 07:10,自运营,luckin coffee,
3385,碧江广场店,(No.4458),闵行区鹤庆路900号碧江广场4号一层105室,上海,08:30-21:30,08/01/21 07:10,自运营,luckin coffee,
3386,金山百联购物中心店,(No.2994),金山区卫清西路188号金山百联购物中心广场一层,上海,08:00-21:30,08/01/21 07:10,自运营,luckin coffee,
3387,金山万达广场店,(No.4268),金山区龙皓路1088号万达广场一层,上海,08:00-21:30,08/01/21 07:10,自运营,luckin coffee,
3388,金山华润店,(No.A0221),金山区朱泾镇沈浦泾路28号，50号1幢一楼S24乐购一层,上海,09:00-21:00,08/01/21 07:10,代运营,luckin coffee,
3389,平湖八佰伴店,(No.6114),平湖市当湖街道三港路555号八佰伴商业中心4座一层,上海,09:30-21:00,08/01/21 07:10,自运营,luckin coffee,
3390,平湖中心大润发店,(No.A0995),平湖市当湖街道县后底223号大润发南门,上海,09:30-21:30,08/01/21 07:10,代运营,luckin coffee,
3391,恒隆嘉荟城店,(No.6294),平湖市钟埭街道兴平一路恒隆嘉荟商业广场5号楼一层,上海,08:00-20:30,08/01/21 07:10,自运营,luckin coffee,
3392,鹿都国际广场店,(No.2229),松江区松汇中路568号鹿都商业广场A座底商,上海,09:00-21:30,08/01/21 07:10,自运营,luckin coffee,
3393,松江平高广场店,(No.6783),松江区九峰路118号平高广场一层101-K02号,上海,10:00-21:00,08/01/21 07:10,自运营,luckin coffee,
3394,企德天地店,(No.0459),松江区方塔北路605号企德天地一层大堂,上海,08:00-18:00,08/01/21 07:10,自运营,luckin coffee,
3395,企福天地店,(No.0322),松江区松卫北路665号企福天地一层大堂,上海,今日休息中,08/01/21 07:10,自运营,luckin coffee,
3396,上海飞航广场店,(No.A1158),松江区玉树路2581号上海飞航广场一层58-1室,上海,09:00-20:00,08/01/21 07:10,代运营,luckin coffee,
3397,松江乐都新界店,(No.A1134),松江区乐都西路953号一层,上海,09:00-20:00,08/01/21 07:10,代运营,luckin coffee,
3398,嘉善万联城店,(No.A1324),嘉善县罗星街道世纪大道1001号一层026号,上海,09:30-21:30,08/01/21 07:10,代运营,luckin coffee,
3399,西塘景区卧龙桥店,(No.A0198),嘉善县西塘古镇椿作埭18号,上海,09:00-21:00,08/01/21 07:10,代运营,luckin coffee,
3400,上海招商花园城店,(No.6149),宝山区杨行镇水产路2069号1幢1层1-25,上海,10:00-22:00,08/01/21 07:10,自运营,luckin coffee,
3401,骏利财富大厦店,(No.1179),宝山区共和新路5199号一幢骏利财富大厦一层G区,上海,07:30-18:30,08/01/21 07:10,自运营,luckin coffee,
3402,绿地优鲜宝山万达店,(No.2446),一二八纪念路988弄2号门万达广场地下一楼绿地超市内,上海,09:30-21:00,08/01/21 07:10,自运营,luckin coffee,
3403,宝山沪尚茗居店,(No.1713),宝山区江杨南路880号沪尚茗居整体家装体验馆B1栋底商,上海,07:30-18:00,08/01/21 07:10,自运营,luckin coffee,
3404,上海卓越时代广场店,(No.2513),宝山区呼兰西路60号卓越时代广场7号楼一层,上海,08:00-18:00,08/01/21 07:10,自运营,luckin coffee,
3405,长江国际生活广场店,(No.6212),宝山区殷高西路555号1楼5-116-2室,上海,07:30-21:30,08/01/21 07:10,自运营,luckin coffee,
3406,永谊大厦店,(No.0574),宝山区呼兰西路100号智园2期永谊大厦一层大堂,上海,08:00-18:00,08/01/21 07:10,自运营,luckin coffee,
3407,智慧湾店,(No.2785),宝山区蕴川路6号智慧湾18号楼一层大堂,上海,08:00-19:00,08/01/21 07:10,自运营,luckin coffee,
3408,红石科技大楼店,(No.1124),宝山区蕰川路512号4幢红石科技大楼一层K座,上海,08:00-18:00,08/01/21 07:10,自运营,luckin coffee,
3409,宝山紫荆谷店,(No.4604),宝山区经地路99弄3座一层103室,上海,09:00-21:00,08/01/21 07:10,自运营,luckin coffee,
3410,聚丰购物广场店,(No.4379),上海市宝山区聚丰园路205号一层F1F0075号,上海,08:30-21:00,08/01/21 07:10,自运营,luckin coffee,
3411,宝山龙湖天街店,(No.4252),宝山区丹霞山路50弄1号宝山龙湖天街A座一层30号,上海,09:30-22:00,08/01/21 07:10,自运营,luckin coffee,
3412,昇park店,(No.2615),宝山区真大路520号昇park创意园3号楼底商,上海,08:00-18:00,08/01/21 07:10,自运营,luckin coffee,
3413,百联嘉定购物中心店,(No.4991),嘉定区澄浏中路3128弄3号百联嘉定购物中心1层005A室,上海,10:00-21:30,08/01/21 07:10,自运营,luckin coffee,
3414,南翔太茂广场店,(No.2170),嘉定区丰翔路3168号南翔太茂商业广场底商,上海,07:30-21:00,08/01/21 07:10,自运营,luckin coffee,
3415,五彩城店,(No.4540),嘉定区南翔镇宝翔路801号负一层中岛03-05号,上海,09:30-21:30,08/01/21 07:10,自运营,luckin coffee,
3416,容基大厦店,(No.0528),嘉定区银翔路1037号容基大厦一层大堂,上海,08:00-18:00,08/01/21 07:10,自运营,luckin coffee,
3417,环球大厦店,(No.2940),嘉定区沪宜公路1168号环球大厦一层大堂,上海,今日休息中,08/01/21 07:10,自运营,luckin coffee,
3418,南翔大润发店,(No.6588),嘉定区南翔镇沪宜公路1000号一层,上海,08:30-21:00,08/01/21 07:10,自运营,luckin coffee,
3419,中鑫企业广场店,(No.3634),普陀区武威路88弄19号中鑫企业广场一层103室,上海,08:00-18:00,08/01/21 07:10,自运营,luckin coffee,
3420,江桥老街店,(No.4471),嘉定区江桥镇虞姬墩路588号103室,上海,07:30-21:30,08/01/21 07:10,自运营,luckin coffee,
3421,上海市信业购物中心店,(No.C0143),嘉定区环城路762号信业外街沿河一层3幢102室,上海,09:00-21:00,08/01/21 07:10,代运营,小鹿茶,
3422,上海大学科技园店,(No.3430),嘉定区城北路1355号上海大学科技园一层109室,上海,08:00-18:00,08/01/21 07:10,自运营,luckin coffee,
3423,上海罗宾森广场店,(No.6432),嘉定区城中路138号罗宾森广场1层S1-40号铺,上海,09:00-20:30,08/01/21 07:10,自运营,luckin coffee,
3424,科创大厦店,(No.0502),嘉定区嘉罗公路336号科创大厦一层大堂,上海,08:00-18:00,08/01/21 07:10,自运营,luckin coffee,
3425,中设广场店,(No.2732),宝山区殷高路1号中设广场1号楼一层大堂,上海,今日休息中,08/01/21 07:10,自运营,luckin coffee,
3426,美丽华百新创意园店,(No.0918),宝山区殷高路23弄20号美丽华百新创意园A座一层101室,上海,08:00-18:00,08/01/21 07:10,自运营,luckin coffee,
3427,保辉国际大厦店,(No.7183),杨浦区新江湾城街道国霞路346号保辉国际大厦B座一层,上海,08:00-18:00,08/01/21 07:10,自运营,luckin coffee,
3428,尚浦中心店,(No.2988),杨浦区江湾城路99号尚浦中心6幢一层108A-1室,上海,07:30-18:00,08/01/21 07:10,自运营,luckin coffee,
3429,运通大厦店,(No.A0262),嘉定区菊园新区胜辛路3285号运通大厦一层大堂,上海,08:30-19:30,08/01/21 07:10,代运营,luckin coffee,
3430,太湖世家国际大厦店,(No.0331),嘉定区德富路1198号太湖世家国际大厦一层大堂,上海,08:00-18:00,08/01/21 07:10,自运营,luckin coffee,
3431,嘉定宝龙城市广场店,(No.B0197),嘉定区阿克苏路1077号嘉定宝龙广场负一层M6-B1-08号铺,上海,10:00-21:00,08/01/21 07:10,自运营,小鹿茶,
3432,绿地中信泰富万达广场店,(No.1308),嘉定区胜辛路426号中信泰富万达广场负一层绿地超市美食区,上海,09:30-20:30,08/01/21 07:10,自运营,luckin coffee,
3433,大融城嘉定店,(No.4238),嘉定区宝安公路3386号大融城商业广场1号楼负一层107-2室,上海,09:00-21:30,08/01/21 07:10,自运营,luckin coffee,
3434,同普大厦店,(No.2784),普陀区同普路1220号同普大厦一层大堂,上海,07:30-18:00,08/01/21 07:10,自运营,luckin coffee,
3435,金环商务花园店,(No.2166),普陀区金沙江路1977弄16号金环商务花园4座一层大堂,上海,今日休息中,08/01/21 07:10,自运营,luckin coffee,
3436,旭辉虹桥国际店,(No.3332),长宁区通协路278号旭辉虹桥国际1号楼底商,上海,08:00-18:00,08/01/21 07:10,自运营,luckin coffee,
3437,建滔广场店,(No.1531),长宁区通协路269号建滔广场4号楼一层135号,上海,08:00-18:00,08/01/21 07:10,自运营,luckin coffee,
3438,118广场店,(No.0919),普陀区金沙江路1685号118广场16幢一层BN1-7号,上海,08:00-19:30,08/01/21 07:10,自运营,luckin coffee,
3439,绿洲中环中心店,(No.0758),普陀区金沙江路1628弄楼绿洲中环中心5号楼金逸影城一层大堂,上海,08:00-18:00,08/01/21 07:10,自运营,luckin coffee,
3440,新长征中环大厦店,(No.2654),普陀区真光路1219号新长征中环大厦一层大堂,上海,今日休息中,08/01/21 07:10,自运营,luckin coffee,
3441,晨讯科技大楼店,(No.1959),长宁区金钟路633号晨讯科技大楼B座一层大堂,上海,08:00-18:00,08/01/21 07:10,自运营,luckin coffee,
3442,安亭财富广场店,(No.2587),嘉定区曹安公路5616号安亭财富广场一层109号,上海,09:00-20:00,08/01/21 07:10,自运营,luckin coffee,
3443,三德商务广场店,(No.2169),嘉定区墨玉南路1080号三德商务广场一层102号,上海,07:30-21:00,08/01/21 07:10,自运营,luckin coffee,
3444,上海红星美凯龙店,(No.1987),普陀区真北路1108号红星美凯龙南馆负一层,上海,09:30-18:00,08/01/21 07:10,自运营,luckin coffee,
3445,新长征商务大厦店,(No.0713),普陀区梅川路1247号4幢新长征商务大厦一层大堂,上海,08:00-18:00,08/01/21 07:10,自运营,luckin coffee,
3446,中环百联店,(No.6388),普陀区真光路1288号中环百联购物中心一层B区,上海,09:30-21:30,08/01/21 07:10,自运营,luckin coffee,
3447,天地软件园店,(No.1728),普陀区中江路879弄上海天地软件园23号一层,上海,今日休息中,08/01/21 07:10,自运营,luckin coffee,
3448,鸿海大厦店,(No.0467),普陀区真北路2167号鸿海大厦一层大堂,上海,08:00-18:30,08/01/21 07:10,自运营,luckin coffee,
3449,国盛中心店,(No.4927),普陀区中江路388弄国盛中心1号101A室,上海,08:00-19:30,08/01/21 07:10,自运营,luckin coffee,
3450,巴黎春天宝山店,(No.4789),宝山区真华路888号负一层188号商铺,上海,10:00-21:30,08/01/21 07:10,自运营,luckin coffee,
3451,大华虎城店,(No.1113),宝山区大华路352号大华虎城嘉年华一层105室,上海,07:00-21:30,08/01/21 07:10,自运营,luckin coffee,
3452,乐坊大华店,(No.6043),宝山区真北路4288号一层L120号,上海,10:00-21:00,08/01/21 07:10,自运营,luckin coffee,
3453,山海大厦店,(No.1476),宝山区沪太路1717号山海大厦一层大堂,上海,07:30-18:00,08/01/21 07:10,自运营,luckin coffee,
3454,上海静安大融城店,(No.4465),静安区沪太路1111弄10号1号楼2层L209-2室,上海,10:00-22:00,08/01/21 07:10,自运营,luckin coffee,
3455,真如铁三角科技园店,(No.0822),普陀区真如镇绥德路2弄1号一层101A室,上海,08:00-18:00,08/01/21 07:10,自运营,luckin coffee,
3456,新城市中心广场店,(No.0955),普陀区铜川路70号新城市中心广场一层大堂,上海,08:00-18:00,08/01/21 07:10,自运营,luckin coffee,
3457,香溢花城店,(No.2213),普陀区石泉东路148号香溢花城底商,上海,08:00-20:00,08/01/21 07:10,自运营,luckin coffee,
3458,浦发广场店,(No.7199),普陀区中山北路1737号浦发广场1期D座底商,上海,08:00-18:00,08/01/21 07:10,自运营,luckin coffee,
3459,电科大厦店,(No.1529),普陀区武宁路509号电科大厦一层大堂,上海,07:30-18:00,08/01/21 07:10,自运营,luckin coffee,
3460,华源世界广场店,(No.1204),普陀区中山北路1958号华源世界广场一层112室,上海,08:00-18:00,08/01/21 07:10,自运营,luckin coffee,
3461,中瑞商务大厦店,(No.3063),普陀区中山北路2438号中瑞商务大厦一层大堂,上海,08:00-18:00,08/01/21 07:10,自运营,luckin coffee,
3462,平高国际广场店,(No.2020),普陀区安远路108号平高国际广场一层06号,上海,08:00-18:00,08/01/21 07:10,自运营,luckin coffee,
3463,上海创展大厦店,(No.1084),静安区安远路305号上海创展大厦一层底商,上海,08:00-18:00,08/01/21 07:10,自运营,luckin coffee,
3464,巴黎春天陕西路店,(No.6646),普陀区长寿路155号巴黎春天陕西路店正门一层大厅内L01-F013B,上海,10:00-22:00,08/01/21 07:10,自运营,luckin coffee,
3465,月星家居店,(No.1032),普陀区澳门路月星家居168号55幢一层A001-1号,上海,08:00-18:30,08/01/21 07:10,自运营,luckin coffee,
3466,苏河1号店,(No.2394),静安区恒丰路640号苏河1号一层大堂,上海,08:00-18:00,08/01/21 07:10,自运营,luckin coffee,
3467,中港汇静安店,(No.2987),静安区恒丰路329号中港汇静安一楼,上海,08:00-18:00,08/01/21 07:10,自运营,luckin coffee,
3468,太阳CITY店,(No.2655),静安区恒丰路299号太阳CITY一层,上海,08:00-18:00,08/01/21 07:10,自运营,luckin coffee,
3469,名品商厦店,(No.2148),静安区秣陵路228号名品商厦底商,上海,08:00-20:00,08/01/21 07:10,自运营,luckin coffee,
3470,林顿大厦店,(No.1432),静安区恒丰北路100号林顿大厦一层102室,上海,08:00-18:00,08/01/21 07:10,自运营,luckin coffee,
3471,多媒体大厦店,(No.3255),静安区广中西路777弄128号2楼,上海,今日休息中,08/01/21 07:10,自运营,luckin coffee,
3472,现代交通商务园店,(No.2393),静安区柳营路618号现代交通商务园北楼一层大堂,上海,今日休息中,08/01/21 07:10,自运营,luckin coffee,
3473,大宁中心广场店,(No.1480),静安区万荣路700号大宁中心广场C2栋一层114号,上海,08:00-18:30,08/01/21 07:10,自运营,luckin coffee,
3474,春之声大厦店,(No.0519),普陀区中山北路3323号一层A-1号,上海,08:00-18:00,08/01/21 07:10,自运营,luckin coffee,
3475,上海环球港店,(No.0920),普陀区中山北路3300号上海环球港负一层273号北门入口,上海,09:30-22:00,08/01/21 07:10,自运营,luckin coffee,
3476,热浪荟健身清水湾店,(No.2348),普陀区凯旋北路1495号热浪荟健身房一层大堂,上海,08:00-18:00,08/01/21 07:10,自运营,luckin coffee,
3477,长风大悦城店,(No.0401),普陀区大渡河路196号长风大悦城负一层12号绿地超市,上海,10:00-20:30,08/01/21 07:10,自运营,luckin coffee,
3478,淮海中华大厦店,(No.0463),黄浦区人民路885号淮海中华大厦一层103室,上海,08:00-18:00,08/01/21 07:10,自运营,luckin coffee,
3479,外滩十六铺店,(No.0697),黄浦区中山东二路531号外滩十六铺负一层,上海,今日休息中,08/01/21 07:10,自运营,luckin coffee,
3480,旺角广场店,(No.3525),黄浦区延安东路175号旺角广场一层103室,上海,今日休息中,08/01/21 07:10,自运营,luckin coffee,
3481,远洋商业大厦店,(No.0471),黄浦区延安东路618号远洋商业大厦一层106室,上海,今日休息中,08/01/21 07:10,自运营,luckin coffee,
3482,霓虹儿童广场店,(No.0091),黄浦区普安路10号上海霓虹儿童广场普安店负一层南广号,上海,08:00-18:00,08/01/21 07:10,自运营,luckin coffee,
3483,永明大厦店,(No.2428),黄浦区西藏南路1109号永明大厦底商,上海,07:30-19:00,08/01/21 07:10,自运营,luckin coffee,
3484,创邑老码头店,(No.1701),黄浦区中山南路505号老码头5号楼底商,上海,07:30-21:00,08/01/21 07:10,自运营,luckin coffee,
3485,震旦国际店,(No.6018),浦东新区富城路99号震旦国际大楼B1层03单元,上海,今日休息中,08/01/21 07:10,自运营,luckin coffee,
3486,上海金茂大厦店,(No.4246),浦东新区世纪大道88号金茂大厦裙楼3层3C-06号,上海,08:00-18:00,08/01/21 07:10,自运营,luckin coffee,
3487,上海广发大厦店,(No.4615),黄浦区徐家汇路555号广发大厦一层大堂,上海,08:00-18:00,08/01/21 07:10,自运营,luckin coffee,
3488,复兴SOHO店,(No.1774),黄浦区马当路388号SOHO复兴广场E栋一层107号,上海,07:00-21:30,08/01/21 07:10,自运营,luckin coffee,
3489,思南公馆·网易云音乐主题店,(No.3098),黄浦区复兴中路523弄16号思南公馆35号楼底商,上海,08:00-21:00,08/01/21 07:10,自运营,luckin coffee,
3490,瑞金商务中心店,(No.3567),黄浦区肇嘉浜路100号瑞金商务中心一层105B室,上海,07:30-18:00,08/01/21 07:10,自运营,luckin coffee,
3491,香港广场店,(No.4427),黄浦区淮海中路283号香港广场南座三层SL3-04a室,上海,10:00-21:30,08/01/21 07:10,自运营,luckin coffee,
3492,解放日报大厦店,(No.3256),黄浦区汉口路300号解放日报大厦底商,上海,08:00-18:00,08/01/21 07:10,自运营,luckin coffee,
3493,新世界大丸百货店,(No.2000),黄浦区南京东路228号新世界大丸百货负一层B-32号 ,上海,10:00-20:30,08/01/21 07:10,自运营,luckin coffee,
3494,静安大悦城店,(No.1131),静安区西藏北路166号静安大悦城北负一层NB112号地下美食城入口,上海,10:00-21:30,08/01/21 07:10,自运营,luckin coffee,
3495,长泰企业天地店,(No.0398),静安区海宁路899号长泰企业天地广场A座一层962单元,上海,07:30-18:00,08/01/21 07:10,自运营,luckin coffee,
3496,base城市社区苏河店,(No.1803),静安区新疆路518号base城市社区底商,上海,07:30-18:00,08/01/21 07:10,自运营,luckin coffee,
3497,新桥大厦店,(No.1430),黄浦区新桥路68号新桥大厦店一层102室,上海,08:00-18:00,08/01/21 07:10,自运营,luckin coffee,
3498,恒基名人广场店,(No.1836),黄浦区南京东路300号恒基名人广场三层L314号,上海,08:00-21:30,08/01/21 07:10,自运营,luckin coffee,
3499,雅克红房子店,(No.0837),黄浦区陕西南路35号雅克红房子底商,上海,08:00-20:00,08/01/21 07:10,自运营,luckin coffee,
3500,科恩国际中心店,(No.0728),静安区陕西北路66号科恩国际中心一层大堂,上海,08:00-18:00,08/01/21 07:10,自运营,luckin coffee,
3501,九海百盛店,(No.2315),黄浦区淮海中路918号九海百盛三层,上海,10:00-21:00,08/01/21 07:10,自运营,luckin coffee,
3502,陕西大厦店,(No.0705),静安区延安中路658号陕西大厦一层大堂,上海,今日休息中,08/01/21 07:10,自运营,luckin coffee,
3503,上海国际集团大厦店,(No.2134),静安区威海路511号上海国际集团大厦一层,上海,今日休息中,08/01/21 07:10,自运营,luckin coffee,
3504,上海金鹰购物中心店,(No.B0002),静安区陕西北路278号金鹰国际购物中心一层,上海,10:00-20:00,08/01/21 07:10,自运营,小鹿茶,
3505,旺旺大厦店,(No.0493),静安区石门一路213号旺旺大厦一层大堂,上海,08:00-18:00,08/01/21 07:10,自运营,luckin coffee,
3506,SOHO东海广场店,(No.3057),静安区铜仁路299号SOHO东海广场一层104-105室,上海,今日休息中,08/01/21 07:10,自运营,luckin coffee,
3507,凤城巷店,(No.0757),杨浦区凤城路5号凤城巷园区内8号楼一层117室,上海,07:30-18:00,08/01/21 07:10,自运营,luckin coffee,
3508,印坊928创意园店,(No.3215),杨浦区齐齐哈尔路920号印坊928创意园20幢北半幢一层102沿街,上海,08:00-19:30,08/01/21 07:10,自运营,luckin coffee,
3509,上海信息技术大厦店,(No.2003),杨浦区控江路1555号上海信息科技大厦一层大堂,上海,08:00-18:30,08/01/21 07:10,自运营,luckin coffee,
3510,联创设计谷店,(No.3199),杨浦区控江路1500弄联创设计建筑主楼一层大堂,上海,08:00-18:00,08/01/21 07:10,自运营,luckin coffee,
3511,三九商务园店,(No.0385),杨浦区吉林路60号三九商务楼一层101-B室,上海,今日休息中,08/01/21 07:10,自运营,luckin coffee,
3512,宝地广场城市集市店,(No.6517),杨浦区唐山路1018号地下一层B122-B11号铺,上海,08:00-21:00,08/01/21 07:10,自运营,luckin coffee,
3513,创邑海上海店,(No.1447),杨浦区飞虹路568弄创邑海上海12号一层 ,上海,07:00-20:30,08/01/21 07:10,自运营,luckin coffee,
3514,合生汇国际广场店,(No.6902),杨浦区黄兴路2218号合生汇国际广场一层-47AB室,上海,08:00-18:00,08/01/21 07:10,自运营,luckin coffee,
3515,绿色米兰广场店,(No.1203),杨浦区国权路39号绿色米兰财富国际广场金座一层大堂,上海,今日休息中,08/01/21 07:10,自运营,luckin coffee,
3516,五角场苏宁生活广场店,(No.6778),杨浦区五角场街道苏宁生活广场b1层B103室,上海,08:30-20:00,08/01/21 07:10,自运营,luckin coffee,
3517,万达广场五角场店,(No.7198),杨浦区淞沪路77号上海五角场万达广场B1层A区入口,上海,10:00-22:00,08/01/21 07:10,自运营,luckin coffee,
3518,吉买盛江湾店,(No.6209),虹口区逸仙路580号吉买盛商场一层,上海,08:00-20:30,08/01/21 07:10,自运营,luckin coffee,
3519,复旦北区体育馆超市店,(No.7122),杨浦区邯郸路220号复旦大学北区超市一层,上海,09:30-18:30,08/01/21 07:10,自运营,luckin coffee,
3520,宝隆一方大厦店,(No.0881),虹口区逸仙路158号宝隆一方大厦一层105-2室,上海,今日休息中,08/01/21 07:10,自运营,luckin coffee,
3521,中图蓝桥店,(No.2002),虹口区广纪路838号中图蓝桥创意园区1幢一层101室,上海,08:00-18:00,08/01/21 07:10,自运营,luckin coffee,
3522,同和国际大厦店,(No.0980),杨浦区国通路133号同和国际大厦一层大堂,上海,今日休息中,08/01/21 07:10,自运营,luckin coffee,
3523,杨浦复旦科技园店,(No.3274),杨浦区国泰路11号复旦科技园大厦主楼一层大堂,上海,今日休息中,08/01/21 07:10,自运营,luckin coffee,
3524,上海国际设计中心店,(No.4350),杨浦区国康路100号上海国际设计中心西楼一层102室,上海,08:00-18:30,08/01/21 07:10,自运营,luckin coffee,
3525,写意创意中心店,(No.2993),杨浦区四平路1147弄1号楼写意创意中心一层大堂,上海,08:00-18:00,08/01/21 07:10,自运营,luckin coffee,
3526,复旦大学南苑餐厅店,(No.6532),杨浦区五角场街道政肃路复旦大学南苑餐厅一层,上海,07:30-19:30,08/01/21 07:10,自运营,luckin coffee,
3527,荣广商务中心店,(No.4546),杨浦区荆州路280号一层122室,上海,08:00-18:00,08/01/21 07:10,自运营,luckin coffee,
3528,昇汇广场店,(No.7321),虹口区大连路555号昇汇广场一层大堂,上海,07:00-22:00,08/01/21 07:10,自运营,luckin coffee,
3529,中航天盛广场店,(No.1431),杨浦区政立路421号中航天盛广场一层大堂,上海,今日休息中,08/01/21 07:10,自运营,luckin coffee,
3530,曲阳百联店,(No.7080),虹口区曲阳路800号百联曲阳购物中心二层商场中庭,上海,10:00-21:30,08/01/21 07:10,自运营,luckin coffee,
3531,钢铁交易大厦店,(No.0517),杨浦区逸仙路9号上海钢铁交易大厦一层105室,上海,08:00-18:00,08/01/21 07:10,自运营,luckin coffee,
3532,明珠创意园店,(No.1945),虹口区广纪路615号火车头广场绿车厢一层113号,上海,08:00-18:00,08/01/21 07:10,自运营,luckin coffee,
3533,嘉和商务中心店,(No.0489),松江区文诚路358弄6号嘉和商务中心店一层大堂,上海,07:30-18:00,08/01/21 07:10,自运营,luckin coffee,
3534,上海松江区商业广场店,(No.A0630),松江区谷阳北路1425弄75号铺一层,上海,08:00-18:00,08/01/21 07:10,代运营,luckin coffee,
3535,开元地中海店,(No.3746),松江区新松江路927弄开元地中海商业广场二层2159A号,上海,09:30-21:00,08/01/21 07:10,自运营,luckin coffee,
3536,上海对外经贸大学店,(No.7062),松江区文翔路1900号对外经贸大学图书馆一层,上海,08:00-18:00,08/01/21 07:10,自运营,luckin coffee,
3537,上海外国语大学店,(No.B0048),松江区文翔路上海外国语大学师生文化活动中心西侧,上海,今日休息中,08/01/21 07:10,自运营,小鹿茶,
3538,上外思索店,(No.0983),松江区文翔路1550号上海外国语大学食堂三层,上海,09:00-18:00,08/01/21 07:10,自运营,luckin coffee,
3539,东华大学文汇路店,(No.6479),松江区 文汇路340号C号铺,上海,08:00-19:00,08/01/21 07:10,自运营,luckin coffee,
3540,同乐生活广场店,(No.6204),松江区同乐路399号3幢1F06室,上海,09:30-19:00,08/01/21 07:10,自运营,luckin coffee,
3541,中展璞荟店,(No.2946),松江区光星路1587号中展璞荟广场底商,上海,08:00-20:00,08/01/21 07:10,自运营,luckin coffee,
3542,松江万达店,(No.4549),松江区广富林路658号万达广场负一层,上海,08:00-21:00,08/01/21 07:10,自运营,luckin coffee,
3543,漕河泾汉桥文化科技园店,(No.2151),松江区九亭镇研展路455号漕河泾汉桥文化科技园2幢一层大堂,上海,08:00-18:00,08/01/21 07:10,自运营,luckin coffee,
3544,友喜高科技园区店,(No.2879),松江区文翔东路58号友喜高科技园区6幢一层,上海,今日休息中,08/01/21 07:10,自运营,luckin coffee,
3545,龙湖星悦荟店,(No.3748),闵行区银春路2221弄龙湖星悦荟5号底商,上海,09:00-21:00,08/01/21 07:10,自运营,luckin coffee,
3546,时尚谷创意园店,(No.3469),松江区鼎源路618弄时尚谷创意园一层88号101室,上海,今日休息中,08/01/21 07:10,自运营,luckin coffee,
3547,华东政法大学店,(No.6394),"松江区广富林街道三新北路1800弄9号楼北面商铺1006,1008",上海,08:30-18:30,08/01/21 07:10,自运营,luckin coffee,
3548,立信学院店,(No.1126),松江区文翔路2800号上海立信会计学院学子餐厅,上海,今日休息中,08/01/21 07:10,自运营,luckin coffee,
3549,上海工程技术大学店,(No.6292),松江区文汇路800弄综合楼底层01室,上海,08:30-19:00,08/01/21 07:10,自运营,luckin coffee,
3550,朱家角放生桥店,(No.7331),青浦区朱家角镇新风路268弄1号一层102室,上海,08:00-18:00,08/01/21 07:10,自运营,luckin coffee,
3551,上海吾悦广场店,(No.3778),青浦区淀山湖大道150弄88号吾悦广场金街一层,上海,10:00-20:30,08/01/21 07:10,自运营,luckin coffee,
3552,东方商厦店,(No.A0758),青浦区城中北路158号108室,上海,08:00-21:00,08/01/21 07:10,代运营,luckin coffee,
3553,其荟壹號店,(No.2586),青浦区青松路1号其荟壹號底商,上海,08:00-20:30,08/01/21 07:10,自运营,luckin coffee,
3554,青浦宝龙广场店,(No.A0529),青浦区崧雅路158弄25号,上海,09:00-20:00,08/01/21 07:10,代运营,luckin coffee,
3555,轻客众创空间店,(No.3629),松江区文汇路716号樱花广场轻客众创空间二层201室,上海,08:00-18:00,08/01/21 07:10,自运营,luckin coffee,
3556,上海光华路店,(No.A0556),闵行区光华路287号-2,上海,09:00-19:30,08/01/21 07:10,代运营,luckin coffee,
3557,如果创意园店,(No.0335),闵行区春东路508号IF如果创意园E栋一层106号,上海,07:00-19:00,08/01/21 07:10,自运营,luckin coffee,
3558,万达广场上海颛桥店,(No.6846),闵行区颛桥镇颛兴东路1570号万达广场上海颛桥店二层,上海,10:00-22:00,08/01/21 07:10,自运营,luckin coffee,
3559,中展大厦店,(No.0123),闵行区顾戴路2959号中展大厦一层大堂,上海,08:00-18:00,08/01/21 07:10,自运营,luckin coffee,
3560,中铁诺德国际中心店,(No.0914),闵行区秀文路908弄21号中铁诺德国际中心一层,上海,08:00-18:00,08/01/21 07:10,自运营,luckin coffee,
3561,九亭U天地店,(No.4497),松江区九亭镇蒲汇路178弄九亭U天地2号楼134室,上海,08:00-20:30,08/01/21 07:10,自运营,luckin coffee,
3562,凯德龙之梦莘庄店,(No.4850),闵行区沪闵路6088号莘庄凯德龙之梦负一层31号,上海,07:30-21:30,08/01/21 07:10,自运营,luckin coffee,
3563,九亭金地广场店,(No.7019),松江区沪亭北路99弄金地广场负一层1044-1商铺,上海,10:00-22:00,08/01/21 07:10,自运营,luckin coffee,
3564,维璟广场店,(No.0285),闵行区七莘路1507号维璟广场负一层001室,上海,10:00-20:30,08/01/21 07:10,自运营,luckin coffee,
3565,e通世界南区店,(No.3216),青浦区华徐公路685号e通世界南区C座一层102室,上海,08:00-18:00,08/01/21 07:10,自运营,luckin coffee,
3566,虹桥世界中心店,(No.3632),青浦区诸光路1588弄357号虹桥世界中心一层1号,上海,08:00-18:30,08/01/21 07:10,自运营,luckin coffee,
3567,万科虹桥云店,(No.0157),闵行区新龙路1333弄25号万科七宝国际一期一栋一层,上海,07:30-19:30,08/01/21 07:10,自运营,luckin coffee,
3568,宝虹中心店,(No.2591),闵行区中春路7755号宝虹中心一层大堂,上海,今日休息中,08/01/21 07:10,自运营,luckin coffee,
3569,七宝华润万家店,(No.6769),闵行区七莘路3155号1幢一层104室,上海,08:00-20:30,08/01/21 07:10,自运营,luckin coffee,
3570,巴黎春天七宝店,(No.2372),闵行区七莘路3755号巴黎春天七宝店底商,上海,08:00-20:30,08/01/21 07:10,自运营,luckin coffee,
3571,七宝宝龙店,(No.0067),闵行区新龙路405号七宝宝龙广场T3号楼一层,上海,07:30-20:00,08/01/21 07:10,自运营,luckin coffee,
3572,兆丰广场店,(No.3779),长宁区长宁路999号兆丰广场负一层近中山公园站6号口,上海,09:00-20:00,08/01/21 07:10,自运营,luckin coffee,
3573,玫瑰坊店,(No.1073),长宁区长宁路890号玫瑰坊商场一层F10室,上海,08:00-18:00,08/01/21 07:10,自运营,luckin coffee,
3574,龙之梦购物公园店,(No.6593),长宁区1018号龙之梦购物中心B2层k10号商铺,上海,08:30-21:30,08/01/21 07:10,自运营,luckin coffee,
3575,长宁来福士广场店,(No.2916),长宁区长宁路1123号来福士广场东区五层14/15号,上海,10:00-22:00,08/01/21 07:10,自运营,luckin coffee,
3576,大众金融大厦店,(No.2363),长宁区延安西路1023-1033号大众金融大厦一层104室,上海,08:00-18:30,08/01/21 07:10,自运营,luckin coffee,
3577,嘉利大厦店,(No.2211),长宁区延安西路1228弄2号嘉利大厦一层,上海,08:00-18:00,08/01/21 07:10,自运营,luckin coffee,
3578,延安西路店,(No.1305),长宁区轨道交通三号线延安西路站1号口,上海,07:30-20:00,08/01/21 07:10,自运营,luckin coffee,
3579,华东化工大厦店,(No.1804),长宁区江苏路591号华东化工大厦一层,上海,07:00-20:30,08/01/21 07:10,自运营,luckin coffee,
3580,万宝国际商务中心店,(No.2723),长宁区新华路664号25号万宝国际商务中心一层大堂,上海,今日休息中,08/01/21 07:10,自运营,luckin coffee,
3581,长峰中心店,(No.0083),长宁区延安西路1088号长峰中心一层101室,上海,07:30-18:00,08/01/21 07:10,自运营,luckin coffee,
3582,天山SOHO店,(No.0063),长宁区天山路1717号SOHO天山广场一层101-102号,上海,08:00-19:00,08/01/21 07:10,自运营,luckin coffee,
3583,凌空SOHO二号楼店,(No.6478),长宁区新泾镇金钟路968号凌空SOHO2号楼104B号铺,上海,08:00-18:00,08/01/21 07:10,自运营,luckin coffee,
3584,中山国际广场店,(No.2980),长宁区天山西路789号中山国际广场B栋一层大堂,上海,07:00-18:00,08/01/21 07:10,自运营,luckin coffee,
3585,西郊商务园店,(No.0501),嘉定区天创路96号西郊商务园C2区35号一层,上海,08:00-18:00,08/01/21 07:10,自运营,luckin coffee,
3586,凌空SOHO九号楼店,(No.0291),长宁区金钟路968号凌空SOHO9号楼负一层C09、C10号,上海,08:00-18:00,08/01/21 07:10,自运营,luckin coffee,
3587,江桥万达家乐福店,(No.4237),嘉定区金沙江西路1075弄17号家乐福一层,上海,08:00-21:00,08/01/21 07:10,自运营,luckin coffee,
3588,河畔花园店,(No.A1091),长宁区周家桥街道水城路883弄1号会所西入口,上海,08:30-20:30,08/01/21 07:10,代运营,luckin coffee,
3589,光华大厦店,(No.1202),长宁区茅台路876号光华大厦一层A1室,上海,07:30-18:00,08/01/21 07:10,自运营,luckin coffee,
3590,长宁科技大楼店,(No.2672),长宁区天山支路201号长宁科技大楼一层大堂,上海,08:00-18:00,08/01/21 07:10,自运营,luckin coffee,
3591,思创大厦店,(No.3183),长宁区天山路600弄思创大厦4号楼一层大堂,上海,今日休息中,08/01/21 07:10,自运营,luckin coffee,
3592,赢华国际广场店,(No.2895),普陀区光复西路2899弄赢华国际广场8号楼一层,上海,今日休息中,08/01/21 07:10,自运营,luckin coffee,
3593,长风嘉庭国际店,(No.0965),普陀区云岭东路391弄3号长风嘉庭国际一层大堂,上海,今日休息中,08/01/21 07:10,自运营,luckin coffee,
3594,家乐福天山路店,(No.2421),长宁区蒲淞北路18号家乐福超市负一层B103室,上海,09:00-20:00,08/01/21 07:10,自运营,luckin coffee,
3595,宝燕商城虹中路店,(No.2290),闵行区虹中路535号宝燕商城一层107号,上海,07:30-18:30,08/01/21 07:10,自运营,luckin coffee,
3596,古北家乐福店,(No.4637),长宁区水城南路262号古北家乐福一层,上海,08:30-20:30,08/01/21 07:10,自运营,luckin coffee,
3597,上海星空广场店,(No.6770),长宁区虹桥路1665号星空广场1层B114室,上海,10:00-20:30,08/01/21 07:10,自运营,luckin coffee,
3598,虹桥总部一号店,(No.0072),闵行区紫秀路100号虹桥总部5号楼一层,上海,08:00-18:00,08/01/21 07:10,自运营,luckin coffee,
3599,吴中大厦店,(No.0384),闵行区吴中路618号吴中大厦一层101室,上海,08:00-18:00,08/01/21 07:10,自运营,luckin coffee,
3600,古北1699店,(No.2731),闵行区古北路1699号古北1699负一层B123-3室上影影城内,上海,10:00-20:00,08/01/21 07:10,自运营,luckin coffee,
3601,中国东方出版中心店,(No.3401),长宁区仙霞路345号东方出版中心一层大堂,上海,07:00-18:00,08/01/21 07:10,自运营,luckin coffee,
3602,古北SOHO店,(No.6411),长宁区虹桥路街道红宝石路188号3幢的古北 SOHOB1-05室,上海,09:00-18:00,08/01/21 07:10,自运营,luckin coffee,
3603,百盛优客店,(No.1288),长宁区天山路789号百盛优客城市广场五层E02室,上海,10:00-21:30,08/01/21 07:10,自运营,luckin coffee,
3604,金虹桥店,(No.2438),长宁区茅台路179号金虹桥商场负一层LG1011,上海,10:30-20:00,08/01/21 07:10,自运营,luckin coffee,
3605,远东国际广场店,(No.0690),长宁区仙霞路319号远东国际广场A栋一层101室,上海,08:00-18:00,08/01/21 07:10,自运营,luckin coffee,
3606,协泰中心店,(No.3470),长宁区遵义南路88号协泰中心一层大堂,上海,08:00-18:00,08/01/21 07:10,自运营,luckin coffee,
3607,KING88广场店,(No.2495),长宁区长宁路88号King88广场负一层B1-09-01室,上海,08:30-19:00,08/01/21 07:10,自运营,luckin coffee,
3608,悦达889广场店,(No.7209),静安区万航渡路889号悦达889广场B1层blt超市,上海,10:00-21:00,08/01/21 07:10,自运营,luckin coffee,
3609,绿地静安柒彩里店,(No.2399),静安区万航渡路838号绿地静安柒彩里一层,上海,10:00-21:00,08/01/21 07:10,自运营,luckin coffee,
3610,盛泉大楼店,(No.2698),普陀区谈家渡路28号盛泉大厦一层大堂,上海,08:00-18:00,08/01/21 07:10,自运营,luckin coffee,
3611,绿地和创大厦店,(No.3678),普陀区曹杨路450号绿地和创大厦负一层创食季美食广场,上海,08:00-18:00,08/01/21 07:10,自运营,luckin coffee,
3612,燎申虹桥国际中心店,(No.1675),闵行区虹井路288号燎申虹桥国际中心B座一层大堂,上海,08:00-18:00,08/01/21 07:10,自运营,luckin coffee,
3613,上海爱琴海店,(No.3670),闵行区虹井路120弄5号爱琴海购物公园一层W188铺,上海,08:00-21:30,08/01/21 07:10,自运营,luckin coffee,
3614,莱茵虹景中心店,(No.6854),闵行区吴中路1439号莱茵虹景中心一层大堂,上海,08:00-18:00,08/01/21 07:10,自运营,luckin coffee,
3615,虹桥机场T2店,(No.2924),闵行区虹桥机场2号候机楼T2一层公众区,上海,07:00-22:00,08/01/21 07:10,自运营,luckin coffee,
3616,苏宁天御国际广场店,(No.1628),普陀区丹巴路99号苏宁天御国际广场A2座一层105号,上海,今日休息中,08/01/21 07:10,自运营,luckin coffee,
3617,胶州大楼店,(No.1872),静安区胶州路58号胶州大楼一层,上海,08:00-18:00,08/01/21 07:10,自运营,luckin coffee,
3618,华祺大厦店,(No.0079),静安区武定路969号华祺大厦一层大堂吧台3、4号,上海,08:00-19:00,08/01/21 07:10,自运营,luckin coffee,
3619,德安大厦商务中心店,(No.2531),静安区昌平路669号德安大厦底商,上海,07:30-18:00,08/01/21 07:10,自运营,luckin coffee,
3620,银发大厦店,(No.1435),静安区北京西路1068号银发大厦一层大堂,上海,今日休息中,08/01/21 07:10,自运营,luckin coffee,
3621,泰府名邸店,(No.2130),静安区武定路268号泰府名邸底商 ,上海,08:00-18:00,08/01/21 07:10,自运营,luckin coffee,
3622,嘉里不夜城企业中心店,(No.2412),静安区共和路219号嘉里不夜城企业中心2座底商,上海,08:00-19:00,08/01/21 07:10,自运营,luckin coffee,
3623,源达大厦店,(No.1996),普陀区长寿路360号源达大厦一层大堂,上海,08:00-18:00,08/01/21 07:10,自运营,luckin coffee,
3624,金赢108创意园店,(No.2131),静安区平型关路126号金赢108创意广场银座一层,上海,07:00-19:30,08/01/21 07:10,自运营,luckin coffee,
3625,壹丰广场店,(No.2173),虹口区四川北路1363号壹丰广场一层B06室,上海,09:00-20:00,08/01/21 07:10,自运营,luckin coffee,
3626,海泰时代大厦店,(No.0649),虹口区武进路289号海泰时代大厦一层107室第五空间内,上海,08:00-18:00,08/01/21 07:10,自运营,luckin coffee,
3627,高宝大厦店,(No.4910),虹口区四川北路1666号高宝大厦一层大堂,上海,08:00-18:00,08/01/21 07:10,自运营,luckin coffee,
3628,上海中信广场店,(No.0831),虹口区四川北路865号中信广场一层101-D号,上海,今日休息中,08/01/21 07:10,自运营,luckin coffee,
3629,虹口SOHO店,(No.2224),虹口区乍浦路512号虹口SOHO底商,上海,今日休息中,08/01/21 07:10,自运营,luckin coffee,
3630,半岛湾产业园店,(No.3640),虹口区溧阳路735号半岛湾产业园2幢一层2105室,上海,08:00-18:00,08/01/21 07:10,自运营,luckin coffee,
3631,荣德大厦店,(No.1644),峨眉路315号荣德大厦一层102号,上海,今日休息中,08/01/21 07:10,自运营,luckin coffee,
3632,共和国际商务广场店,(No.3423),静安区共和新路3699号共和国际商务广场A栋南门一层大堂,上海,08:00-18:00,08/01/21 07:10,自运营,luckin coffee,
3633,美邦大楼店,(No.1372),静安区江场西路160号美邦大楼一层101-20室,上海,08:00-18:30,08/01/21 07:10,自运营,luckin coffee,
3634,晋润海棠大厦店,(No.0572),静安区江场西路307号晋润海棠大厦一层,上海,08:00-18:00,08/01/21 07:10,自运营,luckin coffee,
3635,协信星光广场店,(No.1528),静安区江场路1228弄协信星光广场北里一层NL152,上海,09:30-21:30,08/01/21 07:10,自运营,luckin coffee,
3636,锦荣国际大酒店店,(No.2432),静安区共和新路2750号锦荣商务中心一层底商,上海,08:00-18:00,08/01/21 07:10,自运营,luckin coffee,
3637,大宁财智中心店,(No.0456),静安区灵石路658号大宁财智中心大堂一层,上海,今日休息中,08/01/21 07:10,自运营,luckin coffee,
3638,花园坊产业园店,(No.1740),虹口区中山北一路121号花园坊产业园A2栋一层1024室,上海,07:30-18:00,08/01/21 07:10,自运营,luckin coffee,
3639,东方环球中心店,(No.0132),静安区永和路118弄43号东方环球中心一层102室,上海,08:00-18:00,08/01/21 07:10,自运营,luckin coffee,
3640,绿地创客店,(No.2435),虹口区东江湾路167号绿地创客底商,上海,08:00-20:30,08/01/21 07:10,自运营,luckin coffee,
3641,甜爱坊店,(No.1627),虹口区甜爱支路24号-50号甜爱坊一层103甲室,上海,08:00-18:30,08/01/21 07:10,自运营,luckin coffee,
3642,法兰桥创意园店,(No.4204),虹口区欧阳路196号法兰桥创意园10号楼一层大堂,上海,今日休息中,08/01/21 07:10,自运营,luckin coffee,
3643,西部大厦店,(No.2403),普陀区长寿路767号西部大厦一层大堂,上海,08:00-18:00,08/01/21 07:10,自运营,luckin coffee,
3644,市北云立方产业园店,(No.4545),静安区万荣路1268号市北云立方产业园A座102室,上海,08:00-18:00,08/01/21 07:10,自运营,luckin coffee,
3645,市北高新园区店,(No.2217),静安区万荣路1228号拾月餐厅底商,上海,今日休息中,08/01/21 07:10,自运营,luckin coffee,
3646,永融企业中心店,(No.1805),虹口区潥阳路1111号永融企业中心一层大堂,上海,今日休息中,08/01/21 07:10,自运营,luckin coffee,
3647,金融街海伦中心店,(No.1989),虹口区四平路96号金融海伦中心E楼底商,上海,08:00-19:00,08/01/21 07:10,自运营,luckin coffee,
3648,恒利国际大厦店,(No.0068),静安区成都北路189号恒利国际大厦一层大堂,上海,08:00-18:00,08/01/21 07:10,自运营,luckin coffee,
3649,大世界城店,(No.0071),虹口区四平路228号上海大世界城一层107～108号,上海,08:00-18:00,08/01/21 07:10,自运营,luckin coffee,
3650,建邦大厦店,(No.1739),虹口区虹关路368号上海艾格瑞服务式公寓一层102-1室,上海,08:00-18:00,08/01/21 07:10,自运营,luckin coffee,
3651,上海合生财富广场店,(No.1799),虹口区大连路839号合生财富广场A座一层大堂,上海,今日休息中,08/01/21 07:10,自运营,luckin coffee,
3652,北外滩来福士城市集市店,(No.7013),虹口区东大名路999号北外滩来福士广场负二层城市集市美食广场B4室,上海,10:30-21:30,08/01/21 07:10,自运营,luckin coffee,
3653,图书馆大厦店,(No.2160),虹口区水电路1376号凉城商办中心一层2室,上海,08:00-18:30,08/01/21 07:10,自运营,luckin coffee,
3654,复旦叶耀珍楼超市店,(No.7121),杨浦区邯郸路220号复旦大学叶耀珍楼一层,上海,09:30-18:30,08/01/21 07:10,自运营,luckin coffee,
3655,颐高数码广场店,(No.0470),杨浦区邯郸路365号颐高数码广场一层,上海,08:00-18:00,08/01/21 07:10,自运营,luckin coffee,
3656,上海绿地科技岛店,(No.A1207),闵行区广通路66弄2号113室底商,上海,07:30-18:30,08/01/21 07:10,代运营,luckin coffee,
3657,绿地中庚漫游城店,(No.1646),闵行区闵虹路8号中庚绿地优鲜店负一层111室,上海,10:00-21:00,08/01/21 07:10,自运营,luckin coffee,
3658,古美爵士文化广场店,(No.3029),闵行区顾戴路1166号古美爵士文化广场底商,上海,07:00-20:30,08/01/21 07:10,自运营,luckin coffee,
3659,建工汇豪大厦店,(No.0648),徐汇区吴中路51号建工汇豪大厦一层大堂,上海,今日休息中,08/01/21 07:10,自运营,luckin coffee,
3660,海螺大厦店,(No.3033),长宁区中山西路1281号海螺大厦底商,上海,今日休息中,08/01/21 07:10,自运营,luckin coffee,
3661,云峰大厦店,(No.0290),闵行区吴中路478号 云峰大厦 一层102室,上海,08:00-18:00,08/01/21 07:10,自运营,luckin coffee,
3662,天源大厦店,(No.1005),徐汇区吴中东路555号一层101室,上海,今日休息中,08/01/21 07:10,自运营,luckin coffee,
3663,百丽国际广场店,(No.0949),徐汇区柳州路928号百丽国际广场一层101乙室,上海,今日休息中,08/01/21 07:10,自运营,luckin coffee,
3664,中山SOHO店,(No.0464),长宁区中山西路1055号中山SOHOA座二层a204室,上海,今日休息中,08/01/21 07:10,自运营,luckin coffee,
3665,大众大厦店,(No.0706),徐汇区中山西路1515号大众大厦1幢一层 102室,上海,今日休息中,08/01/21 07:10,自运营,luckin coffee,
3666,绿亮科创园店,(No.0077),闵行区虹梅南路2588号一层A101、A102室,上海,08:00-18:00,08/01/21 07:10,自运营,luckin coffee,
3667,中环科技园店,(No.0076),闵行区兴梅路485号中环科技园一层102室,上海,08:00-18:00,08/01/21 07:10,自运营,luckin coffee,
3668,龙湖上海闵行天街店,(No.6085),闵行区颛桥镇剑川路1000弄二层A-2F-C04,上海,10:00-21:30,08/01/21 07:10,自运营,luckin coffee,
3669,龙盛国际广场店,(No.1155),闵行区都市路3759号龙盛国际商业广场一层124A室,上海,08:00-21:30,08/01/21 07:10,自运营,luckin coffee,
3670,凤凰大楼店,(No.6577),徐汇区漕田洲路漕河泾凤凰园二次方食堂二层,上海,今日休息中,08/01/21 07:10,自运营,luckin coffee,
3671,漕河泾现代服务园区店,(No.1727),徐汇区古美路1528号漕河泾现代服务业园区7幢一层101B号,上海,08:00-18:00,08/01/21 07:10,自运营,luckin coffee,
3672,宝石园店,(No.0610),徐汇区古美路1595号宝石园27号楼负一层员工餐厅,上海,08:00-18:00,08/01/21 07:10,自运营,luckin coffee,
3673,漕河泾生活二次方店,(No.6753),徐汇区桂平路391号1号楼漕河泾生活二次方二层214铺位,上海,08:00-18:00,08/01/21 07:10,自运营,luckin coffee,
3674,腾骏德必易园店,(No.3711),徐汇区古美路1658号6B栋一层101室,上海,08:00-18:00,08/01/21 07:10,自运营,luckin coffee,
3675,科技绿洲广场店,(No.6542),闵行区虹桥镇宜山路2008号科技绿洲三期生活二次方精选食社B1层美食广场,上海,今日休息中,08/01/21 07:10,自运营,luckin coffee,
3676,泓茂中心店,(No.2401),闵行区万源路2138号泓茂中心一层103单元,上海,今日休息中,08/01/21 07:10,自运营,luckin coffee,
3677,漕河泾齐来科技园店,(No.A1074),徐汇区宜山路889号8幢门卫室2室,上海,08:00-18:00,08/01/21 07:10,代运营,luckin coffee,
3678,科技产业化大楼店,(No.6612),徐汇区宜山路900号科技产业化大楼C楼三层生活二次方内,上海,今日休息中,08/01/21 07:10,自运营,luckin coffee,
3679,青浦光明荟店,(No.6258),青浦区华新镇新府中路1399弄25号102室光明荟大堂,上海,09:00-20:30,08/01/21 07:10,自运营,luckin coffee,
3680,华泰中心店,(No.4236),江桥镇金运路183号华泰中心一层,上海,08:00-19:30,08/01/21 07:10,自运营,luckin coffee,
3681,中骏广场店,(No.1201),闵行区迁虹路165号中骏广场1期一层165号,上海,08:00-18:00,08/01/21 07:10,自运营,luckin coffee,
3682,阿里中心店,(No.2119),闵行区申长路1398弄1-4号阿里中心大厦T1幢底商,上海,今日休息中,08/01/21 07:10,自运营,luckin coffee,
3683,上海新华联购物中心店,(No.C0432),上海市闵行区申滨路473号新华联购物中心负一层19号,上海,今日休息中,08/01/21 07:10,代运营,小鹿茶,
3684,虹桥协信中心店,(No.3002),闵行区申虹路671号虹桥协信中心T2幢底商,上海,08:00-18:00,08/01/21 07:10,自运营,luckin coffee,
3685,虹桥万科中心店,(No.3192),闵行区申长路988弄1号虹桥万科中心一层107室,上海,08:00-18:00,08/01/21 07:10,自运营,luckin coffee,
3686,国家会展中心店,(No.0709),青浦区涞港路181号国家会展中心B栋一层大堂,上海,今日休息中,08/01/21 07:10,自运营,luckin coffee,
3687,浦江科技广场2号楼店,(No.3552),闵行区陈行路2388号2幢102室,上海,08:00-18:00,08/01/21 07:10,自运营,luckin coffee,
3688,金臣中心店,(No.2014),闵行区甬虹路78弄2号金臣中心底商,上海,今日休息中,08/01/21 07:10,自运营,luckin coffee,
3689,百联南方购物中心店,(No.7116),闵行区沪闵路7388号百联南方购物中心二层G04-F02,上海,09:30-21:30,08/01/21 07:10,自运营,luckin coffee,
3690,莲花国际广场店,(No.2929),闵行区沪闵路7866号莲花国际广场负一层B1-24号,上海,10:00-21:00,08/01/21 07:10,自运营,luckin coffee,
3691,上海体育馆店,(No.3568),徐汇区漕溪北路1200号地铁1号线上海体育馆站7号口负一层,上海,08:00-18:00,08/01/21 07:10,自运营,luckin coffee,
3692,上海飞洲国际广场店,(No.6293),徐汇区零陵路899号飞洲国际广场负一层B145号,上海,08:00-20:00,08/01/21 07:10,自运营,luckin coffee,
3693,光启文化广场店,(No.0075),徐汇区斜土路2899号光启文化广场B座一层大堂,上海,07:00-18:00,08/01/21 07:10,自运营,luckin coffee,
3694,汇阳广场店,(No.0529),徐汇区田林东路55号汇阳广场一层大堂,上海,07:00-18:00,08/01/21 07:10,自运营,luckin coffee,
3695,盛源恒华大厦店,(No.3631),徐汇区文定路200号2栋盛源恒华大厦办公楼一层A区大堂,上海,今日休息中,08/01/21 07:10,自运营,luckin coffee,
3696,光启城家乐福店,(No.4231),徐汇区宜山路455号大华光启城负一层120-121号,上海,10:00-21:00,08/01/21 07:10,自运营,luckin coffee,
3697,嘉汇国际广场店,(No.2140),徐汇区天钥桥路327号嘉汇国际广场F栋嘉食汇一层,上海,08:00-18:00,08/01/21 07:10,自运营,luckin coffee,
3698,景鸿大楼店,(No.0455),徐汇区宜山路508号景鸿大楼一层大堂,上海,08:00-18:00,08/01/21 07:10,自运营,luckin coffee,
3699,虹梅国际广场店,(No.1289),徐汇区田林路105号虹梅国际广场一层1289号,上海,10:00-20:00,08/01/21 07:10,自运营,luckin coffee,
3700,华鑫天地永辉超市店,(No.6905),徐汇区田林路200号A5号楼一层104,上海,07:00-20:00,08/01/21 07:10,自运营,luckin coffee,
3701,田林坊店,(No.2136),徐汇区田林路130号田林坊81栋一层大堂,上海,08:00-19:30,08/01/21 07:10,自运营,luckin coffee,
3702,华鑫中心店,(No.0789),徐汇区宜山路717号华鑫中心一层1018、1022室,上海,今日休息中,08/01/21 07:10,自运营,luckin coffee,
3703,上师大徐汇校区店,(No.6211),徐汇区桂林路81号上海师范大学东部紫薇苑食堂二层,上海,10:00-19:30,08/01/21 07:10,自运营,luckin coffee,
3704,虹桥路店,(No.2142),长宁区凯旋路1540号轨道交通三号线虹桥路站一层,上海,08:00-20:00,08/01/21 07:10,自运营,luckin coffee,
3705,华闻国际大厦店,(No.0829),长宁区中山西路999号华闻国际大厦一层大堂,上海,今日休息中,08/01/21 07:10,自运营,luckin coffee,
3706,上海软件大厦店,(No.6541),徐汇区漕河泾新兴技术开发区漕河泾软件大厦虹钦园美食广场1层,上海,今日休息中,08/01/21 07:10,自运营,luckin coffee,
3707,绿地缤纷城店,(No.0552),徐汇区龙华中路759号绿地缤纷城西区负一层吃喝研究所W-B122号,上海,10:00-19:30,08/01/21 07:10,自运营,luckin coffee,
3708,宏润大厦店,(No.1897),徐汇区龙漕路200弄28号宏润大厦1幢一层102室,上海,07:30-18:00,08/01/21 07:10,自运营,luckin coffee,
3709,正大乐城店,(No.0809),徐汇区龙华中路598号6-102-1号,上海,08:00-21:00,08/01/21 07:10,自运营,luckin coffee,
3710,五洲国际大厦店,(No.0080),徐汇区肇嘉浜路807号五洲国际大厦一层大堂,上海,08:00-18:00,08/01/21 07:10,自运营,luckin coffee,
3711,建科大厦店,(No.0334),徐汇区宛平南路75号建科大厦一层101室,上海,今日休息中,08/01/21 07:10,自运营,luckin coffee,
3712,漕宝路日月光店,(No.1010),徐汇区漕宝路33号日月光购物中心B座一层26-27室,上海,08:00-21:30,08/01/21 07:10,自运营,luckin coffee,
3713,汇金百货肇嘉浜路店,(No.2402),徐汇区衡山路909号汇金百货负一层A2号,上海,09:30-20:00,08/01/21 07:10,自运营,luckin coffee,
3714,建汇大厦店,(No.1187),徐汇区衡山路922号建汇大厦负一层,上海,08:00-20:00,08/01/21 07:10,自运营,luckin coffee,
3715,华东理工科技园店,(No.2163),徐汇区嘉川路245号3号楼上海纳米技术孵化基地一层大堂,上海,08:00-18:30,08/01/21 07:10,自运营,luckin coffee,
3716,华东理工大学商学院店,(No.4728),徐汇区梅陇路130号华东理工大学商学院一层大堂,上海,07:30-18:30,08/01/21 07:10,自运营,luckin coffee,
3717,上海南站店,(No.3354),徐汇区沪闵路9001号地铁一号线上海南站站4号口闸机内需进站,上海,08:00-18:30,08/01/21 07:10,自运营,luckin coffee,
3718,第六人民医院店,(No.4608),徐汇区宜山路600号第六人民医院15号楼科研综合楼一层大堂,上海,07:30-18:00,08/01/21 07:10,自运营,luckin coffee,
3719,数娱大厦店,(No.2253),徐汇区番禺路1028号数娱大厦一层103室,上海,今日休息中,08/01/21 07:10,自运营,luckin coffee,
3720,联峰汇大厦店,(No.2405),徐汇区广元西路315号联峰汇大厦底商,上海,今日休息中,08/01/21 07:10,自运营,luckin coffee,
3721,慧谷创业大厦店,(No.1738),徐汇区虹桥路333号慧谷创业大厦一层103室,上海,08:00-18:00,08/01/21 07:10,自运营,luckin coffee,
3722,百联徐汇商业广场店,(No.2549),徐汇区华山路2018号百联徐汇商业广场负一层魔都食代,上海,10:00-20:00,08/01/21 07:10,自运营,luckin coffee,
3723,中星城店,(No.1433),徐汇区柳州路77号中星城家乐福一层大堂,上海,08:30-20:30,08/01/21 07:10,自运营,luckin coffee,
3724,e通世界华新园店,(No.2684),青浦区华隆路1777号e通世界商务园华新园M座服务中心一层大堂,上海,08:00-18:00,08/01/21 07:10,自运营,luckin coffee,
3725,昆山绿地杰座店,(No.4264),昆山市绿地大道217号绿地杰座8号楼一层大堂,上海,08:00-18:00,08/01/21 07:10,自运营,luckin coffee,
3726,昆山花桥建滔广场店,(No.2840),昆山市光明路505号花桥建滔广场B座一层大堂,上海,08:00-18:00,08/01/21 07:10,自运营,luckin coffee,
3727,苏大周庄校区店,(No.A1039),周庄镇大学路一号苏州大学应用技术学院柚子林餐厅,上海,今日休息中,08/01/21 07:10,代运营,luckin coffee,
3728,苏州甪直古镇店,(No.A0088),吴中区甪直镇晓市路19号100室商铺,上海,09:00-21:00,08/01/21 07:10,代运营,luckin coffee,
3729,张浦银都广场店,(No.A0018),张浦镇银都商业广场1幢9号商铺,上海,09:00-21:00,08/01/21 07:10,代运营,luckin coffee,
3730,昆山中科创新广场店,(No.A0313),昆山市花桥镇中科创新广场1号楼A座1楼大厅,上海,09:00-18:00,08/01/21 07:10,代运营,luckin coffee,
3731,丽园君悦店,(No.A1823),芗城区南昌中路丽园君悦店面3栋D08号,漳州,09:00-22:30,08/01/21 07:10,代运营,luckin coffee,
3732,闽师大学生街店,(No.A1330),芗城区县后路3-14号,漳州,09:00-22:30,08/01/21 07:10,代运营,luckin coffee,
3733,漳州碧湖万达店,(No.A0059),龙文区碧湖万达广场金街5号门D022号杨国福斜对面,漳州,10:00-22:00,08/01/21 07:10,代运营,luckin coffee,
3734,漳州西洋学生公寓店,(No.A0902),芗城区大学北路西洋公寓A4栋1号店面,漳州,今日休息中,08/01/21 07:10,代运营,luckin coffee,
3735,漳州新都城市广场店,(No.A0667),漳浦县绥安镇金浦大道西侧漳浦新都城市广场-商业区5幢D106号,漳州,09:00-22:30,08/01/21 07:10,代运营,luckin coffee,
3736,厦门大学嘉庚学院店,(No.A1154),厦门大学漳州校区学术交流中心商业街1号店铺之一,漳州,今日休息中,08/01/21 07:10,代运营,luckin coffee,
3737,厦大漳州校区南区店,(No.A1443),龙海区招商局漳州开发区厦门大学嘉庚学院南区食堂5号店面,漳州,今日休息中,08/01/21 07:10,代运营,luckin coffee,
3738,云霄复兴西路店,(No.A1984),敬请期待!,漳州,08:00-18:00,08/01/21 07:10,代运营,luckin coffee,
3739,鞍山新玛特店,(No.A0577),铁东区胜利南路42栋1层S15号011,鞍山,09:00-20:00,08/01/21 07:10,代运营,luckin coffee,
3740,鞍山铁西苏宁店,(No.A1279),铁西区八家子街道人民路81号苏宁生活广场1层102A1号铺位,鞍山,08:30-20:00,08/01/21 07:10,代运营,luckin coffee,
3741,鞍山大悦城店,(No.A1216),立山区胜利北路368号6层620号商铺,鞍山,10:00-21:00,08/01/21 07:10,代运营,luckin coffee,
3742,鞍山万达广场店,(No.A1268),立山区千山中路278甲号万达广场1A层1A001A号,鞍山,09:30-21:00,08/01/21 07:10,代运营,luckin coffee,
3743,高新区科技大学店,(No.A0920),铁东区千山中路290栋s3,鞍山,08:30-20:30,08/01/21 07:10,代运营,luckin coffee,
3744,鞍山华润万象汇店,(No.A2116),敬请期待!,鞍山,08:00-18:00,08/01/21 07:10,代运营,luckin coffee,
3745,辽阳友谊商城店,(No.A1267),白塔区新运大街73号友谊商城一层A1003号商铺,鞍山,09:00-20:30,08/01/21 07:10,代运营,luckin coffee,
3746,辽阳万达广场店,(No.A0618),白塔区新运大街333号辽阳万达广场室内步行街三层3033A号,鞍山,09:30-21:00,08/01/21 07:10,代运营,luckin coffee,
3747,鹰展假日广场店,(No.A0374),赤坎区海北路九号之一湛江鹰展假日广场三层006号商铺,湛江,10:00-22:00,08/01/21 07:10,代运营,luckin coffee,
3748,湛江金沙湾丽悦店,(No.A0759),赤坎区观海北路18号丽悦新天购物中心一层东门023A,湛江,09:30-22:00,08/01/21 07:10,代运营,luckin coffee,
3749,湛江万达广场店,(No.A0202),开发区海滨大道中128号万达广场购物中心3号门一层15号,湛江,10:00-22:00,08/01/21 07:10,代运营,luckin coffee,
3750,海洋大学寸金学院店,(No.A1188),麻章区湖光农场圣希小镇,湛江,今日休息中,08/01/21 07:10,代运营,luckin coffee,
3751,广东海洋大学店,(No.A1602),敬请期待!,湛江,08:00-18:00,08/01/21 07:10,代运营,luckin coffee,
3752,海大商业街店,(No.A1992),敬请期待!,湛江,08:00-18:00,08/01/21 07:10,代运营,luckin coffee,
3753,滕州万达广场店,(No.A1892),滕州市龙泉街道滕州万达广场3F西首-3109,枣庄,10:00-22:00,08/01/21 07:10,代运营,luckin coffee,
3754,滕州中万国际广场店,(No.A1528),敬请期待!,枣庄,08:00-18:00,08/01/21 07:10,代运营,luckin coffee,
3755,滕州中万广场店,(No.A2088),敬请期待!,枣庄,08:00-18:00,08/01/21 07:10,代运营,luckin coffee,
3756,雅安温州商城店,(No.A1365),雨城区中大街29号1层附12号,雅安,09:30-21:30,08/01/21 07:10,代运营,luckin coffee,
3757,四川农业大学雅安校区店,(No.A1366),雨城区新康路11栋1层8号,雅安,09:00-21:30,08/01/21 07:10,代运营,luckin coffee,
3758,雅安万达广场店,(No.A1973),四川省雅安市雨城区青江街道四川雅安万达广场二楼吉选超市303-6商铺,雅安,10:00-21:30,08/01/21 07:10,代运营,luckin coffee,
3759,雅职院商业街店,(No.A1920),雨城区青江街道雨城和平南街一层35号商铺,雅安,09:00-21:30,08/01/21 07:10,代运营,luckin coffee,
3760,荥经财富中心广场店,(No.A2034),敬请期待!,雅安,今日休息中,08/01/21 07:10,代运营,luckin coffee,
3761,呼市海亮店,(No.A1161),回民区中山西路1号时尚摩尔街负一层AU011号,呼和浩特,10:00-21:00,08/01/21 07:10,代运营,luckin coffee,
3762,内蒙古大学店,(No.A1935),赛罕区大学西路街道内蒙古大学内奥都时尚美食广场一层,呼和浩特,10:30-19:00,08/01/21 07:10,代运营,luckin coffee,
3763,呼和浩特师大附中店,(No.A1332),赛罕区大学西路附中东巷底商,呼和浩特,08:00-23:00,08/01/21 07:10,代运营,luckin coffee,
3764,内蒙古师大校内店,(No.A1852),赛罕区昭乌达路81号师范大学后勤集团行政4号楼一层,呼和浩特,10:30-19:30,08/01/21 07:10,代运营,luckin coffee,
3765,赛罕区维多利摩尔城店,(No.A1322),内蒙古自治区呼和浩特市赛罕区新华东街维多利摩尔地下城SH-017号铺位,呼和浩特,09:30-21:00,08/01/21 07:10,代运营,luckin coffee,
3766,内蒙古师范大学店,(No.A1228),敬请期待!,呼和浩特,08:00-18:00,08/01/21 07:10,代运营,luckin coffee,
3767,内蒙古农大西校区店,(No.A2074),敬请期待!,呼和浩特,08:00-18:00,08/01/21 07:10,代运营,luckin coffee,
3768,内蒙古财经大学店,(No.A1895),敬请期待!,呼和浩特,08:00-18:00,08/01/21 07:10,代运营,luckin coffee,
3769,呼市金隅环球中心店,(No.A2042),敬请期待!,呼和浩特,08:00-18:00,08/01/21 07:10,代运营,luckin coffee,
3770,赛罕万达广场店,(No.A2053),敬请期待!,呼和浩特,08:00-18:00,08/01/21 07:10,代运营,luckin coffee,
3771,呼市绿地腾飞大厦店,(No.A2048),敬请期待!,呼和浩特,08:00-18:00,08/01/21 07:10,代运营,luckin coffee,
3772,铜陵八佰伴生活广场店,(No.A1049),郊区石城大道与翠湖一路交汇处嘉华广场1栋三层C2028号,铜陵,09:30-21:00,08/01/21 07:10,代运营,luckin coffee,
3773,星光珠宝城店,(No.A1404),城区西园街道雪松大道210号星光珠宝城一层,驻马店,08:30-22:00,08/01/21 07:10,代运营,luckin coffee,
3774,驻马店大商新玛特总店,(No.A1863),驿城区新华街道新玛特总店壹层1号场地,驻马店,10:00-22:00,08/01/21 07:10,代运营,luckin coffee,
3775,爱克CBD玖隆茂店,(No.A0399),乐山路1096号爱克CBD玖隆茂购物中心一楼,驻马店,08:30-23:00,08/01/21 07:10,代运营,luckin coffee,
3776,驻马店大商新玛特店,(No.A1232),敬请期待!,驻马店,08:00-18:00,08/01/21 07:10,代运营,luckin coffee,
3777,昆山中茵世贸广场店,(No.2820),昆山市中山路138号中茵世贸广场写字楼一层大堂,昆山(苏州),07:30-20:00,08/01/21 07:10,自运营,luckin coffee,
3778,昆山万达广场店,(No.3080),昆山市青阳北路238号万达广场一层L1-16室,昆山(苏州),10:00-21:30,08/01/21 07:10,自运营,luckin coffee,
3779,昆山琨华国际广场店,(No.3094),昆山市衡山路58号琨华国际商业广场3号楼一层大堂,昆山(苏州),08:30-17:00,08/01/21 07:10,自运营,luckin coffee,
3780,昆山国际信息城店,(No.3129),昆山市金捷路9号国际信息城一层A105室,昆山(苏州),08:00-18:00,08/01/21 07:10,自运营,luckin coffee,
3781,昆山巴比伦国际广场店,(No.3532),昆山市人民南路998号巴比伦国际广场14号楼底商,昆山(苏州),08:00-20:00,08/01/21 07:10,自运营,luckin coffee,
3782,昆山保利国际影城店,(No.4220),昆山市玉山镇前进西路1850号保利国际影城一层,昆山(苏州),09:30-19:00,08/01/21 07:10,自运营,luckin coffee,
3783,丰城喜盈门范城店,(No.A1544),龙光中大道229号喜盈门范城1栋1层,宜春,09:30-22:00,08/01/21 07:10,代运营,luckin coffee,
3784,江油火炮街华丽广场店,(No.A1359),中坝街道火炮街28号华丽广场1幢1层22号,绵阳,10:00-21:00,08/01/21 07:10,代运营,luckin coffee,
3785,江油汇星百货店,(No.A1244),江油市纪念碑街中段解放路南段2号汇星百货一层中庭,绵阳,09:30-20:00,08/01/21 07:10,代运营,luckin coffee,
3786,江油顺辉巴登广场店,(No.A1820),中坝镇江陵路西段169号巴登购物广场1F-130,绵阳,10:00-21:00,08/01/21 07:10,代运营,luckin coffee,
3787,江油宝龙广场,(No.A1590),李白大道南二段1号宝龙广场M1-L1,绵阳,10:00-21:00,08/01/21 07:10,代运营,luckin coffee,
3788,江油市华丽广场店,(No.A1170),敬请期待!,绵阳,08:00-18:00,08/01/21 07:10,代运营,luckin coffee,
3789,绵阳1958商业街店,(No.A1887),敬请期待!,绵阳,08:00-18:00,08/01/21 07:10,代运营,luckin coffee,
3790,射洪太和门店,(No.A1549),射洪市伯玉路220-222号,绵阳,09:30-21:30,08/01/21 07:10,代运营,luckin coffee,
3791,华懋购物中心店,(No.2408),邗江区文昌中路555号华懋购物中心B座一层商铺,扬州,08:00-20:30,08/01/21 07:10,自运营,luckin coffee,
3792,扬州时代广场店,(No.6600),广陵区文昌中路时代广场四层405A1,扬州,09:30-20:00,08/01/21 07:10,自运营,luckin coffee,
3793,扬州大学荷花池校区店,(No.6108),邗江区大学南路88号扬州大学荷花池校区内,扬州,08:00-20:00,08/01/21 07:10,自运营,luckin coffee,
3794,虹桥坊店,(No.3355),邗江区大虹桥路18号虹桥坊一层,扬州,08:00-19:30,08/01/21 07:10,自运营,luckin coffee,
3795,万家福商城店,(No.3082),广陵区汶河北路1号万家福商城一层,扬州,07:00-20:00,08/01/21 07:10,自运营,luckin coffee,
3796,公元国际大厦店,(No.3444),邗江区文昌西路56号公元国际大厦一层大堂,扬州,08:00-18:00,08/01/21 07:10,自运营,luckin coffee,
3797,扬州市妇幼保健院店,(No.3242),广陵区东关街道国庆路454-1号底商,扬州,07:00-20:00,08/01/21 07:10,自运营,luckin coffee,
3798,三盛国际广场店,(No.2425),邗江区邗江中路358号三盛国际广场金街一层2-113号,扬州,08:00-20:30,08/01/21 07:10,自运营,luckin coffee,
3799,华润苏果店,(No.A0460),江都区东方红路18号107-4铺,扬州,09:00-19:00,08/01/21 07:10,代运营,luckin coffee,
3800,声谷一期产业园店,(No.2771),广陵区广陵新城信息大道1号江苏信息服务产业基地一期5号楼一层A区,扬州,08:00-18:00,08/01/21 07:10,自运营,luckin coffee,
3801,声谷二期信息园店,(No.4906),广陵区信服务产业基地二期水木美食广场一层,扬州,今日休息中,08/01/21 07:10,自运营,luckin coffee,
3802,环球金融城店,(No.3653),广陵区文昌东路2号环球金融城2栋一层大堂,扬州,08:00-18:00,08/01/21 07:10,自运营,luckin coffee,
3803,扬州新城吾悦广场金街店,(No.A0167),邗江区竹西路23号新城吾悦广场金街一层161室,扬州,10:00-21:30,08/01/21 07:10,代运营,luckin coffee,
3804,扬州御龙湾店,(No.6875),邗江区竹西路4号御龙湾商业广场1栋一层A2-126,扬州,10:00-22:00,08/01/21 07:10,自运营,luckin coffee,
3805,京华城店,(No.2766),邗江区京华城路168号京华城三层,扬州,10:30-21:00,08/01/21 07:10,自运营,luckin coffee,
3806,智谷科技店,(No.2891),邗江区扬子江中路186号智谷科技综合体一层大堂,扬州,08:00-18:00,08/01/21 07:10,自运营,luckin coffee,
3807,高邮吾悦广场店,(No.A0122),高邮市吾悦广场二层201号,扬州,10:00-21:30,08/01/21 07:10,代运营,luckin coffee,
3808,高邮世贸金街店,(No.A0330),高邮市高邮街道世贸金街1-029号,扬州,09:30-22:00,08/01/21 07:10,代运营,luckin coffee,
3809,扬州万达广场店,(No.3437),邗江区邗江中路万达广场步行街底商,扬州,10:00-20:30,08/01/21 07:10,自运营,luckin coffee,
3810,扬州星耀天地店,(No.3481),邗江区国展路29号星耀天地大厦E栋东门1号口一层大堂,扬州,09:30-18:30,08/01/21 07:10,自运营,luckin coffee,
3811,万科彩虹汇店,(No.4241),邗江区扬子江北路669号万科彩虹汇B座一层101室,扬州,08:00-19:00,08/01/21 07:10,自运营,luckin coffee,
3812,扬州通达学院店,(No.7064),邗江区润扬南路31号南京邮电大学通达学院扬子津青年街一层,扬州,07:00-22:00,08/01/21 07:10,自运营,luckin coffee,
3813,紫晶国际购物广场店,(No.6091),六合区雄州街道龙津路44号紫晶国际购物广场一层,扬州,10:00-20:00,08/01/21 07:10,自运营,luckin coffee,
3814,南京欢乐港店,(No.A0050),六合区雄州西路8号欢乐港二期,扬州,09:00-21:00,08/01/21 07:10,代运营,luckin coffee,
3815,桂林王城商厦店,(No.A1249),秀峰区解放东路11号王城商厦1层,桂林,09:30-22:00,08/01/21 07:10,代运营,luckin coffee,
3816,桂林文化宫店,(No.A1339),秀峰区依仁路38号文化宫名品街3号楼3-1-2号门面,桂林,09:30-22:30,08/01/21 07:10,代运营,luckin coffee,
3817,桂林高新万达店,(No.A1115),七星区穿山东路43号高新万达广场1F层JY-CD-006,桂林,10:00-21:30,08/01/21 07:10,代运营,luckin coffee,
3818,临桂万达广场店,(No.A1331),临桂区临桂镇灵魂烤肉万达广场临桂店,桂林,10:00-22:30,08/01/21 07:10,代运营,luckin coffee,
3819,临桂吾悦广场店,(No.A1294),广西壮族自治区桂林市临桂区临桂大道9号桂林新城吾悦广场2栋1层01号铺,桂林,09:30-21:30,08/01/21 07:10,代运营,luckin coffee,
3820,桂林万象城店,(No.A2007),敬请期待!,桂林,08:00-18:00,08/01/21 07:10,代运营,luckin coffee,
3821,桂林理工雁山校区店,(No.A1327),雁山区雁山镇雁山街319号桂林理工大学雁山校区A区15号门面,桂林,今日休息中,08/01/21 07:10,代运营,luckin coffee,
3822,桂林理工博文学院店,(No.A1373),雁山区雁山大道317号桂林理工大学博文学院博文2食堂,桂林,今日休息中,08/01/21 07:10,代运营,luckin coffee,
3823,桂林阳朔益田西街店,(No.A1552),阳朔县蟠桃路益田西街C栋C114号,桂林,09:30-23:00,08/01/21 07:10,代运营,luckin coffee,
3824,广西师范大学雁山店,(No.A1875),雁山区雁山镇广西师范大学雁山校区文科组团第一期学生公寓B2-14,桂林,今日休息中,08/01/21 07:10,代运营,luckin coffee,
3825,广西师范大学雁山校区店,(No.A1259),敬请期待!,桂林,09:00-23:00,08/01/21 07:10,代运营,luckin coffee,
3826,桂林旅游学院店,(No.A2106),敬请期待!,桂林,08:00-18:00,08/01/21 07:10,代运营,luckin coffee,
3827,经二路天下汇店,(No.A1012),渭滨区经二路天下汇负一层东侧,宝鸡,09:00-21:30,08/01/21 07:10,代运营,luckin coffee,
3828,宝鸡银座购物广场店,(No.6332),渭滨区经二路50号银座国际一层A-8号,宝鸡,09:30-20:00,08/01/21 07:10,自运营,luckin coffee,
3829,宝鸡银泰城店,(No.A0084),陕西省宝鸡市金台区金台大道66号宝鸡银泰城,宝鸡,08:30-21:30,08/01/21 07:10,代运营,luckin coffee,
3830,宝鸡文理学院东区店,(No.A1164),渭滨区马营镇高新一路水木清华步行街口,宝鸡,08:30-21:00,08/01/21 07:10,代运营,luckin coffee,
3831,星钻国际店,(No.6186),宝鸡市高新区高新大道63号星钻国际B栋一层B1-03,宝鸡,10:00-21:00,08/01/21 07:10,自运营,luckin coffee,
3832,鹏博财富中心店,(No.6229),金台区宝虢路80号鹏博财富中心大厦5号楼一层大堂,宝鸡,08:00-18:00,08/01/21 07:10,自运营,luckin coffee,
3833,宝鸡吾悦广场店,(No.6523),高新开发区渭滨大道路388号新城吾悦广场 一层1001号商铺,宝鸡,10:00-22:00,08/01/21 07:10,自运营,luckin coffee,
3834,广安金瑞国际店,(No.A1559),广安区金安大道一段199号金瑞国际第一层L122-1号,广安,09:30-21:30,08/01/21 07:10,代运营,luckin coffee,
3835,广安摩尔春天店,(No.A1213),广安区万盛街道摩尔春天百货一层,广安,09:30-21:30,08/01/21 07:10,代运营,luckin coffee,
3836,岳池财富中心店,(No.A1608),岳池县九龙街道兴旺巷58号附1号,广安,09:30-22:00,08/01/21 07:10,代运营,luckin coffee,
3837,广安邻水宏帆广场,(No.A1509),邻水县邻水宏帆广场中庭出2号门旁,广安,09:30-21:00,08/01/21 07:10,代运营,luckin coffee,
3838,南充中虹国际店,(No.A2107),敬请期待!,广安,08:00-18:00,08/01/21 07:10,代运营,luckin coffee,
3839,南充王府井广场店,(No.A0981),高坪区白塔街道望鹤路王府井五国风情街1-21,广安,10:00-22:00,08/01/21 07:10,代运营,luckin coffee,
3840,南充金融广场店,(No.A0277),南充市高坪区江东中路三段 川东北金融中心6幢一层 42号附2号,广安,10:00-21:30,08/01/21 07:10,代运营,luckin coffee,
3841,南充文华广场店,(No.A1512),顺庆区滨江中路二段433号,广安,09:00-21:00,08/01/21 07:10,代运营,luckin coffee,
3842,南充1227购物广场店,(No.A1155),南充市顺庆区东南街道大南街37号,广安,10:00-22:00,08/01/21 07:10,代运营,luckin coffee,
3843,南充新世纪百货店,(No.A1425),顺庆区人民南路66号新世纪百货南充商都1楼大门入口,广安,09:30-21:30,08/01/21 07:10,代运营,luckin coffee,
3844,南充三公街店,(No.A1921),四川省南充市顺庆区中城街道三公街61号1幢1层90号,广安,09:00-21:30,08/01/21 07:10,代运营,luckin coffee,
3845,川北医学院医学街店,(No.A1843),顺庆区中城街道医学街十栋套房28号门面,广安,10:00-22:00,08/01/21 07:10,代运营,luckin coffee,
3846,白土坝新豪天地店,(No.A1488),顺庆区兴源西路18号新豪天地一层,广安,10:00-22:00,08/01/21 07:10,代运营,luckin coffee,
3847,玉溪极中心一号店,(No.A1186),红塔区棋阳路极中心购广场B-21号商铺,玉溪,09:30-21:30,08/01/21 07:10,代运营,luckin coffee,
3848,云南理工职业学院店,(No.6785),安宁市麒麟路19号云南理工职业学院三栋宿舍楼一层09号商铺,玉溪,今日休息中,08/01/21 07:10,自运营,luckin coffee,
3849,云南经济管理学院安宁店,(No.6596),安宁市职教园区麒麟路17号云南经济管理学院安宁校区图书馆一层,玉溪,08:00-20:00,08/01/21 07:10,自运营,luckin coffee,
3850,云南大学呈贡校区店,(No.4694),呈贡区大学城东外环南路云南大学呈贡校区楠苑综合服务中心大楼一层S107-1号 ,玉溪,09:00-20:00,08/01/21 07:10,自运营,luckin coffee,
3851,云南民族大学呈贡店,(No.7005),呈贡区月华街2929号云南民族大学呈贡校区芷苑体院馆看台下一层10号商铺,玉溪,08:00-21:00,08/01/21 07:10,自运营,luckin coffee,
3852,云南艺术学院一食堂店,(No.A0894),呈贡区雨花街道办事处雨花路1577号云南艺术学院一号食堂二层,玉溪,今日休息中,08/01/21 07:10,代运营,luckin coffee,
3853,云上小镇店,(No.3284),呈贡区吴家营街道云上小镇仕林街8栋底商,玉溪,09:00-20:30,08/01/21 07:10,自运营,luckin coffee,
3854,昆明理工大学呈贡店,(No.6543),呈贡区景明南路727号昆明理工大学怡园校友之家一层,玉溪,08:30-21:00,08/01/21 07:10,自运营,luckin coffee,
3855,云南师范大学和园店,(No.A0445),呈贡区云南师范大学和园食堂铺面6号,玉溪,今日休息中,08/01/21 07:10,代运营,luckin coffee,
3856,云南师范大学店,(No.4390),呈贡区聚贤街768号云南师范大学呈贡校区启园6栋一层6号,玉溪,07:30-19:30,08/01/21 07:10,自运营,luckin coffee,
3857,昆明南站店,(No.A0014),呈贡区洛龙街道办事处高铁南站出发层26B-27B检票口（楼上）,玉溪,08:30-19:30,08/01/21 07:10,代运营,luckin coffee,
3858,呈贡万达广场店,(No.6758),呈贡区彩云南路1666号万达广场步行街一层1011号商铺南侧,玉溪,10:00-21:30,08/01/21 07:10,自运营,luckin coffee,
3859,舟山新城建设大厦店,(No.A1281),定海区新城建设大厦A座千岛路167-1号,舟山,10:00-18:00,08/01/21 07:10,代运营,luckin coffee,
3860,舟山新城商会大厦店,(No.A0054),定海区临城街道新城商会大厦210室-2,舟山,08:00-17:00,08/01/21 07:10,代运营,luckin coffee,
3861,舟山新城凯虹广场店,(No.A1827),定海区新城体育路115号新城凯虹广场一层东门,舟山,09:00-21:00,08/01/21 07:10,代运营,luckin coffee,
3862,舟山汇隆大厦店,(No.A0612),普陀区东港街道沙田街56号汇隆大厦106室,舟山,10:00-19:00,08/01/21 07:10,代运营,luckin coffee,
3863,舟山慈航广场普陀码头店,(No.A0192),普陀区朱家尖街道慈航路55号8幢一层8-5,舟山,08:00-18:30,08/01/21 07:10,代运营,luckin coffee,
3864,舟山普陀店,(No.A1849),敬请期待!,舟山,08:00-18:00,08/01/21 07:10,代运营,luckin coffee,
3865,商会总部大厦店,(No.3785),沈河区青年大街51号商会总部大厦一层大堂,沈阳,08:00-18:00,08/01/21 07:10,自运营,luckin coffee,
3866,中国移动十一纬路店,(No.6215),沈河区十一纬路128号中国移动十一纬路营业厅东南角,沈阳,今日休息中,08/01/21 07:10,自运营,luckin coffee,
3867,总统大厦店,(No.3300),和平区和平北大街65号总统大厦A座一层大堂 ,沈阳,07:30-18:00,08/01/21 07:10,自运营,luckin coffee,
3868,南市场百货店,(No.A0896),和平区十一纬路37号广大酒店一层,沈阳,08:30-20:00,08/01/21 07:10,代运营,luckin coffee,
3869,卓越大厦店,(No.2936),沈河区惠工街10号卓越大厦一层大堂,沈阳,08:00-18:00,08/01/21 07:10,自运营,luckin coffee,
3870,年华国际大厦店,(No.3756),和平区市府大路55号年华国际大厦一层,沈阳,今日休息中,08/01/21 07:10,自运营,luckin coffee,
3871,文峰大厦店,(No.4672),沈河区大西路1号文峰大厦一层大堂,沈阳,07:30-19:00,08/01/21 07:10,自运营,luckin coffee,
3872,华府新天地B3店,(No.7221),沈河区团结路17-2号华府新天地B3商务西二门一层,沈阳,08:00-21:00,08/01/21 07:10,自运营,luckin coffee,
3873,华航大厦店,(No.2824),和平区文化路77号的华航大厦一层大堂,沈阳,08:00-18:00,08/01/21 07:10,自运营,luckin coffee,
3874,沈阳中粮广场店,(No.2825),皇姑区黄河北大街56-34号中粮广场1号楼一层大堂,沈阳,07:30-19:00,08/01/21 07:10,自运营,luckin coffee,
3875,北方国际传媒中心店,(No.2867),沈河区青年大街167号北方国际传媒中心一层大堂,沈阳,07:30-18:00,08/01/21 07:10,自运营,luckin coffee,
3876,中海国际中心店,(No.3138),和平区南提西路905号甲中海国际中心大厦A座一层大堂,沈阳,08:00-18:00,08/01/21 07:10,自运营,luckin coffee,
3877,闽商总部大厦店,(No.3187),沈河区北站路51号闽商总部大厦一层大堂,沈阳,08:00-18:00,08/01/21 07:10,自运营,luckin coffee,
3878,沈阳化工大学图书馆店,(No.6654),铁西区大青中朝友谊街道沈阳化工大学图书馆二层,沈阳,09:30-20:00,08/01/21 07:10,自运营,luckin coffee,
3879,龙之梦大都汇店,(No.B0041),铁西区建设西路2号沈阳龙之梦大都汇二层T2FG-008号,沈阳,09:30-20:30,08/01/21 07:10,自运营,小鹿茶,
3880,铁西长峰中心店,(No.3464),铁西区建设西路2甲1号长峰中心一层大堂,沈阳,08:00-18:00,08/01/21 07:10,自运营,luckin coffee,
3881,辽大北校区店,(No.A1022),辽宁大学蒲河校区生活区北苑二层,沈阳,今日休息中,08/01/21 07:10,代运营,luckin coffee,
3882,沈阳铁西万达广场店,(No.6680),铁西区兴华街道沈辽路万达广场1号门二层扶梯口处,沈阳,09:30-21:00,08/01/21 07:10,自运营,luckin coffee,
3883,星摩尔沈阳购物广场店,(No.4562),铁西区北二中路星摩尔购物广场2号门中岛二层,沈阳,09:00-21:00,08/01/21 07:10,自运营,luckin coffee,
3884,优乐桃源里店,(No.6219),于洪区怒江北街赤山路交汇处优乐桃源里商场一F WO5号正门入口处,沈阳,09:00-20:00,08/01/21 07:10,自运营,luckin coffee,
3885,北一路万达广场店,(No.4837),铁西区北一路万达广场1号门三层扶梯口处,沈阳,09:30-20:30,08/01/21 07:10,自运营,luckin coffee,
3886,招商花园城店,(No.4781),浑南区营盘北街7号沈阳招商花园城购物中心二层D203室,沈阳,10:00-21:00,08/01/21 07:10,自运营,luckin coffee,
3887,沈阳国际贸易中心A座店,(No.A1083),浑南区天赐街5-1号102室沈阳国际贸易中心大厦一层大堂电梯处,沈阳,08:00-19:00,08/01/21 07:10,代运营,luckin coffee,
3888,K11购物中心店,(No.6094),和平区博览路2甲1号k11购物广场二层私密花园L2014b号,沈阳,10:00-21:00,08/01/21 07:10,自运营,luckin coffee,
3889,金廊万科中心店,(No.4701),浑南区新隆街1-26号一层大堂东侧101号,沈阳,08:00-18:00,08/01/21 07:10,自运营,luckin coffee,
3890,福融天地广场店,(No.4520),浑南区世纪路2-3甲号101单元福融天地广场一层,沈阳,08:00-18:00,08/01/21 07:10,自运营,luckin coffee,
3891,三好街华强广场南门店,(No.A0970),和平区三好街100号华强广场D座6-1门商铺,沈阳,08:00-18:00,08/01/21 07:10,代运营,luckin coffee,
3892,沈阳国际软件园店,(No.6371),浑南区上深沟村861- 1号沈阳国际软件园E01号楼一层大堂,沈阳,今日休息中,08/01/21 07:10,自运营,luckin coffee,
3893,全运万达广场店,(No.4840),浑南区全运万达广场2号门二层2039号,沈阳,09:30-20:30,08/01/21 07:10,自运营,luckin coffee,
3894,东软软件园店,(No.6433),浑南区新秀街2号东软软件园A园区A3楼北侧101号铺,沈阳,今日休息中,08/01/21 07:10,自运营,luckin coffee,
3895,上亿广场店,(No.6218),浑南区沈营大街587号上亿广场一层G114,沈阳,09:00-20:00,08/01/21 07:10,自运营,luckin coffee,
3896,沈阳体育学院店,(No.6807),苏家屯区中兴街道金钱松东路36-11号楼沈阳体育学院食堂一层,沈阳,08:00-20:00,08/01/21 07:10,自运营,luckin coffee,
3897,汇锦金融中心店,(No.3556),和平区南京南街197号汇锦金融中心大厦一层大堂,沈阳,07:30-18:30,08/01/21 07:10,自运营,luckin coffee,
3898,沈阳大悦城店,(No.3687),大东区小东路6-1号大悦城B馆负一层B714号,沈阳,10:00-21:00,08/01/21 07:10,自运营,luckin coffee,
3899,大明府钟表眼镜城中街店,(No.4266),沈河区中街路167号大明府钟表眼镜城一层,沈阳,09:00-20:00,08/01/21 07:10,自运营,luckin coffee,
3900,大商新玛特铁西店,(No.3541),铁西区兴华南街37号新玛特铁西店一层,沈阳,09:30-20:00,08/01/21 07:10,自运营,luckin coffee,
3901,碧桂园银河商业广场店,(No.A0168),于洪区汪河路99号一层,沈阳,08:30-20:00,08/01/21 07:10,代运营,luckin coffee,
3902,阳光100凤凰街店,(No.6264),于洪区汪河路39号F1层136号,沈阳,09:30-19:30,08/01/21 07:10,自运营,luckin coffee,
3903,SK大厦店,(No.3606),和平区胜利南街61号SK大厦一层大堂,沈阳,07:30-18:30,08/01/21 07:10,自运营,luckin coffee,
3904,杉杉奥特莱斯购物广场店,(No.7230),铁西区开发二十五号路7号杉杉奥特莱斯购物广场三层XDP02号,沈阳,07:00-22:00,08/01/21 07:10,自运营,luckin coffee,
3905,YY胜道北行店,(No.4775),皇姑区长江街65号YY胜道一层1FRX,沈阳,09:30-20:30,08/01/21 07:10,自运营,luckin coffee,
3906,沈阳天地店,(No.A0597),皇姑区北陵大街17号一层L1-13b号,沈阳,08:30-19:30,08/01/21 07:10,代运营,luckin coffee,
3907,华府金融中心A座店,(No.7236),沈河区团结路11号金融中心A座一层大堂,沈阳,08:00-18:00,08/01/21 07:10,自运营,luckin coffee,
3908,沈阳利星行广场店,(No.A0095),皇姑区崇山东路11号利星行广场一层101,沈阳,08:00-18:30,08/01/21 07:10,代运营,luckin coffee,
3909,太原街沃尔玛店,(No.4803),和平区中华路9号沃尔玛一层入口,沈阳,08:00-20:30,08/01/21 07:10,自运营,luckin coffee,
3910,太平洋大厦店,(No.4428),沈河区北一站路41号太平洋大厦一层,沈阳,08:00-18:00,08/01/21 07:10,自运营,luckin coffee,
3911,家乐福北站店,(No.3408),沈河区北站一路39号家乐福一层,沈阳,今日休息中,08/01/21 07:10,自运营,luckin coffee,
3912,沈阳大学北院区店,(No.A1023),大东区临河路50号1门沈阳大学北院区小北门外,沈阳,07:30-18:00,08/01/21 07:10,代运营,luckin coffee,
3913,沈阳新地中心店,(No.3310),沈河区友好街10号新地中心1号楼一层大堂,沈阳,08:00-18:00,08/01/21 07:10,自运营,luckin coffee,
3914,玖伍文化城店,(No.7161),和平区太原北街95号文化城L1层28号商铺,沈阳,09:30-20:30,08/01/21 07:10,自运营,luckin coffee,
3915,今旅酒店店,(No.4356),和平区中华路68号今旅酒店二层238号,沈阳,10:00-20:00,08/01/21 07:10,自运营,luckin coffee,
3916,太原街万达广场店,(No.7165),和平区太原南街2号万达广场四层万达影院,沈阳,09:30-21:30,08/01/21 07:10,自运营,luckin coffee,
3917,欧亚联营商务大厦店,(No.4566),和平区中华路63号沈阳联营有限公司商务大厦一层西一门,沈阳,09:00-20:00,08/01/21 07:10,自运营,luckin coffee,
3918,城开中心店,(No.6370),和平区太原街街道太原南街33-4号上实城开T3大堂,沈阳,07:30-18:00,08/01/21 07:10,自运营,luckin coffee,
3919,嘉里中心店,(No.4688),沈河区青年大街123甲号嘉里城负一层D1号,沈阳,09:00-21:00,08/01/21 07:10,自运营,luckin coffee,
3920,四平万达广场店,(No.A1513),铁东区沥山路1268号四平万达广场二号门入口A002号铺位,四平,09:00-20:30,08/01/21 07:10,代运营,luckin coffee,
3921,北方新天地店,(No.A0381),龙沙区卜奎南大街18号北方新天地商场一层西门,齐齐哈尔,09:00-21:00,08/01/21 07:10,代运营,luckin coffee,
3922,齐齐哈尔万达广场店,(No.A2099),敬请期待!,齐齐哈尔,08:00-18:00,08/01/21 07:10,代运营,luckin coffee,
3923,延吉百货大楼店,(No.A1922),光明街608号延吉百货大楼B座一层,延边朝鲜族自治州,09:00-20:00,08/01/21 07:10,代运营,luckin coffee,
3924,延吉河南光华路店,(No.A1923),延吉市光华路1200号 延吉市政务大厅西侧一层门市,延边朝鲜族自治州,08:00-20:00,08/01/21 07:10,代运营,luckin coffee,
3925,延边大学店,(No.A1459),公园街道延边大学延吉校区大学生服务中心二层超市西侧,延边朝鲜族自治州,09:30-17:30,08/01/21 07:10,代运营,luckin coffee,
3926,中华广场店,(No.1337),越秀区中山三路33号中华广场西门一层,广州,10:00-21:00,08/01/21 07:10,自运营,luckin coffee,
3927,白云大厦店,(No.3166),越秀区白云路113号白云大厦底商,广州,07:00-20:00,08/01/21 07:10,自运营,luckin coffee,
3928,汇德大厦店,(No.2443),越秀区豪贤路102号汇德大厦一层大堂,广州,08:00-18:00,08/01/21 07:10,自运营,luckin coffee,
3929,达信大厦店,(No.6447),越秀区德政北路538号达信大厦一层02号,广州,今日休息中,08/01/21 07:10,自运营,luckin coffee,
3930,宜安广场店,(No.0262),越秀区建设六马路33号宜安广场一层大堂,广州,08:00-20:00,08/01/21 07:10,自运营,luckin coffee,
3931,越秀城市广场南塔店,(No.6866),越秀区东风中路439号越秀城市广场一层102自编8号,广州,08:00-18:00,08/01/21 07:10,自运营,luckin coffee,
3932,广州瑞安中心店,(No.1915),越秀区北京路374号广州瑞安中心大厦一层大堂,广州,今日休息中,08/01/21 07:10,自运营,luckin coffee,
3933,江湾商业中心店,(No.0557),越秀区沿江中路298号江湾商业中心中区二层02室,广州,08:00-18:00,08/01/21 07:10,自运营,luckin coffee,
3934,从化海塱步行街店,(No.A1468),从化区江埔街从化大道南欣荣宏商业街57号101铺,广州,10:00-23:00,08/01/21 07:10,代运营,luckin coffee,
3935,广州城建职业学院店,(No.2760),从化区环市东路166号从化城建学院商务楼一层大堂,广州,09:00-20:30,08/01/21 07:10,自运营,luckin coffee,
3936,华南农大珠江学院店,(No.A0913),从化区江埔街广从北路2004号华南农业大学珠江学院东区104商铺一层,广州,今日休息中,08/01/21 07:10,代运营,luckin coffee,
3937,南洋理工店,(No.4274),从化区广州南洋理工职业学院商业街106号,广州,09:00-20:00,08/01/21 07:10,自运营,luckin coffee,
3938,中山大学南方学院店,(No.3799),从化区温泉大道882号中山大学南方学院商业中心一层004号,广州,08:00-20:00,08/01/21 07:10,自运营,luckin coffee,
3939,工贸学院白云校区店,(No.4473),白云区广从九路980号广东工贸职业技术学院白云校区第二饭堂三层,广州,09:00-19:00,08/01/21 07:10,自运营,luckin coffee,
3940,从化欣荣广场店,(No.A1360),敬请期待!,广州,08:00-18:00,08/01/21 07:10,代运营,luckin coffee,
3941,中泰国际店,(No.0053),天河区林和西路161号中泰国际广场一层大堂,广州,08:00-19:00,08/01/21 07:10,自运营,luckin coffee,
3942,羊城商贸店,(No.0278),天河区体育东路122号羊城国际贸易中心东座一层160号,广州,今日休息中,08/01/21 07:10,自运营,luckin coffee,
3943,广州绿地中心店,(No.0117),白云区云城西路白云绿地中心缤纷天地负一层B106-A号,广州,08:30-21:30,08/01/21 07:10,自运营,luckin coffee,
3944,中信广场店,(No.0148),天河区天河北路233号中信广场负一层后街15号,广州,今日休息中,08/01/21 07:10,自运营,luckin coffee,
3945,和业广场店,(No.0135),荔湾区康王中路486号和业广场一层108之1010B号,广州,08:00-19:00,08/01/21 07:10,自运营,luckin coffee,
3946,怡乐商务中心店,(No.0166),白云区机场路9号怡乐商务大厦一层大堂,广州,07:30-18:00,08/01/21 07:10,自运营,luckin coffee,
3947,现象工场店,(No.0149),白云区沙太路688号现象工场一层108单元,广州,08:00-18:00,08/01/21 07:10,自运营,luckin coffee,
3948,同乐汇店,(No.0171),海珠区江南大道中99号同乐汇商场一层102号,广州,08:00-20:00,08/01/21 07:10,自运营,luckin coffee,
3949,佛冈银座店,(No.A1523),佛冈县环城东路鸿兴银座城一层1F09号铺,广州,09:30-22:00,08/01/21 07:10,代运营,luckin coffee,
3950,名高中心店,(No.A0789),花都区迎宾大道123号名高中心首层08室,广州,08:00-20:00,08/01/21 07:10,代运营,luckin coffee,
3951,花都百业广场店,(No.6131),花都区新华街公益大道27号百业广场底商,广州,07:30-22:00,08/01/21 07:10,自运营,luckin coffee,
3952,成卓世纪中心店,(No.0913),南沙区海滨路169号成卓世纪中心一层大堂,广州,08:00-18:30,08/01/21 07:10,自运营,luckin coffee,
3953,番禺奥园养生广场店,(No.A0943),番禺区桥南街福愉东路51号104室,广州,07:30-21:30,08/01/21 07:10,代运营,luckin coffee,
3954,番禺永旺梦乐城店,(No.3014),番禺区大龙街亚运大道1号永旺梦乐城超市负一层TB1-21号 ,广州,09:00-22:00,08/01/21 07:10,自运营,luckin coffee,
3955,大信新都汇三角店,(No.6872),三角镇福源南路23号大信新都汇一层1F137号商铺,广州,10:00-22:00,08/01/21 07:10,自运营,luckin coffee,
3956,德仲广场店,(No.3448),中山港街道会展东路1号德仲广场1幢一层大堂,广州,07:30-20:00,08/01/21 07:10,自运营,luckin coffee,
3957,中山保利国际广场店,(No.3745),港口镇港口大道19号中山保利广场107A底商,广州,09:30-21:30,08/01/21 07:10,自运营,luckin coffee,
3958,中山美居产业园店,(No.A0908),石岐区富湾东路伊电园A2幢1层08卡,广州,今日休息中,08/01/21 07:10,代运营,luckin coffee,
3959,英联时代广场店,(No.4884),东区中山五路48号英联时代广场一层大堂,广州,08:00-19:30,08/01/21 07:10,自运营,luckin coffee,
3960,远洋广场店,(No.4751),东区博爱六路28号远洋广场2幢办公楼一层大堂,广州,08:00-18:00,08/01/21 07:10,自运营,luckin coffee,
3961,大信溢彩荟二期店,(No.6699),石岐区龙凤街4号大信溢彩荟二期一层112号,广州,08:00-22:00,08/01/21 07:10,自运营,luckin coffee,
3962,电科大中山学院店,(No.4273),石岐区龙腾路2号电科大中山学院龙腾餐厅负一层1号,广州,08:00-20:30,08/01/21 07:10,自运营,luckin coffee,
3963,保利中汇花园店,(No.4366),顺德区国泰南路2号保利中汇花园10号商铺,广州,07:30-19:30,08/01/21 07:10,自运营,luckin coffee,
3964,嘉信城市广场店,(No.A1129),顺德区大良街道兴顺路嘉信城市广场二期C102号铺,广州,08:00-22:00,08/01/21 07:10,代运营,luckin coffee,
3965,凯蓝滨江华府店,(No.A0507),顺德区容桂街道东风社区东堤路凯蓝滨江华府105号铺,广州,08:00-22:00,08/01/21 07:10,代运营,luckin coffee,
3966,佛山顺德明日广场店,(No.A1118),顺德区大良街道新桂中路明日华府110号铺,广州,08:30-18:30,08/01/21 07:10,代运营,luckin coffee,
3967,小榄海港城购物中心店,(No.6870),小榄镇升平东路1号海港城购物中心一层大堂,广州,10:00-22:00,08/01/21 07:10,自运营,luckin coffee,
3968,汇丰城店,(No.6560),小榄镇怡丰东路3号汇丰商业城C区一层大堂,广州,10:00-21:00,08/01/21 07:10,自运营,luckin coffee,
3969,友利科技园店,(No.2775),番禺区市桥街光明南路199号友利科技园2号楼一层109号,广州,08:00-18:30,08/01/21 07:10,自运营,luckin coffee,
3970,钻汇广场店,(No.6428),"番禺区富华西路2号钻汇广场一层C040,C133号",广州,08:00-22:00,08/01/21 07:10,自运营,luckin coffee,
3971,骏和广场店,(No.4310),番禺区市桥街捷进二路1号骏和广场一层115号商铺,广州,08:00-20:00,08/01/21 07:10,自运营,luckin coffee,
3972,海伦堡创意园店,(No.2414),番禺区禺山西路329号海伦堡创意园4座1栋一层大堂 ,广州,08:30-19:00,08/01/21 07:10,自运营,luckin coffee,
3973,第二师范花都校区店,(No.4724),花都区广东第二师范学院第二食堂二层,广州,08:00-20:30,08/01/21 07:10,自运营,luckin coffee,
3974,华南理工广州学院店,(No.4320),花都区学府路一号华南理工大学广州学院B9栋一层7号01商铺,广州,09:00-20:00,08/01/21 07:10,自运营,luckin coffee,
3975,广州工商学院店,(No.3706),花都区狮岭镇海布村光明路5号广州工商学院第一饭堂一层,广州,10:00-20:30,08/01/21 07:10,自运营,luckin coffee,
3976,菊花石大厦店,(No.0886),花都区狮岭镇狮岭大道中83号菊花石大厦A座一层大堂,广州,08:00-18:00,08/01/21 07:10,自运营,luckin coffee,
3977,白云电气科技大厦店,(No.0930),白云区北太路1633号白云电气科技大厦一层101号,广州,08:00-18:00,08/01/21 07:10,自运营,luckin coffee,
3978,仲恺农业工程学院店,(No.6689),白云区广新路388号仲恺农业工程学院白云校区第五食堂三层,广州,08:00-20:00,08/01/21 07:10,自运营,luckin coffee,
3979,花都广百新一城店,(No.7212),敬请期待!,广州,07:00-22:00,08/01/21 07:10,自运营,luckin coffee,
3980,广东技术师范大学店,(No.A0587),白云区江高镇小塘村25号B4号铺,广州,今日休息中,08/01/21 07:10,代运营,luckin coffee,
3981,秋鹿广场店,(No.2523),白云区秋鹿路2号秋鹿广场B栋底商,广州,08:00-19:00,08/01/21 07:10,自运营,luckin coffee,
3982,保利中辰店,(No.1262),天河区岗顶龙口西路3号保利中辰广场一层104房 ,广州,08:00-22:00,08/01/21 07:10,自运营,luckin coffee,
3983,壬丰大厦店,(No.4253),天河区中山大道490号壬丰大厦裙楼商场底商L1-05B ,广州,07:30-20:00,08/01/21 07:10,自运营,luckin coffee,
3984,龙晖大厦店,(No.1616),天河区岗顶龙口东路5号龙晖大厦一层大堂,广州,07:00-20:00,08/01/21 07:10,自运营,luckin coffee,
3985,广州财富广场店,(No.0953),天河区体育东路118号财富广场东塔一层电梯厅,广州,08:00-18:00,08/01/21 07:10,自运营,luckin coffee,
3986,广东外经贸大厦店,(No.0590),天河区天河路351号外经贸大厦一层102-1单元,广州,07:30-22:00,08/01/21 07:10,自运营,luckin coffee,
3987,创展中心店,(No.2725),天河区体育东路108号创展中心西座一层大堂,广州,08:00-18:00,08/01/21 07:10,自运营,luckin coffee,
3988,平安大厦店,(No.0522),天河区体育东路160号平安大厦一层102室,广州,08:00-19:30,08/01/21 07:10,自运营,luckin coffee,
3989,恒健大厦店,(No.1116),越秀区天河路45号之二恒健大厦一层大堂101室,广州,08:00-18:00,08/01/21 07:10,自运营,luckin coffee,
3990,广州购书中心店,(No.4934),天河区天河路123号购书中心广场底商,广州,08:00-21:30,08/01/21 07:10,自运营,luckin coffee,
3991,高盛大厦店,(No.0317),天河区体育西路109号高盛大厦一层西门01单元,广州,08:00-18:00,08/01/21 07:10,自运营,luckin coffee,
3992,富力东山新天地店,(No.1249),越秀区广州大道中307号富力东山新天地大厦一层110房自编3号,广州,08:00-18:00,08/01/21 07:10,自运营,luckin coffee,
3993,新达城广场店,(No.2441),越秀区广州大道北197号新达城广场南座一层大堂,广州,07:30-18:00,08/01/21 07:10,自运营,luckin coffee,
3994,保利克洛维店,(No.0318),天河区华穗路406号保利克洛维二期时光里购物中心一层,广州,08:00-20:00,08/01/21 07:10,自运营,luckin coffee,
3995,东峻广场店,(No.3602),越秀区东风东路836号东峻广场3座一层正门左侧,广州,08:00-20:00,08/01/21 07:10,自运营,luckin coffee,
3996,广州城建大厦店,(No.0743),天河区体育西路185、187、189号城建大厦一层大堂,广州,今日休息中,08/01/21 07:10,自运营,luckin coffee,
3997,小马驹创意园店,(No.2743),天河区渔兴路49号小马驹创意园区B1栋一层101铺,广州,09:00-19:00,08/01/21 07:10,自运营,luckin coffee,
3998,广东工业大学龙洞店,(No.3112),天河区龙洞迎龙路广东工业大学龙洞校区东门自编161号,广州,08:00-22:00,08/01/21 07:10,自运营,luckin coffee,
3999,广东食品药品职业学院店,(No.3234),天河区龙洞迎福路483号广东食品药品职业学院宿舍楼一层2号铺,广州,08:00-21:00,08/01/21 07:10,自运营,luckin coffee,
4000,同和金铂天地店,(No.2044),白云区广州大道北同和大街1号金铂广场一层109号,广州,07:30-22:00,08/01/21 07:10,自运营,luckin coffee,
4001,南方医科大学店,(No.4365),白云区沙太南路1023号南方医科大学第三食堂 ,广州,07:30-19:30,08/01/21 07:10,自运营,luckin coffee,
4002,中山大学新华学院店,(No.6298),天河区华美路8号107档,广州,08:00-21:00,08/01/21 07:10,自运营,luckin coffee,
4003,学山文化创意谷店,(No.2935),白云区永平街学山塘大街82号学山文化产业园首层,广州,08:00-20:00,08/01/21 07:10,自运营,luckin coffee,
4004,佳都商务大厦店,(No.4215),天河区建中路66号佳都商务大厦一层大堂,广州,08:00-18:00,08/01/21 07:10,自运营,luckin coffee,
4005,未来社区店,(No.2841),天河区建工路2号未来社区大厦底商,广州,08:00-20:00,08/01/21 07:10,自运营,luckin coffee,
4006,方圆E时光店,(No.0326),天河区科韵路12号方圆E时光西座一层104-3室底商 ,广州,08:00-18:00,08/01/21 07:10,自运营,luckin coffee,
4007,华建大厦店,(No.4505),天河区天府路233号华建大厦A棟一层大堂,广州,08:00-18:00,08/01/21 07:10,自运营,luckin coffee,
4008,金悦大厦店,(No.3592),天河区科韵路北棠安路119号金悦大厦一层大堂,广州,08:00-18:00,08/01/21 07:10,自运营,luckin coffee,
4009,羊城创意产业园店,(No.3523),天河区黄埔大道中309号羊城创意产业园4号门3-22栋一层大堂 ,广州,08:00-18:00,08/01/21 07:10,自运营,luckin coffee,
4010,华港商务大厦店,(No.4226),天河区中山大道西140号华港商务大厦西塔一层大堂 ,广州,08:00-20:00,08/01/21 07:10,自运营,luckin coffee,
4011,南方通信大厦店,(No.2324),天河区华景路1号南方通信大厦一层大堂,广州,08:00-20:00,08/01/21 07:10,自运营,luckin coffee,
4012,广州保利中心店,(No.2037),天河区临江大道5号保利中心一层大堂,广州,今日休息中,08/01/21 07:10,自运营,luckin coffee,
4013,三银大厦店,(No.1402),天河区珠江新城华就路12号三银大厦一层大堂,广州,今日休息中,08/01/21 07:10,自运营,luckin coffee,
4014,珠江都荟店,(No.0662),天河区华利路25号珠江都荟之三一层102A号,广州,08:00-20:00,08/01/21 07:10,自运营,luckin coffee,
4015,保利大厦店,(No.1020),天河区华利路59号保利大厦东塔一层102房,广州,08:00-18:00,08/01/21 07:10,自运营,luckin coffee,
4016,华景大厦店,(No.7017),越秀区东山街道广州大道中227号华景大厦一层104-3铺,广州,08:00-21:00,08/01/21 07:10,自运营,luckin coffee,
4017,南岳大厦店,(No.1056),天河区华夏路13号南岳大厦一层105、106号,广州,08:00-18:00,08/01/21 07:10,自运营,luckin coffee,
4018,富力盈凯店,(No.0387),天河区华夏路16号富力盈凯负二层B212室,广州,08:00-18:00,08/01/21 07:10,自运营,luckin coffee,
4019,高德置地春广场店,(No.1077),天河区花城大道85号-87号高德置地春广场三层310室,广州,10:00-21:00,08/01/21 07:10,自运营,luckin coffee,
4020,华天时代店,(No.0782),天河区高普路136号华天时代一层自编01区A1室,广州,08:00-18:00,08/01/21 07:10,自运营,luckin coffee,
4021,太平洋网络大厦店,(No.0997),天河区高普路115号太平洋网络大厦自编一层01号 ,广州,今日休息中,08/01/21 07:10,自运营,luckin coffee,
4022,万科云米酷店,(No.7026),天河区华观路华旭街3号万科云城米酷公寓B区3栋一层101,广州,08:00-18:00,08/01/21 07:10,自运营,luckin coffee,
4023,万科云城店,(No.1607),天河区华观路1933号万科云城大厦一层大堂,广州,08:00-18:00,08/01/21 07:10,自运营,luckin coffee,
4024,佳都智慧大厦店,(No.1055),天河区新岑四路2号科研办公楼自编一层105室,广州,08:00-18:00,08/01/21 07:10,自运营,luckin coffee,
4025,岭南职业技术学院店,(No.6346),天河区大观中路492号岭南职业技术学院内慧创百思工业园A106室自编01房,广州,08:00-21:00,08/01/21 07:10,自运营,luckin coffee,
4026,时代E-PARK店,(No.0877),天河区高唐路233号时代E-PARK六栋一层105室,广州,今日休息中,08/01/21 07:10,自运营,luckin coffee,
4027,融达商汇店,(No.1621),天河区光宝路7号融达商汇中心一层,广州,08:00-18:00,08/01/21 07:10,自运营,luckin coffee,
4028,5号空间创意园店,(No.3394),天河区陶庄路5号空间创意园一层B104号,广州,08:00-20:30,08/01/21 07:10,自运营,luckin coffee,
4029,力达广场店,(No.1952),天河区粤垦路619号力达广场A1栋一层,广州,08:00-18:00,08/01/21 07:10,自运营,luckin coffee,
4030,星光映景店,(No.2047),越秀区水荫路119号星光映景一层大堂,广州,07:00-20:00,08/01/21 07:10,自运营,luckin coffee,
4031,东方宝泰店,(No.4605),天河区林和中路63号东方宝泰购物中心负二层TB219-1号,广州,10:00-21:30,08/01/21 07:10,自运营,luckin coffee,
4032,天伦控股大厦店,(No.1276),天河区林和东路281号的林和苑商务办公楼一层大堂,广州,今日休息中,08/01/21 07:10,自运营,luckin coffee,
4033,耀中广场店,(No.0227),天河区林和西路9号耀中广场一层7号,广州,08:00-22:00,08/01/21 07:10,自运营,luckin coffee,
4034,中石化大厦店,(No.1660),天河区体育西路191号中石化大厦一层,广州,07:00-22:00,08/01/21 07:10,自运营,luckin coffee,
4035,广州现代信息工程职业技术学院店,(No.7032),天河区珠吉街道珠吉路660号广州现代信息工程职业技术学院北校区学生食堂一层大堂,广州,07:30-21:00,08/01/21 07:10,自运营,luckin coffee,
4036,华南新材料创新园G1店,(No.6404),黄埔区科丰路31号G1栋128号一层,广州,今日休息中,08/01/21 07:10,自运营,luckin coffee,
4037,云升科学园店,(No.7061),黄埔区联和街道光谱中路11号云升科学园B2栋一层G10商铺,广州,08:00-18:00,08/01/21 07:10,自运营,luckin coffee,
4038,东英科技园店,(No.7027),天河区珠吉街道灵山东路3、5、7、9号东英科技园5号楼一层101-13号铺,广州,08:00-18:00,08/01/21 07:10,自运营,luckin coffee,
4039,广州创意大厦店,(No.1161),黄埔区科学城大道162号创意大厦B1栋一层自编109室,广州,今日休息中,08/01/21 07:10,自运营,luckin coffee,
4040,TO科创营店,(No.3667),天河区大灵山路61号TO科创营24栋底商,广州,08:00-19:30,08/01/21 07:10,自运营,luckin coffee,
4041,科汇金谷店,(No.0378),黄埔区科学大道97号科汇金谷南门一层,广州,08:00-18:30,08/01/21 07:10,自运营,luckin coffee,
4042,绿地中央店,(No.0586),黄埔区科学大道52号绿地中央自编A3栋底商112房01号,广州,08:00-18:00,08/01/21 07:10,自运营,luckin coffee,
4043,华盛大厦店,(No.2714),越秀区先烈中路102号华盛大厦一层大堂,广州,08:00-18:00,08/01/21 07:10,自运营,luckin coffee,
4044,中侨大厦店,(No.0220),越秀区先烈中路76号中侨大厦一层大堂,广州,08:00-18:00,08/01/21 07:10,自运营,luckin coffee,
4045,羊城同创汇店,(No.1585),越秀区东风东路735-737号羊城同创汇一层,广州,08:00-18:30,08/01/21 07:10,自运营,luckin coffee,
4046,曜一城广场店,(No.1019),天河区天河北路717号曜一城广场一层C48-1号,广州,10:00-21:00,08/01/21 07:10,自运营,luckin coffee,
4047,光大银行大厦店,(No.1825),天河区天河北路689号光大银行大厦一层2号,广州,08:00-18:00,08/01/21 07:10,自运营,luckin coffee,
4048,保利中宇广场店,(No.1588),天河区天河北路626号保利中宇广场A座一层106室,广州,07:30-20:00,08/01/21 07:10,自运营,luckin coffee,
4049,华南师范大学店,(No.4482),天河区中山大道西55号华南师范大学石牌校区东区10栋学生公寓一层102号,广州,07:30-21:00,08/01/21 07:10,自运营,luckin coffee,
4050,中公教育大厦店,(No.3322),天河区五山路371-1号中公教育大厦大堂一层,广州,08:00-18:00,08/01/21 07:10,自运营,luckin coffee,
4051,广建大厦店,(No.1253),天河区龙口西路359号广建大厦一层102号 ,广州,08:00-18:00,08/01/21 07:10,自运营,luckin coffee,
4052,私立华联大学店,(No.3062),天河区合景路103号私立华联大学正门底商,广州,08:00-19:30,08/01/21 07:10,自运营,luckin coffee,
4053,联合社区西区店,(No.3347),天河区车陂大岗路6号大岗工业区3栋一层底商 ,广州,08:00-20:30,08/01/21 07:10,自运营,luckin coffee,
4054,东圃商业大厦店,(No.3712),天河区中山大道中286号东圃商业大厦B栋一层109号广场底商,广州,08:00-19:30,08/01/21 07:10,自运营,luckin coffee,
4055,时代TIT广场店,(No.0894),天河区东圃大马路8号TIT广场B区一层B108号底商 ,广州,08:00-20:30,08/01/21 07:10,自运营,luckin coffee,
4056,东圃天河城百货店,(No.4486),天河区中山大道中437号天银商贸大厦负一层DP-1-A18号商铺,广州,09:00-22:00,08/01/21 07:10,自运营,luckin coffee,
4057,宦溪工业园店,(No.1054),天河区东圃镇宦溪西路6号宦溪工业园自编1栋一层20-6号底商 ,广州,07:30-18:00,08/01/21 07:10,自运营,luckin coffee,
4058,盈科智谷店,(No.6322),天河区东圃二马路69号内编号24,广州,08:00-19:00,08/01/21 07:10,自运营,luckin coffee,
4059,领汇创展店,(No.1714),天河区汇彩路38号领汇创展商务中心D5栋一层,广州,08:00-18:00,08/01/21 07:10,自运营,luckin coffee,
4060,御富科贸园店,(No.6805),天河区棠东东路3号远洋创意园111单元底商,广州,08:00-18:00,08/01/21 07:10,自运营,luckin coffee,
4061,天河棠下智汇Park店,(No.3233),天河区广园东路博汇街6号2栋105号棠下智汇Park底商,广州,08:00-20:30,08/01/21 07:10,自运营,luckin coffee,
4062,长兴智汇商务中心店,(No.2694),天河区长福路205号长兴智汇商务中心底商 ,广州,08:00-21:00,08/01/21 07:10,自运营,luckin coffee,
4063,天汇创意园店,(No.3447),天河区元岗横路16号天汇创意园D座一层大堂,广州,08:00-18:00,08/01/21 07:10,自运营,luckin coffee,
4064,华南理工大学店,(No.6038),天河区五山路381号华南理工大学北区后勤生活服务点3号,广州,08:30-20:30,08/01/21 07:10,自运营,luckin coffee,
4065,广垦商务大厦店,(No.1081),天河区粤垦路68号广垦商务大厦一层101号,广州,07:30-20:00,08/01/21 07:10,自运营,luckin coffee,
4066,丽晶都汇店,(No.1012),天河区金穗路28号丽晶都汇一层102铺之自编116铺,广州,08:00-18:30,08/01/21 07:10,自运营,luckin coffee,
4067,富力盈信店,(No.2040),天河区华夏路28号富力盈信一层大堂,广州,09:00-18:00,08/01/21 07:10,自运营,luckin coffee,
4068,广晟国际大厦店,(No.6861),天河区珠江西路17号广晟国际大厦二层204室,广州,今日休息中,08/01/21 07:10,自运营,luckin coffee,
4069,中旅商务大厦店,(No.2738),天河区林乐路39号中旅商务大厦底商,广州,08:00-20:00,08/01/21 07:10,自运营,luckin coffee,
4070,宏鼎云璟汇店,(No.0376),白云区云城东路567号宏鼎云璟汇6栋一层105号,广州,08:00-18:00,08/01/21 07:10,自运营,luckin coffee,
4071,流花展贸中心店,(No.1134),越秀区流花路117号流花展贸中心2号馆一层2-1-A003号,广州,08:00-20:00,08/01/21 07:10,自运营,luckin coffee,
4072,财富公馆店,(No.1769),荔湾区西湾路149号越秀·财富公馆B2一层108号 ,广州,08:00-20:00,08/01/21 07:10,自运营,luckin coffee,
4073,广州协和中学东门店,(No.A0903),荔湾区西湾路104号东展大厦一层103铺,广州,今日休息中,08/01/21 07:10,代运营,luckin coffee,
4074,流花君庭店,(No.1212),荔湾区流花路73号流花君庭一层,广州,08:00-18:00,08/01/21 07:10,自运营,luckin coffee,
4075,鹏源发展大厦店,(No.1663),越秀区小北路187号鹏源发展大厦一层109号,广州,07:30-19:00,08/01/21 07:10,自运营,luckin coffee,
4076,世纪骏汇国际店,(No.1154),白云区石槎路聚源街50号世纪骏汇国际大厦一层105室,广州,08:00-18:00,08/01/21 07:10,自运营,luckin coffee,
4077,方圆白云时光店,(No.1904),白云区机场路1630号方圆白云时光大厦一层128-1号,广州,08:00-18:30,08/01/21 07:10,自运营,luckin coffee,
4078,石井国际店,(No.7190),白云区石沙路86号石井国际广场一层大堂,广州,08:00-22:00,08/01/21 07:10,自运营,luckin coffee,
4079,金沙国际广场店,(No.4384),南海区里水镇里广路2号碧桂园金沙国际广场一层L1-106号,广州,08:00-22:00,08/01/21 07:10,自运营,luckin coffee,
4080,名汇广场店,(No.0833),白云区齐富路明珠路归南1号名汇电脑城一层外1FA003号,广州,08:00-20:00,08/01/21 07:10,自运营,luckin coffee,
4081,广外白云校区店,(No.4960),白云区白云大道北2号后勤综合楼二层204号,广州,08:00-19:30,08/01/21 07:10,自运营,luckin coffee,
4082,马务联合工业园店,(No.1499),白云区黄园路33号国际单位创意园二期A区9栋一层101号,广州,08:00-18:00,08/01/21 07:10,自运营,luckin coffee,
4083,汇龙科技园店,(No.0916),白云区鹤龙路街鹤龙一路88海峡两岸信息产业科技园一层B区B106室 ,广州,08:00-18:00,08/01/21 07:10,自运营,luckin coffee,
4084,凯云商务中心店,(No.1751),白云区集贤路集安街自编3号凯云商务中心一层111号,广州,08:00-20:00,08/01/21 07:10,自运营,luckin coffee,
4085,嘉禾金铂天地店,(No.6810),白云区鹤龙二路85号金铂天地三层313a号,广州,10:00-22:30,08/01/21 07:10,自运营,luckin coffee,
4086,龙禧广场店,(No.0909),白云区康庄路2号龙禧广场A栋一层104、107室,广州,08:00-19:00,08/01/21 07:10,自运营,luckin coffee,
4087,汇金广场店,(No.2575),白云区白云大道北路770号汇金广场A座底商,广州,08:00-18:30,08/01/21 07:10,自运营,luckin coffee,
4088,金沙洲永旺梦乐城店,(No.6225),白云区沙凤三路1号永旺梦乐城一层No.165号,广州,10:00-22:00,08/01/21 07:10,自运营,luckin coffee,
4089,金沙洲万达广场店,(No.A0141),南海区大沥镇黄岐建设大道星港国际广场2座一层1029号,广州,08:00-22:00,08/01/21 07:10,代运营,luckin coffee,
4090,西郊商贸中心店,(No.3478),荔湾区桥中中路165号西郊商贸中心北塔一层,广州,08:30-18:00,08/01/21 07:10,自运营,luckin coffee,
4091,黄岐金铂天地店,(No.7034),佛山市南海区广佛路121号黄岐金铂天地负一层B53A,广州,10:00-22:30,08/01/21 07:10,自运营,luckin coffee,
4092,佛山美嘉广场店,(No.A0033),南海区大沥镇黄岐广佛路97号美嘉广场一层222号商铺,广州,08:00-20:00,08/01/21 07:10,代运营,luckin coffee,
4093,海荟城店,(No.3643),荔湾区粤南大街26-29号海荟城一层,广州,08:00-18:00,08/01/21 07:10,自运营,luckin coffee,
4094,广商学院同乐园店,(No.A1862),黄埔区广州商学院同乐园美食广场二层,广州,09:00-20:30,08/01/21 07:10,代运营,luckin coffee,
4095,广州理工学院店,(No.6691),白云区兴太三路638号10栋109房,广州,08:00-20:30,08/01/21 07:10,自运营,luckin coffee,
4096,广东农工商职业技术学院店,(No.6775),广州市增城区风光路393号广东农工商职业技术学院增城校区学生第二食堂,广州,08:30-21:00,08/01/21 07:10,自运营,luckin coffee,
4097,广州大学松田学院店,(No.A1087),增城区朱村大道432号松田学院新食堂109号,广州,今日休息中,08/01/21 07:10,代运营,luckin coffee,
4098,富力金禧店,(No.1248),海珠区南华中路276号富力金禧花园裙楼栋一层101房自编2号,广州,07:00-21:00,08/01/21 07:10,自运营,luckin coffee,
4099,大同商业大厦店,(No.0838),越秀区晏公街34号大同商业大厦北座一层101房之1018-1020号,广州,07:00-20:00,08/01/21 07:10,自运营,luckin coffee,
4100,名店城店,(No.2966),海珠区江南西路8-10号名店城商场负一层A38号 ,广州,08:00-21:30,08/01/21 07:10,自运营,luckin coffee,
4101,富力家信店,(No.6748),海珠区龙凤街道富力家信商业中心A01至2号铺,广州,09:00-22:00,08/01/21 07:10,自运营,luckin coffee,
4102,富力海珠城店,(No.3772),海珠区江南西路1号A区负二层B207b、B208号,广州,10:00-21:00,08/01/21 07:10,自运营,luckin coffee,
4103,华侨大厦店,(No.1246),越秀区侨光路8号华侨大厦一层3、4、5号,广州,08:00-18:30,08/01/21 07:10,自运营,luckin coffee,
4104,富力天域店,(No.1687),海珠区江南大道中180、182号天域中心一层大堂,广州,08:00-18:00,08/01/21 07:10,自运营,luckin coffee,
4105,广州鸿益华府店,(No.A0637),海珠区新业路51号5号铺,广州,08:00-19:00,08/01/21 07:10,代运营,luckin coffee,
4106,海珠盈丰路店,(No.A0560),海珠区盈丰路30号之一102号,广州,08:00-20:30,08/01/21 07:10,代运营,luckin coffee,
4107,盈熙广场店,(No.7126),海珠区凤阳街道江南大道南689号盈熙商贸中心一层1015号商铺,广州,07:30-22:00,08/01/21 07:10,自运营,luckin coffee,
4108,唯品同创汇店,(No.A0472),海珠区新滘中路88号唯品同创汇巴黎道61-101,广州,10:00-18:00,08/01/21 07:10,代运营,luckin coffee,
4109,广州国际轻纺城店,(No.4351),海珠区金纺路2号广州国际轻纺城三层自编D3a083号,广州,09:00-19:30,08/01/21 07:10,自运营,luckin coffee,
4110,海珠万达广场店,(No.6072),海珠区逸景路236号1层1015B号,广州,08:00-22:00,08/01/21 07:10,自运营,luckin coffee,
4111,粤民大厦店,(No.1209),海珠区新港西路114号粤民大厦自编二层207号,广州,07:00-20:00,08/01/21 07:10,自运营,luckin coffee,
4112,保利智能网联产业园店,(No.1415),海珠区南边路38号保利智能网联产业园8号一层102室,广州,08:00-20:00,08/01/21 07:10,自运营,luckin coffee,
4113,仲恺学院海珠校区店,(No.A1362),海珠区仲恺路500号仲恺学生公寓D栋一层食堂,广州,今日休息中,08/01/21 07:10,代运营,luckin coffee,
4114,建华汇店,(No.7159),番禺区建华路13号建华汇底商,广州,08:00-21:30,08/01/21 07:10,自运营,luckin coffee,
4115,粤海仰忠汇店,(No.2043),越秀区北京路168号粤海仰忠汇底商,广州,08:00-22:00,08/01/21 07:10,自运营,luckin coffee,
4116,广州轻纺交易园店,(No.4870),海珠区新港西路 82号广州轻纺交易园A1007号铺,广州,08:00-19:30,08/01/21 07:10,自运营,luckin coffee,
4117,中大科技园店,(No.3622),海珠区新港西路135号中大科技园B座一层大堂 ,广州,07:30-20:00,08/01/21 07:10,自运营,luckin coffee,
4118,财智大厦店,(No.0321),海珠区广州大道448号财智大厦一层105房,广州,07:30-19:00,08/01/21 07:10,自运营,luckin coffee,
4119,j98创意空间店,(No.3276),海珠区建基路98号j98创意空间一层1-13号 ,广州,07:30-19:30,08/01/21 07:10,自运营,luckin coffee,
4120,畅流工业园店,(No.1188),海珠区赤岗西路20-22号畅流工业园9号楼一层,广州,08:00-18:30,08/01/21 07:10,自运营,luckin coffee,
4121,泓景花园店,(No.1662),海珠区艺泓路1号泓景花园B区一层,广州,07:30-21:00,08/01/21 07:10,自运营,luckin coffee,
4122,粤运大厦店,(No.2518),越秀区中山二路3号粤运大厦底商,广州,08:00-18:00,08/01/21 07:10,自运营,luckin coffee,
4123,广州信和广场店,(No.3744),海珠区昌岗中路239号信和广场一层101-7号铺 ,广州,08:00-20:00,08/01/21 07:10,自运营,luckin coffee,
4124,中石化鹤洞路店,(No.1700),荔湾区鹤洞路263号中石化加油站一层大堂,广州,08:00-18:00,08/01/21 07:10,自运营,luckin coffee,
4125,解放大厦店,(No.6864),越秀区人民街道解放南路151号解放大厦一层三单元,广州,08:00-18:00,08/01/21 07:10,自运营,luckin coffee,
4126,M+创工场店,(No.1406),海珠区新港东路28号M+创工场大厦1号楼一层109号,广州,08:00-18:00,08/01/21 07:10,自运营,luckin coffee,
4127,琶洲美食城店,(No.7231),海珠区喧悦西街8号琶洲美食城底商,广州,08:00-21:00,08/01/21 07:10,自运营,luckin coffee,
4128,保利中悦广场店,(No.1743),海珠区暄悦东街23号保利中悦广场一层大堂,广州,08:00-18:00,08/01/21 07:10,自运营,luckin coffee,
4129,万胜广场店,(No.6812),海珠区新港东路1220号万胜广场负一层自编B128铺,广州,07:00-21:30,08/01/21 07:10,自运营,luckin coffee,
4130,生物岛总部社区店,(No.4773),海珠区国际生物岛星岛环南路96号生物岛国际公寓B1栋一层大堂,广州,08:30-18:30,08/01/21 07:10,自运营,luckin coffee,
4131,财经大学第一食堂店,(No.A0365),海珠区仑头路21号广东财经大学第一食堂F2,广州,今日休息中,08/01/21 07:10,代运营,luckin coffee,
4132,广州大学城商业中心店,(No.1166),番禺区大学城中环西路230号大学商业中心A区二层A2347B号,广州,09:00-20:30,08/01/21 07:10,自运营,luckin coffee,
4133,南丰汇商场店,(No.6409),海珠区新港东路618号南丰汇一层101号,广州,07:30-20:00,08/01/21 07:10,自运营,luckin coffee,
4134,广州中洲交易中心店,(No.6392),海珠区新港东路1088号中洲交易中心裙楼六元素体验天地首层1F-04,广州,08:00-20:00,08/01/21 07:10,自运营,luckin coffee,
4135,环汇商业广场南塔店,(No.3275),海珠区新港东路1166号环汇商业广场南塔底商,广州,08:00-18:00,08/01/21 07:10,自运营,luckin coffee,
4136,天安总部中心店,(No.0807),番禺区东环街番禺大道北555号天安总部中心23号楼一层大堂,广州,08:00-18:00,08/01/21 07:10,自运营,luckin coffee,
4137,祈福缤纷世界店,(No.7091),番禺区钟村街家兴五街17、19号祈福缤纷汇底商,广州,08:00-21:30,08/01/21 07:10,自运营,luckin coffee,
4138,金山谷意库店,(No.0658),番禺区东环街东艺路139号金山谷意库22栋一层115号,广州,08:00-18:30,08/01/21 07:10,自运营,luckin coffee,
4139,广州大学城信息枢纽楼店,(No.1053),番禺区明志街1号广州大学城信息枢纽楼副楼一层自编106号,广州,07:30-21:00,08/01/21 07:10,自运营,luckin coffee,
4140,广州美术学院店,(No.A0451),番禺区外环西路168号广州美术学院生活区师生饭堂二层,广州,今日休息中,08/01/21 07:10,代运营,luckin coffee,
4141,合诚大厦店,(No.2025),番禺区兴南大道445号合诚大厦一层110号,广州,08:00-19:30,08/01/21 07:10,自运营,luckin coffee,
4142,广州中医药大学店,(No.6014),番禺区大学城中环东路123号广州中医药大学第一食堂三层自编03号铺,广州,09:00-19:30,08/01/21 07:10,自运营,luckin coffee,
4143,雄峰城店,(No.A1059),番禺区钟村街雄峰城B4-1001A,广州,09:30-22:00,08/01/21 07:10,代运营,luckin coffee,
4144,巨大产业园店,(No.1578),番禺区大石街石北工业路684号巨大创意产业园12栋一层07号,广州,08:00-18:00,08/01/21 07:10,自运营,luckin coffee,
4145,奥园城市天地店,(No.6874),番禺区钟村街汉兴三街8号自编3栋一层2号商铺,广州,08:00-21:00,08/01/21 07:10,自运营,luckin coffee,
4146,保利大都汇店,(No.0901),番禺区汉溪大道东290号保利大都汇B区B6栋二层202室,广州,08:00-18:00,08/01/21 07:10,自运营,luckin coffee,
4147,广外大学城校区店,(No.6869),番禺区广外东路大学城广东外语外贸大学北苑6栋一层底商,广州,08:00-20:00,08/01/21 07:10,自运营,luckin coffee,
4148,数字家庭产业基地店,(No.2892),番禺区青蓝街22号数字家庭产业基地创业大楼底商,广州,07:30-20:30,08/01/21 07:10,自运营,luckin coffee,
4149,GOGO新天地一期店,(No.6482),番禺区小谷围街贝岗村1号高新天地商业广场一期一层第114号商铺,广州,10:00-21:00,08/01/21 07:10,自运营,luckin coffee,
4150,番禺万达店,(No.2459),番禺区南村镇兴南大道368号万达广场金街4号门底商,广州,08:00-22:00,08/01/21 07:10,自运营,luckin coffee,
4151,荔园地产中心店,(No.1559),番禺区南村镇万博四路58号荔园地产中心大厦一层,广州,07:30-18:00,08/01/21 07:10,自运营,luckin coffee,
4152,碧乐时光店,(No.A1813),顺德区北滘镇碧桂园大道2号碧乐时光新翼广场2层220号铺,广州,10:00-20:00,08/01/21 07:10,代运营,luckin coffee,
4153,GOGO新天地店,(No.3668),番禺区小谷围街贝岗村中二横路1号GOGO新天地商业广场二期二层,广州,10:00-21:00,08/01/21 07:10,自运营,luckin coffee,
4154,港航中心店,(No.1875),黄埔区黄埔大道东983号港航中心一层大堂,广州,09:00-18:00,08/01/21 07:10,自运营,luckin coffee,
4155,广百百货北京路店,(No.6407),越秀区北京路295号广百百货商务楼负一层自编号101商铺,广州,08:00-22:00,08/01/21 07:10,自运营,luckin coffee,
4156,五月花广场店,(No.0416),越秀区中山五路68号五月花广场负二层213号 ,广州,08:00-20:00,08/01/21 07:10,自运营,luckin coffee,
4157,广东国际大厦店,(No.2535),越秀区环市东路339号101广东国际大厦主楼一层大堂,广州,08:00-18:00,08/01/21 07:10,自运营,luckin coffee,
4158,广州世界贸易中心店,(No.6505),越秀区环市东路369号友谊商店二层商场配套服务区自编1号,广州,10:00-21:00,08/01/21 07:10,自运营,luckin coffee,
4159,新裕大厦店,(No.0246),越秀区农林下路81号新裕大厦一层大堂,广州,08:00-20:00,08/01/21 07:10,自运营,luckin coffee,
4160,千树盘福大厦店,(No.1557),越秀区东风西路233-235号千树盘福大厦一层大堂,广州,08:00-18:00,08/01/21 07:10,自运营,luckin coffee,
4161,时代国际大厦店,(No.0780),越秀区东风西路187号时代国际大厦107之一号一层大堂,广州,08:00-19:00,08/01/21 07:10,自运营,luckin coffee,
4162,汇丰大厦店,(No.2219),越秀区东风西路148号汇丰大厦一层A02号,广州,08:00-18:00,08/01/21 07:10,自运营,luckin coffee,
4163,荔天大厦店,(No.0776),荔湾区周门北路28号荔天大厦一层1号,广州,08:00-20:00,08/01/21 07:10,自运营,luckin coffee,
4164,荔湾路店,(No.6365),荔湾区荔湾路78号自编7号之B-017号铺,广州,07:30-20:00,08/01/21 07:10,自运营,luckin coffee,
4165,越秀新都会店,(No.0348),越秀区中山六路232号越秀新都会大厦中座一层大堂,广州,08:00-18:00,08/01/21 07:10,自运营,luckin coffee,
4166,广州富邦中心店,(No.6490),荔湾区中山七路51号富邦中心首层103号铺,广州,08:00-20:00,08/01/21 07:10,自运营,luckin coffee,
4167,丽新广场店,(No.6747),荔湾区中山八路24-38号首层自编2号铺,广州,08:00-21:00,08/01/21 07:10,自运营,luckin coffee,
4168,荔胜广场店,(No.1874),荔湾区花地大道中路66号荔胜广场二层12号,广州,08:00-21:30,08/01/21 07:10,自运营,luckin coffee,
4169,花地商业中心店,(No.1183),荔湾区百花路8-10号花地商业中心一层自编114号,广州,07:30-19:00,08/01/21 07:10,自运营,luckin coffee,
4170,芳村万象店,(No.0942),荔湾区花地大道1号芳村万象购物街负一层B19号,广州,08:00-22:00,08/01/21 07:10,自运营,luckin coffee,
4171,嘉邦国金中心店,(No.3346),南海区桂城街道石龙南路1号嘉邦国金中心大厦一层105号,广州,08:00-21:30,08/01/21 07:10,自运营,luckin coffee,
4172,创越时代店,(No.A0662),南海区桂城夏南路61号创越时代文化创意园3座地铺102a,广州,08:00-18:00,08/01/21 07:10,代运营,luckin coffee,
4173,京华保利广场店,(No.7323),南海区融和路16号京华保利广场10座底商,广州,07:00-22:00,08/01/21 07:10,自运营,luckin coffee,
4174,南海万达金街店,(No.A0965),南海区桂澜路北路28号南海万达广场金街6-7号门,广州,09:00-22:00,08/01/21 07:10,代运营,luckin coffee,
4175,合汇广场店,(No.4765),增城区府佑路88号合汇广场钻石街117号底商,广州,08:00-22:00,08/01/21 07:10,自运营,luckin coffee,
4176,增城万达广场店,(No.6419),增城区增城大道69号万达广场金街1栋一层102号,广州,09:00-21:30,08/01/21 07:10,自运营,luckin coffee,
4177,华立科技职业学院店,(No.A1015),增城区增江街华立路1号C15-8,广州,今日休息中,08/01/21 07:10,代运营,luckin coffee,
4178,易博士大厦店,(No.1119),黄埔区伴河路96号易博士大厦自编一栋一层大堂,广州,今日休息中,08/01/21 07:10,自运营,luckin coffee,
4179,飞晟文汇店,(No.1160),黄埔区彩文路166号飞晟文汇广场飞晟二街一层143号,广州,08:30-20:00,08/01/21 07:10,自运营,luckin coffee,
4180,锐丰中心店,(No.4659),黄埔区锐丰二街4号5栋137号,广州,08:00-20:30,08/01/21 07:10,自运营,luckin coffee,
4181,萝岗万达店,(No.6918),黄埔区联合街道科丰路83号萝岗万达广场一层148号铺,广州,07:00-22:00,08/01/21 07:10,自运营,luckin coffee,
4182,合景悠方店,(No.7272),敬请期待!,广州,07:00-22:00,08/01/21 07:10,自运营,luckin coffee,
4183,保泰广场店,(No.6240),黄埔区丰乐北路116号首层109号商铺,广州,08:00-19:30,08/01/21 07:10,自运营,luckin coffee,
4184,黄埔保利中誉广场店,(No.A0426),黄埔区大沙东路319号保利中誉广场附楼109号,广州,09:00-20:00,08/01/21 07:10,代运营,luckin coffee,
4185,文冲同创汇店,(No.1590),黄埔区石化路219号文冲同创汇一层大堂,广州,08:00-20:30,08/01/21 07:10,自运营,luckin coffee,
4186,七喜大厦店,(No.0857),黄埔区科学大道286号七喜大厦101之自编一层大堂106室,广州,08:30-18:00,08/01/21 07:10,自运营,luckin coffee,
4187,广州科学城店,(No.A0802),黄埔区科学大道237号A2栋一层大堂,广州,08:00-18:00,08/01/21 07:10,代运营,luckin coffee,
4188,临沂和谐广场店,(No.A1048),兰山区解放路151号和谐广场2层209A,临沂,10:00-21:30,08/01/21 07:10,代运营,luckin coffee,
4189,临沂泰盛店,(No.A1042),兰山区解放路88号泰盛广场二期106号,临沂,07:30-23:00,08/01/21 07:10,代运营,luckin coffee,
4190,临沂解放路店,(No.A1123),兰山区解放路181号胜道体育东北角沿街,临沂,08:00-23:00,08/01/21 07:10,代运营,luckin coffee,
4191,临沂人民广场店,(No.A0537),兰山区沂蒙路198号卜蜂莲花大世界一层底商,临沂,07:30-22:00,08/01/21 07:10,代运营,luckin coffee,
4192,临沂华润万象汇店,(No.A1037),兰山区沂蒙路171-2号华润万象汇店南门（3号门）中厅,临沂,10:00-21:30,08/01/21 07:10,代运营,luckin coffee,
4193,临沂金雀山街道店,(No.A0069),兰山区金雀山街道开元上府15号楼106室,临沂,07:30-21:30,08/01/21 07:10,代运营,luckin coffee,
4194,临沂大剧院店,(No.A0569),兰山区北城新区宝德新领域A11号楼1层106号,临沂,07:30-21:30,08/01/21 07:10,代运营,luckin coffee,
4195,上海路万达广场店,(No.A1533),上海路万达广场4层4009号,临沂,10:00-22:00,08/01/21 07:10,代运营,luckin coffee,
4196,华科中心店,(No.A0564),兰山北城新区沂蒙路济南路交汇华科中心107室,临沂,07:30-21:00,08/01/21 07:10,代运营,luckin coffee,
4197,临沂大学店,(No.A0576),兰山区临沂大学大学生活动中心一层沿街,临沂,今日休息中,08/01/21 07:10,代运营,luckin coffee,
4198,临沂齐鲁园店,(No.A0780),兰山区府孝河路齐鲁园广场2幢一层120号,临沂,07:30-22:30,08/01/21 07:10,代运营,luckin coffee,
4199,费县东方购物广场店,(No.A1924),费县胜利路与建设路交汇处南30米路西,临沂,07:30-22:00,08/01/21 07:10,代运营,luckin coffee,
4200,临沂鲁商中心店,(No.A1070),兰山区柳青街道鲁商中心B02座111号,临沂,07:30-22:00,08/01/21 07:10,代运营,luckin coffee,
4201,临沂新城吾悦广场店,(No.A1217),河东区东兴路临沂河东吾悦广场一层108号铺位,临沂,10:00-22:00,08/01/21 07:10,代运营,luckin coffee,
4202,郯城商业广场店,(No.A1505),郯城县郯城街道商业广场商业街6号,临沂,09:00-22:00,08/01/21 07:10,代运营,luckin coffee,
4203,临沂宝丽财富广场店,(No.A1212),罗庄区开元路于罗五路交汇宝丽财富广场1层113A,临沂,09:30-21:30,08/01/21 07:10,代运营,luckin coffee,
4204,沂南君悦购物中心店,(No.A1581),沂南县界湖街道历山路与人民路交汇处君悦购物中心一层,临沂,08:00-22:00,08/01/21 07:10,代运营,luckin coffee,
4205,兰陵开元国际商城店,(No.A1519),兰陵县开元国际商城南楼北门一层入口中庭处,临沂,09:00-21:00,08/01/21 07:10,代运营,luckin coffee,
4206,临沂万阅城店,(No.A1297),敬请期待!,临沂,08:00-18:00,08/01/21 07:10,代运营,luckin coffee,
4207,临沂泰盛二店,(No.A1938),敬请期待!,临沂,08:00-18:00,08/01/21 07:10,代运营,luckin coffee,
4208,临沂上海路万达店,(No.A1298),敬请期待!,临沂,08:00-18:00,08/01/21 07:10,代运营,luckin coffee,
4209,苏州人民路店,(No.1818),姑苏区人民路1100号一层A0203号,苏州,08:00-18:30,08/01/21 07:10,自运营,luckin coffee,
4210,泰华东楼店,(No.1442),姑苏区人民路372号泰华东楼一层105a号,苏州,10:00-20:30,08/01/21 07:10,自运营,luckin coffee,
4211,中国电信凤凰街店,(No.3289),姑苏区凤凰街148号中国电信营业厅一层,苏州,09:30-19:00,08/01/21 07:10,自运营,luckin coffee,
4212,观前1号购物中心店,(No.1863),姑苏区观前街1-53号观前1号商场一层102B号,苏州,09:30-21:30,08/01/21 07:10,自运营,luckin coffee,
4213,永捷峰汇店,(No.1392),姑苏区广济南路19号永捷峰汇一层大堂,苏州,08:30-18:00,08/01/21 07:10,自运营,luckin coffee,
4214,天虹CC店,(No.1974),姑苏区广济南路219号石路天虹商场二层2041C号,苏州,10:00-21:00,08/01/21 07:10,自运营,luckin coffee,
4215,狮子林店,(No.A0868),姑苏区白塔东路283号狮子林南公交站台旁,苏州,08:00-19:00,08/01/21 07:10,代运营,luckin coffee,
4216,沃尔玛南环店,(No.4976),姑苏区东吴北路288号一层0309F1F0008-Bh号,苏州,09:00-20:30,08/01/21 07:10,自运营,luckin coffee,
4217,张家港杨舍老街店,(No.4916),张家港市杨舍老街2幢33号底商,苏州,08:30-21:30,08/01/21 07:10,自运营,luckin coffee,
4218,张家港华建农商银行店,(No.4843),张家港市沙洲西路113号华建大厦一层103室,苏州,08:30-18:00,08/01/21 07:10,自运营,luckin coffee,
4219,张家港万达广场4F店,(No.6910),张家港市人民东路20号张家港万达广场四层4016号,苏州,10:00-22:00,08/01/21 07:10,自运营,luckin coffee,
4220,张家港新城吾悦广场店,(No.4219),张家港市金港大道338号新城吾悦广场店二层207号,苏州,09:30-21:00,08/01/21 07:10,自运营,luckin coffee,
4221,万达汇金商业广场店,(No.4668),张家港市人民东路汇金商业中心A幢一层大堂 ,苏州,08:30-19:00,08/01/21 07:10,自运营,luckin coffee,
4222,张家港国泰金融广场店,(No.4586),张家港市杨舍镇滨河路1号-国泰金融广场A幢M124底商 ,苏州,今日休息中,08/01/21 07:10,自运营,luckin coffee,
4223,西区锦丰服务区2店,(No.A0961),锦丰镇鼎盛村锦丰服务区,苏州,08:00-21:00,08/01/21 07:10,代运营,luckin coffee,
4224,常熟万达永辉超市店,(No.4258),常熟市珠海路8号万达广场永辉超市一层,苏州,09:30-20:00,08/01/21 07:10,自运营,luckin coffee,
4225,常熟汇丰时代广场店,(No.4745),常熟市黄河路22号汇丰时代广场3幢一层106号,苏州,08:00-18:00,08/01/21 07:10,自运营,luckin coffee,
4226,东区锦丰服务区1店,(No.A0598),锦丰镇鼎盛村锦丰服务区,苏州,08:00-21:00,08/01/21 07:10,代运营,luckin coffee,
4227,金鹰国际购物中心店,(No.1393),虎丘区狮山路298号金鹰国际购物中心四层大堂,苏州,10:00-21:00,08/01/21 07:10,自运营,luckin coffee,
4228,盛博广场店,(No.1336),姑苏区人民路2899号盛博广场星世界一层1-5号,苏州,08:00-20:30,08/01/21 07:10,自运营,luckin coffee,
4229,尼盛尚品汇店,(No.1349),吴中区苏州大道西205号尼盛尚品汇负一层,苏州,08:00-20:00,08/01/21 07:10,自运营,luckin coffee,
4230,中衡设计大厦店,(No.1364),吴中区八达街111号中衡设计大厦一层大堂,苏州,08:00-18:00,08/01/21 07:10,自运营,luckin coffee,
4231,港龙蠡和大厦店,(No.1363),吴中区苏蠡路59号蠡和大厦一层大堂,苏州,08:00-18:00,08/01/21 07:10,自运营,luckin coffee,
4232,世茂生活广场店,(No.1440),姑苏区宝带西路1177号世茂生活广场H座一层大堂 ,苏州,08:00-18:30,08/01/21 07:10,自运营,luckin coffee,
4233,港华大厦店,(No.1461),吴中区通园路699号港华大厦一层大堂,苏州,08:00-18:00,08/01/21 07:10,自运营,luckin coffee,
4234,昆山世茂购物广场店,(No.4811),昆山市前进东路199号1期世茂广场D0L101-1HA号商铺一层,苏州,09:30-21:00,08/01/21 07:10,自运营,luckin coffee,
4235,昆山弘基财富广场店,(No.A0334),昆山市开发区前进路888号弘基财富广场1幢20号,苏州,09:00-20:00,08/01/21 07:10,代运营,luckin coffee,
4236,东南新区永旺店,(No.A0659),常熟市东南大道168号永旺梦乐城T-103号,苏州,10:00-21:30,08/01/21 07:10,代运营,luckin coffee,
4237,常熟理工学院店,(No.A0971),高新技术产业开发区常熟理工学院东南校区东苑餐厅二层,苏州,11:00-19:00,08/01/21 07:10,代运营,luckin coffee,
4238,常客隆购物广场店,(No.4844),常熟市海虞北路27号常客隆购物广场1-2号商铺一层,苏州,08:00-21:00,08/01/21 07:10,自运营,luckin coffee,
4239,常熟印象城店,(No.4661),常熟市海虞南路88号印象城购物中心三层24-01号,苏州,09:30-21:00,08/01/21 07:10,自运营,luckin coffee,
4240,方塔东街移动店,(No.6665),常熟市方塔东街６号移动营业厅一层大堂,苏州,09:00-18:00,08/01/21 07:10,自运营,luckin coffee,
4241,天成大厦店,(No.3285),相城区南天成路8号天成大厦一层大堂,苏州,今日休息中,08/01/21 07:10,自运营,luckin coffee,
4242,苏州高铁新城高融大厦店,(No.A0703),相城区高铁新城南天成路77号高融大厦一层玻璃房,苏州,09:00-18:00,08/01/21 07:10,代运营,luckin coffee,
4243,玉山海创大厦店,(No.A0640),昆山玉山镇登云路288号海创大厦c座109北,苏州,08:00-17:00,08/01/21 07:10,代运营,luckin coffee,
4244,登云科技职业学院店,(No.6754),昆山市马鞍山西路1058号第一食堂,苏州,12:00-18:00,08/01/21 07:10,自运营,luckin coffee,
4245,昆山万象汇店,(No.7003),昆山市前进西路1266号四层423号,苏州,10:00-21:30,08/01/21 07:10,自运营,luckin coffee,
4246,高新商务广场店,(No.2537),虎丘区狮山路28号高新广场一层大堂,苏州,今日休息中,08/01/21 07:10,自运营,luckin coffee,
4247,乐嘉汇商务广场店,(No.1901),虎丘区运河路77号乐嘉汇商务广场一层113号,苏州,08:00-18:00,08/01/21 07:10,自运营,luckin coffee,
4248,恒业铂金大厦店,(No.3790),姑苏区三香路1338号恒业铂金大厦一层103-2室,苏州,今日休息中,08/01/21 07:10,自运营,luckin coffee,
4249,苏州龙湖天街购物广场店,(No.3771),高新区塔园路181号龙湖天街购物广场店负一层大堂,苏州,10:00-22:00,08/01/21 07:10,自运营,luckin coffee,
4250,苏州龙湖时代100店,(No.1943),虎丘区金山东路81号时代100写字楼一层大堂 ,苏州,09:00-18:00,08/01/21 07:10,自运营,luckin coffee,
4251,苏州美罗百货新区店,(No.4983),高新区长江路211号美罗商城负一层B006号,苏州,10:00-21:00,08/01/21 07:10,自运营,luckin coffee,
4252,来客茂时尚生活中心店,(No.4588),姑苏区桐泾北路218号来客茂生活广场一层大堂,苏州,10:00-20:30,08/01/21 07:10,自运营,luckin coffee,
4253,活力广场店,(No.2340),相城区聚茂街185号活力大厦A座一层,苏州,08:00-18:30,08/01/21 07:10,自运营,luckin coffee,
4254,锐晶大厦店,(No.1899),吴中区木渎镇金山南路868号锐晶大厦A座一层大堂,苏州,今日休息中,08/01/21 07:10,自运营,luckin coffee,
4255,世界贸易中心店,(No.1877),姑苏区苏站路1588号苏州世界贸易中心西楼一层105号,苏州,08:00-18:00,08/01/21 07:10,自运营,luckin coffee,
4256,万融国际大厦店,(No.2482),姑苏区人民路3158号万融国际大厦一层大堂,苏州,今日休息中,08/01/21 07:10,自运营,luckin coffee,
4257,苏州梦多多小镇店,(No.2342),相城区润元路366号哥伦布邻街商业中心一层1021号,苏州,09:30-20:30,08/01/21 07:10,自运营,luckin coffee,
4258,东创科技园店,(No.1514),吴中区木渎镇金枫路216号东创科技园6幢E栋一层大堂,苏州,09:00-18:00,08/01/21 07:10,自运营,luckin coffee,
4259,苏州玫瑰天街店,(No.3389),吴中区长江路28号玫瑰天街22号楼底商,苏州,09:00-20:00,08/01/21 07:10,自运营,luckin coffee,
4260,苏州科技城医院店,(No.2439),虎丘区漓江路1号科技城医院四层家属等候区,苏州,08:30-17:00,08/01/21 07:10,自运营,luckin coffee,
4261,高博软件技术学院店,(No.6538),高新区科技城青山路5号高博软件技术学院2号食堂底商,苏州,10:00-20:00,08/01/21 07:10,自运营,luckin coffee,
4262,一号线融创茂店,(No.4631),滨湖区缘溪道融创文化旅游城66号负一楼地铁葛埭桥站4号口,苏州,09:00-21:00,08/01/21 07:10,自运营,luckin coffee,
4263,苏州灵岩山店,(No.C0559),吴中区灵岩山南大门底商,苏州,10:00-17:30,08/01/21 07:10,代运营,小鹿茶,
4264,苏州环球港店,(No.7056),相城区元和街道苏州环球港一层104号,苏州,08:30-21:30,08/01/21 07:10,自运营,luckin coffee,
4265,克拉公馆店,(No.1706),吴中区东吴北路170号东吴广场克拉公馆一层大堂,苏州,09:00-18:00,08/01/21 07:10,自运营,luckin coffee,
4266,新苏国际广场店,(No.1889),吴中区东吴北路98号新苏国际广场一层大堂,苏州,08:00-18:00,08/01/21 07:10,自运营,luckin coffee,
4267,金鸡湖欧尚城店,(No.4221),吴中区中新大道西181号1幢欧尚超市一层,苏州,09:00-21:00,08/01/21 07:10,自运营,luckin coffee,
4268,苏州科技大学汇金店,(No.4511),虎丘区宝带西路1099号汇金新地商业广场3幢一层116室,苏州,09:00-18:00,08/01/21 07:10,自运营,luckin coffee,
4269,吴中万达广场店,(No.7182),吴中区石湖西188号万达广场一层,苏州,08:00-21:00,08/01/21 07:10,自运营,luckin coffee,
4270,苏州国际教育园体育中心店,(No.A0338),吴中区越溪街道国际教育园南区体育中心一层东A7-2室,苏州,10:30-19:00,08/01/21 07:10,代运营,luckin coffee,
4271,苏州大学文正学院店,(No.7029),吴中区吴中大道1188号苏州大学文正学院一川街三区商业街一层1-3室,苏州,09:00-19:30,08/01/21 07:10,自运营,luckin coffee,
4272,苏州SM城市广场店,(No.2711),吴中区吴中大道1109号SM广场A馆一层大堂,苏州,10:00-21:30,08/01/21 07:10,自运营,luckin coffee,
4273,财智金鹰中心店,(No.2796),吴江区体育路508号吴江财智金鹰商业中心1幢底商,苏州,08:00-20:00,08/01/21 07:10,自运营,luckin coffee,
4274,高新路邻里广场店,(No.A0718),吴江区高新路938号邻里广场2幢-104北面2间,苏州,08:00-18:00,08/01/21 07:10,代运营,luckin coffee,
4275,苏州吾悦广场店,(No.4669),吴江区开平路2188号新城吾悦广场二层011-2-1室,苏州,10:00-21:30,08/01/21 07:10,自运营,luckin coffee,
4276,吴江华邦店,(No.A0632),吴江区中山南路998号华邦商业广场5-119商铺,苏州,08:00-21:00,08/01/21 07:10,代运营,luckin coffee,
4277,花园里商业广场店,(No.4693),吴江区兴中路与鲈乡北路交汇处花园里商业广场一层3250号,苏州,09:00-21:00,08/01/21 07:10,自运营,luckin coffee,
4278,尹山湖阳光天地店,(No.3243),吴中区环湖路1688号阳光天地商场2幢一层101号,苏州,08:30-21:30,08/01/21 07:10,自运营,luckin coffee,
4279,中新大厦店,(No.1460),吴中区月亮湾路15号中新大厦一层大堂,苏州,今日休息中,08/01/21 07:10,自运营,luckin coffee,
4280,苏州工业学院文萃店,(No.2869),吴中区雪堂街8号文萃广场底商,苏州,07:30-19:30,08/01/21 07:10,自运营,luckin coffee,
4281,苏大天宫店,(No.2558),吴中区星湖街328号苏州创意产业园4栋一层B101号,苏州,今日休息中,08/01/21 07:10,自运营,luckin coffee,
4282,苏州大学独墅湖校区店,(No.A0390),苏州市吴中区松涛街64号第五食堂,苏州,今日休息中,08/01/21 07:10,代运营,luckin coffee,
4283,翰林邻里中心店,(No.A0953),苏州工业园区林泉街598号翰林邻里中心B113室,苏州,09:00-21:00,08/01/21 07:10,代运营,luckin coffee,
4284,苏州纳米城店,(No.A0137),苏州工业园区金鸡湖大道99号苏州纳米城西北区18幢108室,苏州,09:00-18:00,08/01/21 07:10,代运营,luckin coffee,
4285,第一工园店,(No.7058),吴中区越溪街道第1工园杰座B5栋东门一层大堂,苏州,今日休息中,08/01/21 07:10,自运营,luckin coffee,
4286,周庄古镇古牌楼店,(No.A2035),敬请期待!,苏州,08:00-18:00,08/01/21 07:10,代运营,luckin coffee,
4287,嘉善商业广场店,(No.A0912),敬请期待!,苏州,00:00-24:00,08/01/21 07:10,代运营,luckin coffee,
4288,11生活广场店,(No.6077),无锡市新吴区香梅硕放商业广场一层4-1020号1086号,苏州,08:30-20:30,08/01/21 07:10,自运营,luckin coffee,
4289,无锡硕放机场店,(No.3154),新吴区苏南硕放国际机场T2航站楼二层32号安检区内18号登机口,苏州,06:30-21:00,08/01/21 07:10,自运营,luckin coffee,
4290,梅村五洲国际广场店,(No.6285),无锡市新吴区梅村新友北路8号五洲国际购物广场负一楼A35商铺,苏州,10:00-20:00,08/01/21 07:10,自运营,luckin coffee,
4291,南信大滨江学院店,(No.A0523),锡山区安镇街道新韵北路888-40底商,苏州,09:30-20:00,08/01/21 07:10,代运营,luckin coffee,
4292,创融大厦店,(No.2716),锡山区丹山路88-1号锡东创融大厦A座一层大堂,苏州,08:00-18:00,08/01/21 07:10,自运营,luckin coffee,
4293,梅村530创业中心店,(No.1554),新吴区新区梅村锡贤路129-1号梅村530创业中心一层大堂,苏州,今日休息中,08/01/21 07:10,自运营,luckin coffee,
4294,苏州龙湖星湖天街店,(No.6688),吴中区唯亭街38号龙湖星湖天街A区四层30号,苏州,10:00-21:30,08/01/21 07:10,自运营,luckin coffee,
4295,君地大厦店,(No.2755),吴中区唯华路5号君风生活广场8栋君地大厦一层大堂,苏州,08:00-18:00,08/01/21 07:10,自运营,luckin coffee,
4296,创新创意产业园店,(No.2803),新吴区新华路5号创新创意产业园一期A栋一层,苏州,今日休息中,08/01/21 07:10,自运营,luckin coffee,
4297,530大厦店,(No.1839),新吴区清源路18号530大厦D座一层大堂,苏州,09:00-18:00,08/01/21 07:10,自运营,luckin coffee,
4298,佛奥天佑城店,(No.7288),新吴区和风路18号佛奥天佑城全家友精品超市一层大堂,苏州,08:00-18:00,08/01/21 07:10,自运营,luckin coffee,
4299,无锡协信中心店,(No.1331),新吴区和风路27号星光商业中心一层5-7号,苏州,08:30-18:00,08/01/21 07:10,自运营,luckin coffee,
4300,国家软件园天鹅座店,(No.1820),新吴区科研北路国家软件园天鹅座D栋一层,苏州,今日休息中,08/01/21 07:10,自运营,luckin coffee,
4301,金鹰国际购物中心昆山店,(No.4239),昆山市珠江中路199号金鹰国际购物中心二层大堂,苏州,09:30-21:00,08/01/21 07:10,自运营,luckin coffee,
4302,昆山经开万达店,(No.6886),昆山市衡山路58号经开万达广场五层5030商铺,苏州,10:00-21:30,08/01/21 07:10,自运营,luckin coffee,
4303,云顶之星店,(No.2228),吴中区苏州大道东288号云顶之星酒店一层大堂,苏州,08:00-18:00,08/01/21 07:10,自运营,luckin coffee,
4304,元联金融中心店,(No.3223),吴中区斜塘街道钟园路710号元联金融中心一层大堂,苏州,今日休息中,08/01/21 07:10,自运营,luckin coffee,
4305,新光天地店,(No.2494),吴中区苏州大道东456号新光天地五层5027号,苏州,10:00-20:30,08/01/21 07:10,自运营,luckin coffee,
4306,中石化华池街店,(No.3563),吴中区华池街149号中石化油加油站一层,苏州,08:00-18:00,08/01/21 07:10,自运营,luckin coffee,
4307,文博广场店,(No.3109),吴中区苏州大道东688号苏州文博广场一层4号,苏州,07:30-19:00,08/01/21 07:10,自运营,luckin coffee,
4308,方洲邻里中心店,(No.4216),吴中区方洲路528号方洲邻里中心一层B117室,苏州,08:30-20:00,08/01/21 07:10,自运营,luckin coffee,
4309,兆佳巷店,(No.6050),吴中区方洲街468号兆佳巷邻里中心1号楼一层110-3室,苏州,09:00-20:30,08/01/21 07:10,自运营,luckin coffee,
4310,东方之门店,(No.6857),吴中区星港街199号东方之门地铁站6号口北区负一层商业街,苏州,10:00-21:30,08/01/21 07:10,自运营,luckin coffee,
4311,苏州2点5产业园店,(No.A0585),工业园区东长路88号2.5产业园N1-101,苏州,09:00-18:00,08/01/21 07:10,代运营,luckin coffee,
4312,方正智谷店,(No.2961),吴中区苏虹东路155号方正智谷7栋一层103室,苏州,08:00-18:00,08/01/21 07:10,自运营,luckin coffee,
4313,凤凰国际公寓店,(No.2850),吴中区苏州大道西158号凤凰国际公寓一层101室,苏州,08:00-18:00,08/01/21 07:10,自运营,luckin coffee,
4314,苏悦广场店,(No.2341),吴中区苏州大道西118号苏悦商贸广场南区楼商场一层S1-03室,苏州,09:30-20:30,08/01/21 07:10,自运营,luckin coffee,
4315,华盛广场店,(No.2481),吴中区苏雅路158号华盛广场B座一层大堂,苏州,08:00-17:00,08/01/21 07:10,自运营,luckin coffee,
4316,苏州悠方商场店,(No.6821),敬请期待!,苏州,07:00-22:00,08/01/21 07:10,自运营,luckin coffee,
4317,衢州国金中心店,(No.A0642),柯城区府山街道南街3-4号,衢州,08:00-22:00,08/01/21 07:10,代运营,luckin coffee,
4318,衢州万达广场店,(No.A1166),柯城区荷花中路万达广场二层苏宁易购往三福方向,衢州,09:30-22:00,08/01/21 07:10,代运营,luckin coffee,
4319,衢州西区大学城店,(No.A1251),柯城区九华北大道271号,衢州,09:00-21:30,08/01/21 07:10,代运营,luckin coffee,
4320,衢州新城吾悦广场店,(No.A0474),柯城区白云中大道99号新城吾悦广场2幢101号1号大门外肯德基旁,衢州,08:00-22:00,08/01/21 07:10,代运营,luckin coffee,
4321,龙游东方广场店,(No.A1960),龙游县人民南路62号,衢州,08:30-22:00,08/01/21 07:10,代运营,luckin coffee,
4322,衢州振兴中路店,(No.A2109),敬请期待!,衢州,08:00-18:00,08/01/21 07:10,代运营,luckin coffee,
4323,龙游太平东路店,(No.A2110),敬请期待!,衢州,08:00-18:00,08/01/21 07:10,代运营,luckin coffee,
4324,开化临湖路店,(No.A0622),开化县华埠镇临湖路48号,衢州,08:30-21:30,08/01/21 07:10,代运营,luckin coffee,
4325,衢州常山文峰店,(No.A0663),常山县天马街道文峰西路68号柚香商贸城,衢州,09:00-22:00,08/01/21 07:10,代运营,luckin coffee,
4326,江山城中路店,(No.A1810),江山市城中路19-9号,衢州,09:00-22:30,08/01/21 07:10,代运营,luckin coffee,
4327,玉山解放路店,(No.A1899),玉山县天龙广场4栋103号,衢州,09:00-22:00,08/01/21 07:10,代运营,luckin coffee,
4328,仙桃城市广场店,(No.A0998),大新路江汉布塑批发市场210号,仙桃,09:00-21:30,08/01/21 07:10,代运营,luckin coffee,
4329,武商仙桃购物中心店,(No.6668),龙华山办事处钱沟路两侧武商仙桃购物中心内一层02号店铺,仙桃,09:30-21:00,08/01/21 07:10,自运营,luckin coffee,
4330,六安吾悦广场店,(No.A1227),裕安区吾悦广场一层1035/1036-1号,六安,10:00-22:00,08/01/21 07:10,代运营,luckin coffee,
4331,石狮德辉广场店,(No.4419),石狮市八七路德辉广场七层,石狮(泉州),10:00-22:00,08/01/21 07:10,自运营,luckin coffee,
4332,石狮世茂SOHO店,(No.4761),石狮市灵秀镇石金路297号石狮世茂摩天城sohoB座一层大堂,石狮(泉州),今日休息中,08/01/21 07:10,自运营,luckin coffee,
4333,闽南理工学院店,(No.4891),石狮市闽南理工学院学生街二层16号,石狮(泉州),08:30-22:00,08/01/21 07:10,自运营,luckin coffee,
4334,世茂摩天城店,(No.4925),石狮市灵秀镇石龙路888号世茂摩天城商场外街150A铺位,石狮(泉州),10:00-22:00,08/01/21 07:10,自运营,luckin coffee,
4335,石狮泰禾广场店,(No.6093),石狮市湖滨街道宝岛中路339号石狮泰禾广场天街10#160号,石狮(泉州),10:00-22:30,08/01/21 07:10,自运营,luckin coffee,
4336,石狮步行街店,(No.A0272),石狮市九二路商业步行街瑞昌街24号,石狮(泉州),09:00-21:30,08/01/21 07:10,代运营,luckin coffee,
4337,湘潭万达店,(No.A0275),岳塘区湘潭大道281号万达广场2号门,湘潭,10:00-21:00,08/01/21 07:10,代运营,luckin coffee,
4338,湘潭天虹店,(No.4908),岳塘区福星中路169号福星国际大厦广场天虹商场一层1060号,湘潭,09:30-21:00,08/01/21 07:10,自运营,luckin coffee,
4339,湘潭华隆步行街店,(No.A1302),岳塘区建设南路76号莲城商业步行街C1-C3栋一层,湘潭,09:30-22:00,08/01/21 07:10,代运营,luckin coffee,
4340,城市盒子商业街店,(No.6772),雨湖区车站路1号城市盒子商业街负一层0101051号,湘潭,09:00-22:00,08/01/21 07:10,自运营,luckin coffee,
4341,湘潭基建营步步高店,(No.A1019),雨湖区车站路28号步步高百货基建营店一层,湘潭,08:00-21:00,08/01/21 07:10,代运营,luckin coffee,
4342,湖南科技大学店,(No.A0738),雨湖区赤马路石马综合楼1层步步高科大店商场,湘潭,10:00-21:00,08/01/21 07:10,代运营,luckin coffee,
4343,湘潭大学北苑店,(No.7039),雨湖区羊牯塘街道湘潭大学北苑步步高购物中心一层超市,湘潭,08:00-21:00,08/01/21 07:10,自运营,luckin coffee,
4344,国际企业中心店,(No.2631),雨花区新兴路268号国际企业城北区13栋一层102,湘潭,08:00-18:00,08/01/21 07:10,自运营,luckin coffee,
4345,鑫远鑫悦汇店,(No.1932),天心区芙蓉南路二段390号鑫远鑫悦汇商场一层,湘潭,09:30-20:00,08/01/21 07:10,自运营,luckin coffee,
4346,国家广告产业园店,(No.1548),天心区雀园路568号创谷产业园A2栋一层102-103号,湘潭,今日休息中,08/01/21 07:10,自运营,luckin coffee,
4347,德思勤城市广场店,(No.1426),雨花区迎新路德思勤广场永利街德思勤公寓A3栋1116号,湘潭,10:00-22:00,08/01/21 07:10,自运营,luckin coffee,
4348,御溪国际店,(No.2639),雨花区迎新路499号御溪国际一栋一层大堂,湘潭,08:30-19:00,08/01/21 07:10,自运营,luckin coffee,
4349,新南城商务中心店,(No.1964),雨花区湘府中路198号新南城商务中心A栋一层大堂,湘潭,08:00-18:00,08/01/21 07:10,自运营,luckin coffee,
4350,鑫远国际大厦店,(No.1933),天心区湘府西路29号鑫远国际大厦A座一层102号,湘潭,08:00-18:00,08/01/21 07:10,自运营,luckin coffee,
4351,湘潭大学店,(No.6514),敬请期待!,湘潭,07:00-22:00,08/01/21 07:10,自运营,luckin coffee,
4352,中盈广场店,(No.1903),岳麓区洋湖街道潇湘南路一段368号中盈广场C座一层106-1号,湘潭,08:30-18:00,08/01/21 07:10,自运营,luckin coffee,
4353,运成大厦店,(No.1973),天心区友谊路413号运成大厦一层大堂,湘潭,08:00-18:00,08/01/21 07:10,自运营,luckin coffee,
4354,湘潭中心店,(No.7204),敬请期待!,湘潭,07:00-22:00,08/01/21 07:10,自运营,luckin coffee,
4355,娄底万豪城市广场店,(No.A1911),娄星区长青街道万豪城市广场三层,湘潭,09:00-21:00,08/01/21 07:10,代运营,luckin coffee,
4356,江阴职业技术学院店,(No.6814),敬请期待!,江阴(无锡),07:00-22:00,08/01/21 07:10,自运营,luckin coffee,
4357,常德友阿广场店,(No.A2006),武陵区朗州路和丹阳路十字路口交汇处,常德,09:00-22:00,08/01/21 07:10,代运营,luckin coffee,
4358,常德步步高百货店,(No.A1901),武陵区人民路1617号金泰利步步高1层1063号,常德,09:00-22:00,08/01/21 07:10,代运营,luckin coffee,
4359,常德万达写字楼店,(No.A1860),武陵区皂果路109号万达写字楼B座一层大堂,常德,08:30-21:00,08/01/21 07:10,代运营,luckin coffee,
4360,常德欢乐城店,(No.C0354),常德欢乐城四层四区4016A号商铺,常德,09:30-22:00,08/01/21 07:10,代运营,小鹿茶,
4361,常德万达店,(No.A1504),敬请期待!,常德,08:00-18:00,08/01/21 07:10,代运营,luckin coffee,
4362,常德河街店,(No.A2082),敬请期待!,常德,08:00-18:00,08/01/21 07:10,代运营,luckin coffee,
4363,澧县欢乐城店,(No.C0164),澧县澧阳街道办事处万寿宫居委会万象金街欢乐城G层B区35号,常德,今日休息中,08/01/21 07:10,代运营,小鹿茶,
4364,江门地王广场店,(No.A1870),蓬江区胜利路28号地王广场首层1066号铺位,江门,10:00-22:30,08/01/21 07:10,代运营,luckin coffee,
4365,江海广场店,(No.A1515),江海区江南街道江海广场一层2号门外,江门,10:00-22:00,08/01/21 07:10,代运营,luckin coffee,
4366,江门中心店,(No.A0948),蓬江区白石大道199号109室商铺,江门,09:30-22:00,08/01/21 07:10,代运营,luckin coffee,
4367,江门万达店,(No.A1326),蓬江区广场西路万达广场一层室外街1041号铺,江门,08:30-21:00,08/01/21 07:10,代运营,luckin coffee,
4368,江职第三食堂店,(No.A1603),蓬江区潮连大道6号江门职业技术学院第三食堂二层,江门,10:00-21:00,08/01/21 07:10,代运营,luckin coffee,
4369,华艺广场店,(No.A0245),古镇镇中兴大道南1号华艺广场主楼区一层27D号,江门,09:00-22:00,08/01/21 07:10,代运营,luckin coffee,
4370,中山古镇世贸广场店,(No.A0252),古镇镇中兴大道旁怡廷豪园一期2区一层b-13号,江门,09:00-22:00,08/01/21 07:10,代运营,luckin coffee,
4371,百汇时代广场店,(No.3279),石岐街道北秀路43号百汇时代广场3号楼一层033号,江门,09:30-22:00,08/01/21 07:10,自运营,luckin coffee,
4372,鹤山一汇新天地店,(No.A1564),义学路一汇新天地A011-01号铺,江门,08:30-22:30,08/01/21 07:10,代运营,luckin coffee,
4373,台山昌大昌广场店,(No.C0168),台山市舜德路133号,江门,10:00-22:30,08/01/21 07:10,代运营,小鹿茶,
4374,开平东汇城店,(No.A1477),长沙街道办事处开平大道1号4幢首层01号铺,江门,09:00-23:00,08/01/21 07:10,代运营,luckin coffee,
4375,台山步行街店,(No.A1847),台城街道桔园路6号,江门,08:30-23:00,08/01/21 07:10,代运营,luckin coffee,
4376,五邑大学店,(No.A1869),敬请期待!,江门,08:00-18:00,08/01/21 07:10,代运营,luckin coffee,
4377,恩平御景湾店,(No.A2011),敬请期待!,江门,08:00-18:00,08/01/21 07:10,代运营,luckin coffee,
4378,金沙时代广场店,(No.A2086),敬请期待!,江门,08:00-18:00,08/01/21 07:10,代运营,luckin coffee,
4379,富业广场店,(No.3502),西区街道西区富华道16号富业广场一期一层16号,江门,08:30-20:30,08/01/21 07:10,自运营,luckin coffee,
4380,嘉华互联网中心店,(No.6097),中山市西区彩虹大道9号嘉华互联网中心底商,江门,07:30-18:30,08/01/21 07:10,自运营,luckin coffee,
4381,悦盈新城店,(No.3503),南区街道永安一路9号悦创天地广场一层114号,江门,08:00-21:00,08/01/21 07:10,自运营,luckin coffee,
4382,江门新会星汇广场店,(No.A2016),敬请期待!,江门,08:00-22:00,08/01/21 07:10,代运营,luckin coffee,
4383,益华百货店,(No.6562),东区街道中山三路16号益华大厦A座一层中庭,江门,08:00-21:00,08/01/21 07:10,自运营,luckin coffee,
4384,大东裕国际中心店,(No.2778),东区街道东苑南路101号大东裕国际中心3座南塔一层大堂,江门,08:00-20:00,08/01/21 07:10,自运营,luckin coffee,
4385,大信新都汇店,(No.2776),石岐街道莲员东路2号大信新都汇B座底商,江门,09:30-22:00,08/01/21 07:10,自运营,luckin coffee,
4386,广东药科大学中山校区店,(No.3613),五桂山街道长命水大道9号广东药科大学中山校区H栋底商,江门,08:00-21:30,08/01/21 07:10,自运营,luckin coffee,
4387,紫马奔腾广场店,(No.2846),东区街道中山五路2号紫马奔腾广场1座一层07号,江门,10:00-21:30,08/01/21 07:10,自运营,luckin coffee,
4388,三亚一方百货店,(No.A1573),天涯区解放路二路261号一方百货,三亚,08:30-22:30,08/01/21 07:10,代运营,luckin coffee,
4389,青春里店,(No.A1536),天涯区迎宾路9号青春里广场107铺金凤凰海景酒店旁,三亚,08:30-22:00,08/01/21 07:10,代运营,luckin coffee,
4390,三亚大东海店,(No.C0219),吉阳区榆亚路83号锦轩江南一层2号,三亚,09:30-21:00,08/01/21 07:10,代运营,小鹿茶,
4391,三亚中环广场店,(No.A1380),吉阳区迎宾路179-1号保利中铁中环广场4幢107室,三亚,07:30-22:00,08/01/21 07:10,代运营,luckin coffee,
4392,三亚海旅免税城店,(No.A1191),吉阳区迎宾路303号海旅免税城店六层021号商铺,三亚,10:00-21:30,08/01/21 07:10,代运营,luckin coffee,
4393,三亚南山景区店,(No.A1940),海南省三亚市崖州区崖城镇南山文化旅游区不二法门西侧43号,三亚,08:00-18:00,08/01/21 07:10,代运营,luckin coffee,
4394,三亚乐天城店,(No.A2038),敬请期待!,三亚,08:00-18:00,08/01/21 07:10,代运营,luckin coffee,
4395,三亚学院店,(No.A1385),敬请期待!,三亚,08:00-18:00,08/01/21 07:10,代运营,luckin coffee,
4396,蜈支洲后海店,(No.A1337),海棠区藤海社区106-2号藤海小学对面,三亚,07:30-22:30,08/01/21 07:10,代运营,luckin coffee,
4397,海南三亚学院店,(No.A1397),敬请期待!,三亚,08:00-18:00,08/01/21 07:10,代运营,luckin coffee,
4398,三亚百花谷店,(No.A1856),敬请期待!,三亚,08:00-18:00,08/01/21 07:10,代运营,luckin coffee,
4399,苏宁广场青年东路店,(No.A1116),海州区通灌北路25号地壹街区青年东路苏果超市南门,连云港,08:00-22:00,08/01/21 07:10,代运营,luckin coffee,
4400,利群时代巨龙路店,(No.A0136),海州区巨龙南路58号1号利群时代一层正门南侧,连云港,08:00-21:30,08/01/21 07:10,代运营,luckin coffee,
4401,盐河巷店,(No.A2024),敬请期待!,连云港,08:00-18:00,08/01/21 07:10,代运营,luckin coffee,
4402,赣榆吾悦广场店,(No.A1947),赣榆区青口镇金海东路197号吾悦广场(连云港赣榆店),连云港,10:00-21:30,08/01/21 07:10,代运营,luckin coffee,
4403,东海晶都广场店,(No.A1967),敬请期待!,连云港,08:00-18:00,08/01/21 07:10,代运营,luckin coffee,
4404,湾址太平洋购物中心店,(No.A2072),敬请期待!,芜湖,08:00-18:00,08/01/21 07:10,代运营,luckin coffee,
4405,宣城国购广场店,(No.A0074),宣州区叠嶂西路国购广场2幢B段1-08号,芜湖,09:00-21:00,08/01/21 07:10,代运营,luckin coffee,
4406,资中汇金天地店,(No.A1569),资中县水南镇城市茂购物广场中铁城市中心,内江,10:00-21:00,08/01/21 07:10,代运营,luckin coffee,
4407,宣城万达广场店,(No.A1177),宣州区飞彩街道万达广场二层2070号,宣城,09:30-21:30,08/01/21 07:10,代运营,luckin coffee,
4408,宁国华贝城市广场店,(No.A1450),青龙东路与宁国大道交叉口华贝城市广场3幢,宣城,08:00-21:30,08/01/21 07:10,代运营,luckin coffee,
4409,高淳镇北路店,(No.A0907),高淳区淳溪街道镇北路27-2号,宣城,09:00-21:00,08/01/21 07:10,代运营,luckin coffee,
4410,临沧凯歌广场店,(No.A1151),临翔区沧江路128号 凯歌时代广场一层电梯口附近,临沧,09:30-22:00,08/01/21 07:10,代运营,luckin coffee,
4411,国际大厦A座店,(No.A0875),西安大路与建和胡同交汇南侧维也纳酒店旁,长春,09:00-19:00,08/01/21 07:10,代运营,luckin coffee,
4412,长春宏汇国际广场店,(No.A1486),朝阳区人民大街3299号宏汇国际广场01号门市,长春,07:30-17:00,08/01/21 07:10,代运营,luckin coffee,
4413,恒兴国际城店,(No.A1094),南关区解放大路与大经路交汇恒兴国际城4号楼2层CY-019号,长春,09:00-19:30,08/01/21 07:10,代运营,luckin coffee,
4414,长春同志街店,(No.A1262),朝阳区同志街与隆礼路胡同交汇2458号北区,长春,07:30-22:00,08/01/21 07:10,代运营,luckin coffee,
4415,长春火车站南广场店,(No.A1401),宽城区天池国际商业中心一层正门开口82号,长春,09:30-19:00,08/01/21 07:10,代运营,luckin coffee,
4416,欧亚新生活广场店,(No.A0064),朝阳区延安大街99号欧亚新生活购物广场1层49号,长春,09:30-21:00,08/01/21 07:10,代运营,luckin coffee,
4417,长春宽城万达店,(No.A1561),宽城区群英街道万达广场一层1025BA号铺位,长春,09:30-20:30,08/01/21 07:10,代运营,luckin coffee,
4418,长春红旗街万达店,(No.A1245),朝阳区红旗街万达广场购物中心1F-A-05A,长春,09:30-21:00,08/01/21 07:10,代运营,luckin coffee,
4419,吉林大学前卫校区店,(No.C0262),朝阳区前进大街1299号吉林大学南校区日新楼三层（电梯口）,长春,10:30-20:00,08/01/21 07:10,代运营,小鹿茶,
4420,长春环球贸易中心店,(No.A0660),生态大街2188号环球贸易中心A座大厅,长春,09:00-18:30,08/01/21 07:10,代运营,luckin coffee,
4421,长春这有山店,(No.A0785),朝阳区红旗街959号电影街四层10号,长春,10:30-21:30,08/01/21 07:10,代运营,luckin coffee,
4422,长春天地十二坊店,(No.A0829),经开区临河街与珠海路交汇国商后门肯德基南侧,长春,08:00-19:30,08/01/21 07:10,代运营,luckin coffee,
4423,卫星广场店,(No.A0993),南关区星城胡同星城国际大厦a189号,长春,09:00-21:00,08/01/21 07:10,代运营,luckin coffee,
4424,长春新城吾悦广场店,(No.A1030),绿园区皓月大路长春绿园吾悦广场二层2040号,长春,09:30-20:30,08/01/21 07:10,代运营,luckin coffee,
4425,长春建筑学院奢岭店,(No.A2076),敬请期待!,长春,08:00-18:00,08/01/21 07:10,代运营,luckin coffee,
4426,吉林建筑科技学院店,(No.A1971),敬请期待!,长春,08:00-18:00,08/01/21 07:10,代运营,luckin coffee,
4427,长春建筑学院高新校区店,(No.A1377),高新区锦河街155号大学生后勤服务中心的欧式园6栋2门,长春,今日休息中,08/01/21 07:10,代运营,luckin coffee,
4428,长春理工大学西校区店,(No.A1493),卫星路7989号长春理工大学西校区南2门校内A12号门市,长春,10:30-19:00,08/01/21 07:10,代运营,luckin coffee,
4429,长春临河街店,(No.A1305),经开区临河街157号创客工场内1层大厅,长春,08:00-19:30,08/01/21 07:10,代运营,luckin coffee,
4430,长春钜城购物中心店,(No.A1871),南关区人民大街与金宇大路交汇钜城华億购物广场一层1030号,长春,10:00-19:30,08/01/21 07:10,代运营,luckin coffee,
4431,长春中东财富中心店,(No.A1405),南关区南环城路1655中东财富中心大厦一层,长春,09:00-18:00,08/01/21 07:10,代运营,luckin coffee,
4432,长春人文学院店,(No.A1329),南关区净月街道东北师范大学人文学院西校区大学生食堂2层1号店铺,长春,今日休息中,08/01/21 07:10,代运营,luckin coffee,
4433,长春师范大学店,(No.A1807),二道区远达街道思源路长春师范大学学生六宿舍1层东侧门市,长春,今日休息中,08/01/21 07:10,代运营,luckin coffee,
4434,吉林工商学院店,(No.A1942),敬请期待!,长春,08:00-18:00,08/01/21 07:10,代运营,luckin coffee,
4435,长春欧亚万豪店,(No.A1296),经济开发区洋浦大街6088号欧亚万豪购物中心1层,长春,09:00-19:30,08/01/21 07:10,代运营,luckin coffee,
4436,东北师大净月校区店,(No.A1351),南关区净月街道学生二食堂东北师范大学(博硕路),长春,今日休息中,08/01/21 07:10,代运营,luckin coffee,
4437,长春迅驰广场店,(No.A1194),南关区净月街道迅驰广场4F-405-3,长春,09:30-21:00,08/01/21 07:10,代运营,luckin coffee,
4438,活力城国际中心店,(No.A2037),敬请期待!,长春,08:00-18:00,08/01/21 07:10,代运营,luckin coffee,
4439,东北师范大学本部店,(No.A2118),敬请期待!,长春,08:00-18:00,08/01/21 07:10,代运营,luckin coffee,
4440,印象南塘店,(No.A0244),鹿城区南汇街道南塘五组团一幢一层105-3室,温州,09:00-22:00,08/01/21 07:10,代运营,luckin coffee,
4441,温州置信中心店,(No.4853),鹿城区锦绣路1067号置信中心3幢一层,温州,08:00-18:00,08/01/21 07:10,自运营,luckin coffee,
4442,温州财富中心店,(No.2794),鹿城区车站大道577号财富中心二层201室,温州,07:30-21:00,08/01/21 07:10,自运营,luckin coffee,
4443,温州联合广场店,(No.4671),鹿城区大南路金马大厦一层111室,温州,07:30-18:00,08/01/21 07:10,自运营,luckin coffee,
4444,温州人民东路店,(No.A1095),鹿城区人民东路33-35号江南大厦05号,温州,09:00-21:00,08/01/21 07:10,代运营,luckin coffee,
4445,温州金城大厦店,(No.3378),温州市鹿城区车站大道180号金城大厦一层大堂,温州,07:30-20:00,08/01/21 07:10,自运营,luckin coffee,
4446,五马步行街店,(No.3309),鹿城区五马街3号五味和商场四层,温州,09:30-19:30,08/01/21 07:10,自运营,luckin coffee,
4447,五马街美食林店,(No.4515),鹿城区五马街172号一层,温州,09:30-21:30,08/01/21 07:10,自运营,luckin coffee,
4448,坚士大厦店,(No.2861),鹿城区洛河路18号坚士大厦一层大堂,温州,08:00-18:00,08/01/21 07:10,自运营,luckin coffee,
4449,广信大厦店,(No.2881),鹿城区信河街173号广信大厦一层,温州,08:30-20:00,08/01/21 07:10,自运营,luckin coffee,
4450,大自然家园店,(No.2887),鹿城区市府路1号大自然商务楼一层大堂,温州,08:00-18:00,08/01/21 07:10,自运营,luckin coffee,
4451,创荣商业广场店,(No.2970),瓯海区茶山街道勤业路创荣商业广场负一层嘉慧超巿01号,温州,09:00-20:00,08/01/21 07:10,自运营,luckin coffee,
4452,红连文创园店,(No.3089),龙湾区文昌路209号红连文创园一层,温州,08:00-18:00,08/01/21 07:10,自运营,luckin coffee,
4453,温州发展大厦店,(No.3416),鹿城区绣山路335号发展大厦一层大堂,温州,08:00-18:00,08/01/21 07:10,自运营,luckin coffee,
4454,路之遥奥特莱斯店,(No.6111),乐清市北环南路1号路之遥奥特莱斯商业广场5号楼一层01号,温州,10:00-21:30,08/01/21 07:10,自运营,luckin coffee,
4455,龙湾大润发店,(No.A0052),龙湾区永中街道永中西路799号龙府锦园48栋101室1020号,温州,08:00-21:00,08/01/21 07:10,代运营,luckin coffee,
4456,龙湾购物中心店,(No.3543),龙湾区永强大道4788号龙湾购物中心一层1F-A号,温州,10:00-20:00,08/01/21 07:10,自运营,luckin coffee,
4457,乐清百佳广场店,(No.A0038),乐清市北白象镇东大街588号百佳广场,温州,09:00-21:30,08/01/21 07:10,代运营,luckin coffee,
4458,乐清长城大厦店,(No.A0032),乐清市柳市镇柳江路1号,温州,09:00-21:30,08/01/21 07:10,代运营,luckin coffee,
4459,麦麦文化创意园店,(No.4289),鹿城区聚英路麦麦文化创意园一层,温州,07:30-18:00,08/01/21 07:10,自运营,luckin coffee,
4460,温州德信爱琴海岸店,(No.A0268),汤家桥路与黄屿大道交叉口东侧340米路北 德信爱琴海岸7-111,温州,07:30-21:30,08/01/21 07:10,代运营,luckin coffee,
4461,鳌江银泰城店,(No.A1067),平阳县鳌江镇银泰城四层04023号,温州,09:30-21:00,08/01/21 07:10,代运营,luckin coffee,
4462,龙港财富广场店,(No.A0051),苍南县龙港镇财富中心6栋1002商铺,温州,08:30-22:30,08/01/21 07:10,代运营,luckin coffee,
4463,瑞安中医院店,(No.A1016),瑞安市安阳街道隆山东路409号,温州,08:00-21:30,08/01/21 07:10,代运营,luckin coffee,
4464,瑞安人民医院店,(No.A0561),瑞安市后垟中路4幢南起第3-4间,温州,07:30-20:00,08/01/21 07:10,代运营,luckin coffee,
4465,瑞安吾悦店,(No.A0881),吾悦广场3栋一楼1039,温州,09:00-22:00,08/01/21 07:10,代运营,luckin coffee,
4466,塘下店,(No.A0628),瑞安市塘下镇中心路185号,温州,08:00-21:00,08/01/21 07:10,代运营,luckin coffee,
4467,紫荆假日广场店,(No.6315),瑞安市塘下镇中心路紫荆假日广场9幢89号一层大润发左侧20米,温州,09:00-20:00,08/01/21 07:10,自运营,luckin coffee,
4468,温州新城吾悦广场店,(No.A0796),敬请期待!,温州,00:00-24:00,08/01/21 07:10,代运营,luckin coffee,
4469,温州东方学院店,(No.6569),龙湾区金海三道433号温州东方学院商贸区一层,温州,08:00-20:00,08/01/21 07:10,自运营,luckin coffee,
4470,温州商学院店,(No.4752),瓯海区梅泉大街温州商学院F区文博2号楼一层,温州,07:30-20:00,08/01/21 07:10,自运营,luckin coffee,
4471,温州大学学生公寓A区店,(No.4518),瓯海区园区西路温州大学茶山校区学生公寓A区综合商场22-23号一层,温州,10:00-18:30,08/01/21 07:10,自运营,luckin coffee,
4472,大象城店,(No.3625),瓯海区宁波路2889号大象城商贸中心七层紫色中庭电梯A020商铺,温州,09:00-18:00,08/01/21 07:10,自运营,luckin coffee,
4473,温州亿象商业广场店,(No.A0878),瓯海区新桥街道亿象商厦2幢1层060室,温州,08:00-21:00,08/01/21 07:10,代运营,luckin coffee,
4474,新桥电信店,(No.4265),瓯海区金蟾大道1号-01室,温州,08:00-18:00,08/01/21 07:10,自运营,luckin coffee,
4475,温州国家大学科技园店,(No.4354),瓯海区东方南路50号国家大学科技园1号楼一层大堂,温州,今日休息中,08/01/21 07:10,自运营,luckin coffee,
4476,温州润锦商业中心店,(No.4553),鹿城区鞋都大道235号5050购物中心写字楼一层大堂,温州,08:00-18:00,08/01/21 07:10,自运营,luckin coffee,
4477,温州万象城店,(No.6327),瓯海区温瑞大道999号温州万象城负一层B137号ole超市,温州,10:00-21:00,08/01/21 07:10,自运营,luckin coffee,
4478,万潮广场店,(No.B0157),永嘉县永兴路388号万潮广场2号楼二层2212号,温州,10:00-20:30,08/01/21 07:10,自运营,小鹿茶,
4479,永嘉瓯北双塔店,(No.A0344),永嘉县瓯北镇双塔东路954-960号,温州,08:00-21:00,08/01/21 07:10,代运营,luckin coffee,
4480,永嘉明珠四季酒店店,(No.3528),永嘉县瓯北街道双塔路2112号3幢一层,温州,08:00-18:00,08/01/21 07:10,自运营,luckin coffee,
4481,欧洲城罗马广场店,(No.6501),鹿城区矮凳桥228号9幢一层95-2号、95-3号,温州,08:00-21:00,08/01/21 07:10,自运营,luckin coffee,
4482,世纪丰盛大厦店,(No.4202),鹿城区屯前街1号世纪丰盛大厦B栋一层,温州,08:00-20:00,08/01/21 07:10,自运营,luckin coffee,
4483,杨府山江南里店,(No.6342),鹿城区华光路99号杨府山江南里地下商业街,温州,10:00-20:30,08/01/21 07:10,自运营,luckin coffee,
4484,温州鹿城樊宅巷店,(No.A0749),鹿城区百里西路48号麻行小区1栋1层104室,温州,07:30-21:00,08/01/21 07:10,代运营,luckin coffee,
4485,东瓯智库店,(No.7004),鹿城区万源路865-869号心工厂一层底商,温州,08:00-21:00,08/01/21 07:10,自运营,luckin coffee,
4486,温州晚报大厦店,(No.4526),鹿城区新城大道温州晚报大厦一层,温州,08:00-18:00,08/01/21 07:10,自运营,luckin coffee,
4487,温州大学学生公寓C区店,(No.4513),瓯海市中心北路温州大学茶山校区学生公寓C区5栋综合商场一层27-28号,温州,10:00-19:00,08/01/21 07:10,自运营,luckin coffee,
4488,温州医科大学店,(No.6687),瓯海区温州医科大学科研楼一层,温州,08:00-17:00,08/01/21 07:10,自运营,luckin coffee,
4489,温州大学瓯江学院店,(No.6441),瓯海区温州大学学生公寓B区食堂三楼-01号铺,温州,今日休息中,08/01/21 07:10,自运营,luckin coffee,
4490,华盟商厦后巷店,(No.A1169),鹿城区站前东小区金瓯大楼114号（华盟后巷）,温州,08:00-21:00,08/01/21 07:10,代运营,luckin coffee,
4491,河南城建学院店,(No.A1965),敬请期待!,平顶山,今日休息中,08/01/21 07:10,代运营,luckin coffee,
4492,中国移动斜西街店,(No.3597),南湖区斜西街598号中国移动斜西街营业厅一层大堂,嘉兴,08:00-20:00,08/01/21 07:10,自运营,luckin coffee,
4493,嘉兴大学店,(No.A0906),南湖区新兴街道王安里26幢底层东第5间,嘉兴,09:00-21:30,08/01/21 07:10,代运营,luckin coffee,
4494,龙鼎万达广场店,(No.2818),南湖区嘉兴经开龙鼎万达广场北楼1层1039号商铺,嘉兴,09:00-21:30,08/01/21 07:10,自运营,luckin coffee,
4495,华隆广场店,(No.3491),南湖区秦逸路32号华隆广场二号楼一层大堂,嘉兴,08:00-18:00,08/01/21 07:10,自运营,luckin coffee,
4496,八佰伴华府店,(No.B0184),南湖区1532号华府银泰城四层DJ005号,嘉兴,10:00-21:00,08/01/21 07:10,自运营,小鹿茶,
4497,同济大学浙江学院店,(No.3143),南湖区双溪路1871号同济大学浙江学院学生街第8号商铺底商,嘉兴,09:00-19:30,08/01/21 07:10,自运营,luckin coffee,
4498,嘉兴平湖吾悦广场店,(No.A1063),平湖市吾悦广场皇后大道3-159号,嘉兴,08:00-21:30,08/01/21 07:10,代运营,luckin coffee,
4499,清华长三角研究院店,(No.A0156),南湖区亚太路705号浙江清华长江三角研究院一楼,嘉兴,09:00-17:00,08/01/21 07:10,代运营,luckin coffee,
4500,嘉兴万达广场店,(No.A1020),南湖区广益路1108号万达广场水岸金街3号门,嘉兴,08:00-20:00,08/01/21 07:10,代运营,luckin coffee,
4501,海盐绮园商业街店,(No.A0243),海盐县海滨东路绮园商业街15号,嘉兴,10:00-21:00,08/01/21 07:10,代运营,luckin coffee,
4502,鸿翔紫微大厦店,(No.6802),海宁市海洲街道海宁大道267号鸿翔总部紫微大厦一层,嘉兴,08:00-18:00,08/01/21 07:10,自运营,luckin coffee,
4503,海宁银泰城店,(No.6307),海宁市海洲街道海昌南路362号银泰城三层301-3商铺,嘉兴,10:00-21:30,08/01/21 07:10,自运营,luckin coffee,
4504,海宁金泰城店,(No.6116),海宁市新苑路211号海宁金泰城一层,嘉兴,08:00-20:30,08/01/21 07:10,自运营,luckin coffee,
4505,海宁皮革城店,(No.A0405),海宁市海洲街道海宁中国皮革城地产品牌箱包直销中心1—053号,嘉兴,08:00-17:30,08/01/21 07:10,代运营,luckin coffee,
4506,海宁银泰鹃湖店,(No.7085),海州东路241号金钻商业中心一层1019铺,嘉兴,08:00-21:00,08/01/21 07:10,自运营,luckin coffee,
4507,海宁合力大厦店,(No.A0498),海宁市海宁大道338号合力大厦2幢底商,嘉兴,08:30-17:00,08/01/21 07:10,代运营,luckin coffee,
4508,环贸中心店,(No.6331),嘉兴市桐乡市齐宏路2号环贸中心一层大堂,嘉兴,08:00-18:00,08/01/21 07:10,自运营,luckin coffee,
4509,慈溪世纪金源购物中心店,(No.A2062),敬请期待!,嘉兴,08:00-18:00,08/01/21 07:10,代运营,luckin coffee,
4510,张家口百盛购物中心店,(No.C0303),桥东区五一路街道滨河中路2号百盛购物中心负一层家家悦超市服务台旁,张家口,09:00-21:00,08/01/21 07:10,代运营,小鹿茶,
4511,张家口容辰广场店,(No.A2073),敬请期待!,张家口,08:00-18:00,08/01/21 07:10,代运营,luckin coffee,
4512,张家口鑫光大商厦店,(No.A0437),宣化区滨河清远路72号鑫光大商厦一层,张家口,09:00-20:30,08/01/21 07:10,代运营,luckin coffee,
4513,东方广场店,(No.3614),禅城区锦华路81号东方广场中央广场一层ZY1号,佛山,09:00-22:00,08/01/21 07:10,自运营,luckin coffee,
4514,顺联百花总汇店,(No.A0034),禅城区祖庙街道祖庙路35号顺联百花总汇一层P101号商铺,佛山,09:00-22:00,08/01/21 07:10,代运营,luckin coffee,
4515,环球国际广场店,(No.3231),禅城区城门头西路1号环球国际广场一层A08室,佛山,08:00-19:30,08/01/21 07:10,自运营,luckin coffee,
4516,佛山万科金融中心店,(No.A1077),佛山市禅城区季华五路55号万科金融中心4期4座P1号铺,佛山,09:00-18:00,08/01/21 07:10,代运营,luckin coffee,
4517,佛山悦汇天地店,(No.A0957),桂城区越秀悦汇天地A区东门105号,佛山,10:00-21:30,08/01/21 07:10,代运营,luckin coffee,
4518,同心荟商场广场店,(No.6463),禅城区人民西路13号同心荟商场广场一层C017号铺,佛山,09:00-20:00,08/01/21 07:10,自运营,luckin coffee,
4519,永丰大厦店,(No.6144),禅城区同济西路12号永丰大厦一层A61号,佛山,今日休息中,08/01/21 07:10,自运营,luckin coffee,
4520,季华金海广场店,(No.A1917),禅城区祖庙街道金海广场一层大堂,佛山,08:30-17:30,08/01/21 07:10,代运营,luckin coffee,
4521,阳光在线广场店,(No.3776),南海区狮山镇万锦路28号阳光在线广场一层1X03-1号,佛山,10:00-21:00,08/01/21 07:10,自运营,luckin coffee,
4522,富弘广场店,(No.6439),南海区沿江北路1号富弘广场负一层B132铺,佛山,10:00-22:00,08/01/21 07:10,自运营,luckin coffee,
4523,华南创谷总部大楼店,(No.3059),禅城区张槎街道张槎一路115号华南创谷总部大楼一层大堂,佛山,08:30-18:00,08/01/21 07:10,自运营,luckin coffee,
4524,伟业兴隆广场店,(No.6190),南海区大沥镇振兴路13号伟业兴隆广场东广场玻璃屋商铺,佛山,09:00-22:30,08/01/21 07:10,自运营,luckin coffee,
4525,中盈中心店,(No.6529),南海区大沥镇金贸大道6号中盈广场A座首层大堂,佛山,今日休息中,08/01/21 07:10,自运营,luckin coffee,
4526,智慧新城店,(No.2460),禅城区季华一路28号智慧新城T10栋一层,佛山,08:00-18:00,08/01/21 07:10,自运营,luckin coffee,
4527,丰明中心店,(No.2593),顺德区怡欣路7号丰明大厦一层大堂,佛山,08:00-18:30,08/01/21 07:10,自运营,luckin coffee,
4528,宏宇大厦店,(No.2657),禅城区季华四路115号宏宇国金大厦一层大堂,佛山,08:00-18:00,08/01/21 07:10,自运营,luckin coffee,
4529,佛山创意产业园店,(No.2969),禅城区弼塘西二街9号佛山创意产业园区23号楼底商112室,佛山,08:00-22:30,08/01/21 07:10,自运营,luckin coffee,
4530,佛山发展大厦店,(No.3064),禅城区华远东路13号佛山发展大厦一层大堂,佛山,08:00-18:00,08/01/21 07:10,自运营,luckin coffee,
4531,南海万科广场店,(No.3023),南海区桂澜中路23号南海万科广场一层西门3号楼110号,佛山,08:00-21:30,08/01/21 07:10,自运营,luckin coffee,
4532,国家火炬创新创业园店,(No.6466),禅城区季华二路北国家火炬创新创业园炬功楼c座一层27室,佛山,今日休息中,08/01/21 07:10,自运营,luckin coffee,
4533,醒陶艺术馆店,(No.6452),佛山市禅城区石湾街道高庙路5号醒陶艺术馆一层大堂,佛山,08:30-18:30,08/01/21 07:10,自运营,luckin coffee,
4534,金海文化创意中心店,(No.4753),顺德区佛山新城裕和路142号金海文化创意中心一层大堂,佛山,08:00-18:30,08/01/21 07:10,自运营,luckin coffee,
4535,佛山财富大厦店,(No.3516),禅城区汾江南路37号财富大厦一层,佛山,08:00-20:30,08/01/21 07:10,自运营,luckin coffee,
4536,佛山世博广场店,(No.7110),禅城区汾江南路38号世博广场一层A1-1007,佛山,07:00-22:00,08/01/21 07:10,自运营,luckin coffee,
4537,顺德创意产业园店,(No.3374),顺德区大良镇凤翔路41号顺德创意产业园D座一层127号,佛山,07:30-19:30,08/01/21 07:10,自运营,luckin coffee,
4538,美的空调事业部店,(No.3677),顺德区林港路22号美的家用空调事业部B座一楼大堂,佛山,今日休息中,08/01/21 07:10,自运营,luckin coffee,
4539,顺德北滘商业广场店,(No.A1142),顺德区北滘镇人昌路10号北滘商业广场一层1C003D号商铺,佛山,08:00-22:00,08/01/21 07:10,代运营,luckin coffee,
4540,美的悦然广场店,(No.6877),顺德区北滘镇诚德路1号美的悦然广场南广场一层W1017商铺,佛山,10:00-22:30,08/01/21 07:10,自运营,luckin coffee,
4541,佛山新城保利中心店,(No.A1291),顺德区乐从镇东平新城文化南路8号保利商务中心5座101商铺,佛山,08:00-21:00,08/01/21 07:10,代运营,luckin coffee,
4542,鹏瑞利广场店,(No.B0179),南海区桂澜南路45号 鹏瑞利季华广场L1-63铺,佛山,10:00-21:30,08/01/21 07:10,自运营,小鹿茶,
4543,恒福国际商业中心店,(No.4754),禅城区朝安南路63号恒福国际商业中心一层大堂,佛山,09:30-22:00,08/01/21 07:10,自运营,luckin coffee,
4544,天安中心店,(No.4977),南海区季华东路31号天安中心3座一层大堂,佛山,今日休息中,08/01/21 07:10,自运营,luckin coffee,
4545,佛山天安数码城店,(No.A0165),南海区桂城街道简平路1号天安南海数码新城一幢114室,佛山,08:00-19:00,08/01/21 07:10,代运营,luckin coffee,
4546,财汇大厦店,(No.4283),南海区桂城街道南海大道北51号财汇大厦一层1A013 号,佛山,08:00-19:30,08/01/21 07:10,自运营,luckin coffee,
4547,中海环宇城店,(No.6088),南海区桂澜中路18号环宇城16座底商,佛山,10:00-22:00,08/01/21 07:10,自运营,luckin coffee,
4548,亿能国际广场店,(No.3530),南海区桂城街道桂澜北路2号亿能国际广场二座1层106号,佛山,08:00-19:30,08/01/21 07:10,自运营,luckin coffee,
4549,荣耀国际金融中心店,(No.7031),南海区桂城街道融和路25号荣耀国际金融中心商场西门一层127A,佛山,08:00-18:00,08/01/21 07:10,自运营,luckin coffee,
4550,地铁金融城店,(No.4262),南海区桂城街道海八东路32号天河城百货一层大堂,佛山,10:00-22:00,08/01/21 07:10,自运营,luckin coffee,
4551,华亚金融中心店,(No.A0053),南海区海六路与灯湖东路交叉口,佛山,08:00-17:00,08/01/21 07:10,代运营,luckin coffee,
4552,佛山科学技术学院店,(No.3794),禅城区江湾一路18号佛山科学技术学院邑谷互动校园佛科院体验中心一层105号,佛山,08:00-20:30,08/01/21 07:10,自运营,luckin coffee,
4553,名都广场店,(No.A1053),承德市双桥区火神庙二仙居步行西街名都广场,承德,09:30-20:30,08/01/21 07:10,代运营,luckin coffee,
4554,承德金龙广场店,(No.A0153),双桥区都统府大街1号金龙购物广场一层07-1号,承德,09:30-21:00,08/01/21 07:10,代运营,luckin coffee,
4555,承德新华路店,(No.A1069),双桥区新华路北4号新华饭店底商2幢1单元102商铺,承德,08:00-21:00,08/01/21 07:10,代运营,luckin coffee,
4556,承德宽广时代购物广场店,(No.C0286),双桥区宽广时代购物广场F5-A10号,承德,09:30-21:00,08/01/21 07:10,代运营,小鹿茶,
4557,承德宜佳旺店,(No.A1964),敬请期待!,承德,08:00-18:00,08/01/21 07:10,代运营,luckin coffee,
4558,咸阳机场T2到达厅店,(No.4762),西咸新区空港新城西安咸阳机场T2到达厅一层CY-17号,咸阳,09:00-20:00,08/01/21 07:10,自运营,luckin coffee,
4559,铜川大耀城店,(No.A1969),敬请期待!,咸阳,今日休息中,08/01/21 07:10,代运营,luckin coffee,
4560,柳州五星步行街店,(No.A0812),柳州市解放南路中山东路6栋1单元9号,柳州,10:00-23:00,08/01/21 07:10,代运营,luckin coffee,
4561,五星街地王大厦店,(No.A1388),解放南路1号中侨地王大厦1层,柳州,11:00-22:00,08/01/21 07:10,代运营,luckin coffee,
4562,柳州步步高广场店,(No.A0901),柳北区广场路10号步步高商场内第3层3062号商铺,柳州,10:00-22:00,08/01/21 07:10,代运营,luckin coffee,
4563,柳州恒隆汇店,(No.A1353),桂中大道瑞安路2号恒隆汇第一层第1024-2号商铺,柳州,10:00-22:00,08/01/21 07:10,代运营,luckin coffee,
4564,柳南万达店,(No.A1501),柳南区柳邕路263号柳南万达广场2号门内1层,柳州,10:00-22:00,08/01/21 07:10,代运营,luckin coffee,
4565,柳州城中万达东街店,(No.A0988),城中区万达广场东街20栋1-49号（东街十字路口）,柳州,09:30-22:30,08/01/21 07:10,代运营,luckin coffee,
4566,雕像国际广场店,(No.A1055),眉山市环湖中路151号,眉山,09:00-21:30,08/01/21 07:10,代运营,luckin coffee,
4567,眉山万达金街店,(No.A1181),东坡区大石桥街道文忠街402号永丰·凤凰城,眉山,09:00-21:30,08/01/21 07:10,代运营,luckin coffee,
4568,眉山金府穿越城店,(No.A1190),东坡区金府穿越盛世15-1-51,眉山,11:00-22:00,08/01/21 07:10,代运营,luckin coffee,
4569,惠州数码商业街店,(No.A0673),惠城区横江四路10号数码商业街南段一层S144号商铺,惠州,09:00-23:00,08/01/21 07:10,代运营,luckin coffee,
4570,惠州美博城店,(No.A0428),南坛东路17号美博城一层南侧,惠州,09:30-21:30,08/01/21 07:10,代运营,luckin coffee,
4571,惠州港惠新天地店,(No.A0076),惠城区演达大道9号华阳大厦一层,惠州,09:30-22:00,08/01/21 07:10,代运营,luckin coffee,
4572,惠州永旺购物中心店,(No.A0582),惠城区东平永旺购物中心一层T-168A号,惠州,09:00-21:30,08/01/21 07:10,代运营,luckin coffee,
4573,惠州三环天虹店,(No.A1462),惠城区演达一路1号瑞峰商业广场西外广场D-1号商铺,惠州,08:30-22:30,08/01/21 07:10,代运营,luckin coffee,
4574,华贸大厦店,(No.A0049),惠城区江北文昌一路7号华贸大厦2单元一层02A号铺,惠州,10:00-21:00,08/01/21 07:10,代运营,luckin coffee,
4575,中信城市时代店,(No.A0011),惠城区江北街道文明一路中信城市时代A座01号商铺,惠州,今日休息中,08/01/21 07:10,代运营,luckin coffee,
4576,惠州佳兆业店,(No.A0992),惠城区江北电信大楼信息楼1楼旺达数码城隔壁,惠州,09:00-22:00,08/01/21 07:10,代运营,luckin coffee,
4577,惠州工程职业学院店,(No.A1367),惠城区小金口街道惠州工程职业学院岭南情餐厅一层,惠州,今日休息中,08/01/21 07:10,代运营,luckin coffee,
4578,博罗天虹店,(No.A2085),敬请期待!,惠州,08:00-18:00,08/01/21 07:10,代运营,luckin coffee,
4579,广工华立学院店,(No.6840),敬请期待!,惠州,07:00-22:00,08/01/21 07:10,自运营,luckin coffee,
4580,惠州印象城山姆会员店,(No.A1358),惠城区金山大道街13号印象城一层,惠州,09:30-22:00,08/01/21 07:10,代运营,luckin coffee,
4581,惠阳开城天虹店,(No.A1968),敬请期待!,惠州,08:00-18:00,08/01/21 07:10,代运营,luckin coffee,
4582,中天行政公馆店,(No.2565),芙蓉区五一大道766号中天广场行政公馆一层大堂,长沙,08:00-18:00,08/01/21 07:10,自运营,luckin coffee,
4583,蝴蝶大厦店,(No.1515),芙蓉区定王台街道蔡锷中路81号蝴蝶大厦一层1-3号,长沙,08:00-18:00,08/01/21 07:10,自运营,luckin coffee,
4584,世茂环球金融中心店,(No.6527),芙蓉区建湘路393号的长沙世茂52+第L层101号商铺,长沙,09:00-21:00,08/01/21 07:10,自运营,luckin coffee,
4585,长沙新世界百货店,(No.1638),芙蓉区五一西路153新世界百货负一层B11、B12号,长沙,10:00-21:00,08/01/21 07:10,自运营,luckin coffee,
4586,五一平和堂商务楼店,(No.6868),芙蓉区黄兴中路88号湖南平和堂商务楼一层大堂商务中心,长沙,08:00-18:00,08/01/21 07:10,自运营,luckin coffee,
4587,登隆街店,(No.3358),芙蓉区定王台街道登隆街一层10号,长沙,08:00-20:00,08/01/21 07:10,自运营,luckin coffee,
4588,友阿城市奥莱五一广场店,(No.1639),芙蓉区黄兴中路92号友阿城市奥莱五一广场G1层E1-O2号,长沙,09:30-22:00,08/01/21 07:10,自运营,luckin coffee,
4589,坡子街悦方IDmall店,(No.7241),天心区坡子街216号悦方购物中心一层L168号,长沙,10:00-22:00,08/01/21 07:10,自运营,luckin coffee,
4590,泊富国际广场店,(No.2450),开福区芙蓉路416号泊富国际广场ICITY LIFE西南广场一层,长沙,09:00-20:30,08/01/21 07:10,自运营,luckin coffee,
4591,壹号座品店,(No.2426),芙蓉区八一路399-19号壹号座品一层大堂 ,长沙,08:00-18:00,08/01/21 07:10,自运营,luckin coffee,
4592,长沙绿地中心T1店,(No.A1928),开福区清水塘街道芙蓉中路一段319号绿地中心T1大堂,长沙,08:00-18:30,08/01/21 07:10,代运营,luckin coffee,
4593,长城万富汇店,(No.4594),开福区四方坪街道长城万富汇一层1017号,长沙,08:30-19:00,08/01/21 07:10,自运营,luckin coffee,
4594,马栏山文化创意产业园店,(No.A0633),开福区月湖街道鸭子铺路马栏山文化创意产业园A9栋A-6,长沙,08:30-20:30,08/01/21 07:10,代运营,luckin coffee,
4595,律政服务大楼店,(No.4626),芙蓉区马王堆街道紫薇路8号维也纳国际酒店一层大堂,长沙,08:30-18:30,08/01/21 07:10,自运营,luckin coffee,
4596,步步高生活广场店,(No.3642),芙蓉区车站北路王府步步高商场一层1048号,长沙,08:00-20:30,08/01/21 07:10,自运营,luckin coffee,
4597,古汉国际店,(No.1354),芙蓉区马王堆北路18号新南天古汉国际广场1栋一层大堂,长沙,08:00-18:00,08/01/21 07:10,自运营,luckin coffee,
4598,红橡国际广场店,(No.1492),芙蓉区浏阳河大道588号红橡华园1栋一层大堂,长沙,08:00-18:00,08/01/21 07:10,自运营,luckin coffee,
4599,华创国际广场店,(No.1513),开福区芙蓉中路一段109号华创国际广场一层N-108号,长沙,08:00-21:30,08/01/21 07:10,自运营,luckin coffee,
4600,龙湾商业广场店,(No.4456),开福区福元西路108号龙湾一号商业广场一层036号铺,长沙,09:00-21:00,08/01/21 07:10,自运营,luckin coffee,
4601,凤凰海购物公园店,(No.3497),开福区晴岚路68号凤凰海购物公园负一层16号,长沙,10:00-21:00,08/01/21 07:10,自运营,luckin coffee,
4602,北辰时代广场店,(No.3376),开福区湘江北路三段1500号北辰时代广场A1区写字楼一层大堂 ,长沙,08:00-18:00,08/01/21 07:10,自运营,luckin coffee,
4603,CFC富兴时代店,(No.1819),开福区东风路街道芙蓉中路一段303号富兴世界金融中心中央音乐广场一层A135号,长沙,09:00-21:30,08/01/21 07:10,自运营,luckin coffee,
4604,盛大金禧国际金融中心店,(No.1234),开福区芙蓉中路一段288号华尔街中心写字楼一层大堂,长沙,09:00-17:00,08/01/21 07:10,自运营,luckin coffee,
4605,浦发金融大厦店,(No.1831),岳麓区观沙岭街道茶子山东路102号浦发金融大厦一层,长沙,09:00-18:00,08/01/21 07:10,自运营,luckin coffee,
4606,万达总部国际C1店,(No.2026),开福区中山路589号长沙开福万达广场C1一层大堂,长沙,08:00-18:00,08/01/21 07:10,自运营,luckin coffee,
4607,开福万达广场店,(No.1325),开福区湘江中路589号开福万达广场负一层B1010号,长沙,09:30-20:00,08/01/21 07:10,自运营,luckin coffee,
4608,金荣科技园店,(No.2294),岳麓区银盆南路305号金荣科技园M2组团A座一层202房,长沙,08:00-18:00,08/01/21 07:10,自运营,luckin coffee,
4609,绿地中央广场店,(No.3393),岳麓区银彬路31号绿地中央广场6栋一层大堂,长沙,09:00-18:00,08/01/21 07:10,自运营,luckin coffee,
4610,凯德壹中心店,(No.A0541),岳麓区茶子山东路112号凯德壹中心C幢一层大堂,长沙,08:30-20:30,08/01/21 07:10,代运营,luckin coffee,
4611,钰龙天下店,(No.4740),岳麓区佑母塘路799号钰龙天下佳园二期综合楼1栋一层114号,长沙,08:00-21:00,08/01/21 07:10,自运营,luckin coffee,
4612,长沙保利广场店,(No.6885),长沙县湘龙西路42号长沙香槟保利广场二层2011B号,长沙,10:30-21:30,08/01/21 07:10,自运营,luckin coffee,
4613,湖南机电职业技术学院店,(No.6768),长沙县湘龙街道湘龙路55号湖南机电职业技术学院润泽生活超市一层长沙县湘龙街道湘龙路55号湖南机电职业技术学院润泽生活超市,长沙,10:00-21:00,08/01/21 07:10,自运营,luckin coffee,
4614,长沙医学院后一街店,(No.7222),望城区金山桥街道雷锋大道长沙医学院后一街学生服务社58号商铺,长沙,09:30-21:00,08/01/21 07:10,自运营,luckin coffee,
4615,大众传媒学院金岸公寓店,(No.6848),长沙县望仙路97号湖南大众传媒职业技术学院金岸学生公寓一层,长沙,08:30-18:00,08/01/21 07:10,自运营,luckin coffee,
4616,开源鑫茂店,(No.1641),长沙县开元路17号开鑫商城一层1-28号,长沙,08:00-19:30,08/01/21 07:10,自运营,luckin coffee,
4617,长沙师范学院北校区店,(No.4317),长沙县安沙镇长沙师范学院北校区图书馆一层,长沙,08:30-19:30,08/01/21 07:10,自运营,luckin coffee,
4618,湖南信息学院图书馆店,(No.6733),长沙县安沙镇毛塘工业园湖南信息学院图书馆一层吧台厅,长沙,09:00-20:00,08/01/21 07:10,自运营,luckin coffee,
4619,长沙新城吾悦广场店,(No.4793),长沙县星沙街道望仙东路489号吾悦广场5栋一层146号 ,长沙,10:00-22:00,08/01/21 07:10,自运营,luckin coffee,
4620,中茂城店,(No.4217),长沙县板仓路 33 号中茂城商场一层105号商铺,长沙,10:00-21:30,08/01/21 07:10,自运营,luckin coffee,
4621,步步高西中心店,(No.2497),岳麓区玉兰路462号西中心步步高商场负一层B101号,长沙,08:30-20:00,08/01/21 07:10,自运营,luckin coffee,
4622,长房时代店,(No.2389),岳麓区桐梓坡西路138号长房时代城20栋底商,长沙,08:00-18:00,08/01/21 07:10,自运营,luckin coffee,
4623,达美中心写字楼店,(No.7166),岳麓区迎春路565号达美中心写字楼一层大堂,长沙,08:00-19:00,08/01/21 07:10,自运营,luckin coffee,
4624,湖南工商大学萃雅餐厅店,(No.7045),岳麓区岳麓大道569号湖南工商大学三食堂二层,长沙,09:30-20:00,08/01/21 07:10,自运营,luckin coffee,
4625,湖南财政经济学院店,(No.7030),岳麓区咸嘉湖街道湖南财政经济学院一食堂一层阳光房,长沙,09:30-20:00,08/01/21 07:10,自运营,luckin coffee,
4626,金茂广场北塔店,(No.3366),岳麓区环湖路1177号金茂广场北塔15栋一层大堂 ,长沙,09:00-18:30,08/01/21 07:10,自运营,luckin coffee,
4627,麓谷信息港店,(No.2272),岳麓区麓谷大道658号湖南麓谷信息港AB栋一层,长沙,08:00-18:00,08/01/21 07:10,自运营,luckin coffee,
4628,共和世家财院路店,(No.4535),岳麓区枫林一路737号共和世家公寓17栋一层108号,长沙,09:00-21:00,08/01/21 07:10,自运营,luckin coffee,
4629,环创企业广场店,(No.A1527),岳麓西大道2450号环创园B1栋一层105-1,长沙,08:30-18:30,08/01/21 07:10,代运营,luckin coffee,
4630,梅溪湖步步高新天地店,(No.3161),岳麓区枫林三路1099号步步高梅溪湖新天地一层A1-102-1号,长沙,09:30-21:30,08/01/21 07:10,自运营,luckin coffee,
4631,湖南第一师范学院店,(No.6010),岳麓区湖南第一师范学院东方红校区学生生活广场二层Z2-8号,长沙,09:00-20:30,08/01/21 07:10,自运营,luckin coffee,
4632,麓谷科技创新创业园店,(No.A1024),长沙高新区岳麓西大道1698号麓谷科技创新创业园B栋1幢103,长沙,09:00-18:30,08/01/21 07:10,代运营,luckin coffee,
4633,弘坤花样汇店,(No.3740),岳麓区枫林三路859号花样汇一层1012号商铺,长沙,10:00-22:00,08/01/21 07:10,自运营,luckin coffee,
4634,湖南涉外经济学院店,(No.4821),岳麓区湖南涉外经济学院一食堂二层6号商铺,长沙,10:00-21:00,08/01/21 07:10,自运营,luckin coffee,
4635,麓谷企业广场F1店,(No.2488),岳麓区文轩路27号麓谷企业广场F1栋一层103号,长沙,08:00-18:00,08/01/21 07:10,自运营,luckin coffee,
4636,芯城科技园店,(No.3038),岳麓区岳麓西大道588号芯城科技园1栋一层大堂,长沙,08:30-18:00,08/01/21 07:10,自运营,luckin coffee,
4637,湖南中医药大学店,(No.2922),岳麓区学士路300号湖南中医药大学国际教育学院一层大堂,长沙,09:00-18:30,08/01/21 07:10,自运营,luckin coffee,
4638,万科里梅溪郡店,(No.6297),岳麓区近湖二路58号梅溪郡万科里项目B栋一层113号,长沙,09:00-18:30,08/01/21 07:10,自运营,luckin coffee,
4639,梅溪湖创新中心店,(No.4344),岳麓区麓云路268号梅溪湖创新中心金悦雅苑二期商业14号楼A区一层107号,长沙,08:00-18:00,08/01/21 07:10,自运营,luckin coffee,
4640,王家湾步步高商城店,(No.4726),岳麓区麓南路王家湾步步高商场第一层1005号铺,长沙,10:00-21:00,08/01/21 07:10,自运营,luckin coffee,
4641,中南大学北校区店,(No.6703),岳麓区中南大学北校区中南MALL一层3号铺,长沙,09:00-21:00,08/01/21 07:10,自运营,luckin coffee,
4642,中南大学麓山南路店,(No.2385),岳麓区麓山南路697号麓山美庐广场一层111号,长沙,08:00-20:30,08/01/21 07:10,自运营,luckin coffee,
4643,湖南师大凤凰山店,(No.7105),岳麓区麓山路第22栋一层102号商铺,长沙,09:00-20:00,08/01/21 07:10,自运营,luckin coffee,
4644,步步高麓山里店,(No.6678),岳麓区桔子洲街道麓山南路299号步步高麓山里广场一层,长沙,10:00-21:30,08/01/21 07:10,自运营,luckin coffee,
4645,湖南师大二里半店,(No.6672),岳麓区桔子洲街道麓山路鹤华源小区106、206号,长沙,10:00-21:00,08/01/21 07:10,自运营,luckin coffee,
4646,中电软件园店,(No.2808),岳麓区尖山路39号中电软件园总部大楼一层大堂,长沙,08:30-18:00,08/01/21 07:10,自运营,luckin coffee,
4647,到家集团店,(No.4212),岳麓区枫林一路58小镇到家集团C5栋一层A51号,长沙,08:30-18:00,08/01/21 07:10,自运营,luckin coffee,
4648,湖南长沙市府中心店,(No.A0487),岳麓区金星北段22号恒盛商厦C座一层102-1号,长沙,08:30-20:30,08/01/21 07:10,代运营,luckin coffee,
4649,长沙凤凰街商业广场店,(No.A0140),岳麓区南二环518号阳光壹佰凤凰街1010号,长沙,09:00-21:00,08/01/21 07:10,代运营,luckin coffee,
4650,湘江时代店,(No.6418),岳麓区先导路179号湘江时代商务广场A2栋一层大堂,长沙,今日休息中,08/01/21 07:10,自运营,luckin coffee,
4651,中南大学升华公寓店,(No.7103),岳麓区清水路中南大学升华学生公寓12栋12号底商,长沙,09:00-20:00,08/01/21 07:10,自运营,luckin coffee,
4652,长沙理工大学店,(No.6725),天心区长沙理工大学金盆岭校区涂家村职工住宅21号楼一层西苑食堂旁500米,长沙,08:00-21:00,08/01/21 07:10,自运营,luckin coffee,
4653,湖南商会大厦店,(No.6248),雨花区芙蓉中路三段569号湖南商会大厦西塔楼一层大堂,长沙,08:00-18:00,08/01/21 07:10,自运营,luckin coffee,
4654,麓谷企业广场C2店,(No.4414),岳麓区文轩路27号麓谷钰园C2栋一层大堂,长沙,今日休息中,08/01/21 07:10,自运营,luckin coffee,
4655,顺天国际店,(No.1356),雨花区韶山中路419号凯宾商业广场一层102号,长沙,08:00-18:30,08/01/21 07:10,自运营,luckin coffee,
4656,万家丽国际购物广场店,(No.1235),芙蓉区万家丽大道中路99-101号万家丽国际购物广场一层区184号,长沙,09:30-21:30,08/01/21 07:10,自运营,luckin coffee,
4657,印象汇店,(No.2727),天心区黄兴南路445号印象汇商场一层,长沙,10:00-22:00,08/01/21 07:10,自运营,luckin coffee,
4658,汇金国际银座店,(No.6580),天心区芙蓉中路三段380号汇金苑9栋108号入口右侧,长沙,08:30-18:00,08/01/21 07:10,自运营,luckin coffee,
4659,保利国际广场店,(No.2275),天心区书院路9号保利国际广场B1栋底商,长沙,08:00-18:30,08/01/21 07:10,自运营,luckin coffee,
4660,叮叮MALL广场店,(No.1792),天心区劳动西路 337 号叮叮商业广场叮叮MallB2层210号,长沙,10:00-21:30,08/01/21 07:10,自运营,luckin coffee,
4661,友谊商城店,(No.2216),雨花区劳动中路2号友谊商城一层A-82号,长沙,08:00-20:30,08/01/21 07:10,自运营,luckin coffee,
4662,友阿家润多店,(No.3373),雨花区劳动路157号友阿家润多一层34号,长沙,09:00-21:00,08/01/21 07:10,自运营,luckin coffee,
4663,中南林业科技大学林旺百货店,(No.6637),天心区文源街道芙蓉南路496号中南林业科技大学东园学生公寓14、15栋负一楼林旺百货内38号铺,长沙,08:30-19:00,08/01/21 07:10,自运营,luckin coffee,
4664,南门口店,(No.6474),天心区黄兴南路步行商业街西厢南栋1662商场一楼1A47商铺,长沙,10:00-21:30,08/01/21 07:10,自运营,luckin coffee,
4665,湘豪大厦店,(No.6026),芙蓉区芙蓉中路二段106号中国石油长沙大厦一楼大堂东侧,长沙,08:00-18:00,08/01/21 07:10,自运营,luckin coffee,
4666,中南大学铁道学院店,(No.6702),天心区韶山南路22号中南大学铁道校区院内铁路园休闲广场一层2号商铺,长沙,08:00-18:00,08/01/21 07:10,自运营,luckin coffee,
4667,融科东南海店,(No.2724),雨花区香樟路469号融科东南海NH-1栋一层大堂,长沙,08:00-18:00,08/01/21 07:10,自运营,luckin coffee,
4668,中铝科技大厦店,(No.2328),雨花区木莲东路299号清溪川综合楼底商,长沙,08:00-19:00,08/01/21 07:10,自运营,luckin coffee,
4669,通程喜乐汇店,(No.1526),雨花区香樟路819号通程喜乐汇负一层2号,长沙,08:30-20:30,08/01/21 07:10,自运营,luckin coffee,
4670,旭辉国际广场店,(No.4475),雨花区劳动东路222号C1栋一层109号,长沙,08:00-18:00,08/01/21 07:10,自运营,luckin coffee,
4671,双铁城店,(No.6417),雨花区树木岭路16号双铁兴苑1号综合楼一层121号商铺,长沙,今日休息中,08/01/21 07:10,自运营,luckin coffee,
4672,华晨世纪广场店,(No.7160),雨花区万家丽中路二段8号华晨商业广场购物中心一层北一号,长沙,08:00-20:00,08/01/21 07:10,自运营,luckin coffee,
4673,天虹CCmall店,(No.3302),雨花区劳动东路260号京武浪琴山广场天虹商场一层1051号,长沙,08:00-21:00,08/01/21 07:10,自运营,luckin coffee,
4674,运达汇店,(No.2827),长沙大道567号运达汇负一层LG110号,长沙,08:30-21:30,08/01/21 07:10,自运营,luckin coffee,
4675,友阿总部办公大楼店,(No.2295),芙蓉区朝阳前街9号友阿总部办公大楼一层大堂 ,长沙,09:00-18:00,08/01/21 07:10,自运营,luckin coffee,
4676,凯旋国际店,(No.1934),芙蓉区车站中路21号科佳电脑城一层118号,长沙,08:00-18:00,08/01/21 07:10,自运营,luckin coffee,
4677,铭诚摩根店,(No.3639),雨花区人民东路58号铭诚摩根大厦1层103号,长沙,09:00-18:00,08/01/21 07:10,自运营,luckin coffee,
4678,火车站晓园公园店,(No.7154),芙蓉区五一东路2号晓园大厦1001铺,长沙,10:00-22:00,08/01/21 07:10,自运营,luckin coffee,
4679,荷花园电信大厦店,(No.2317),芙蓉区东二环一段1032号荷花园中国电信大楼一层营业厅,长沙,今日休息中,08/01/21 07:10,自运营,luckin coffee,
4680,人瑞潇湘国际店,(No.4787),芙蓉区五一大道158号人瑞潇湘国际一层大堂,长沙,08:00-18:00,08/01/21 07:10,自运营,luckin coffee,
4681,长沙高铁吾悦广场店,(No.4972),雨花区劳动东路高铁新城吾悦广场一层1017-2号,长沙,10:00-22:00,08/01/21 07:10,自运营,luckin coffee,
4682,汇一城商业街店,(No.6350),芙蓉区远大二路汇一城青华街116号,长沙,09:00-20:00,08/01/21 07:10,自运营,luckin coffee,
4683,德普企业公元店,(No.6239),长沙经济技术开发区螺丝塘路1号、3号德普.五和企业园7栋105商铺,长沙,今日休息中,08/01/21 07:10,自运营,luckin coffee,
4684,湖南都市职业学院店,(No.6034),长沙县远大三路1988号湖南都市职业学院第七食堂二层第6档口,长沙,今日休息中,08/01/21 07:10,自运营,luckin coffee,
4685,湖南外国语职业学院店,(No.6757),敬请期待!,长沙,07:00-22:00,08/01/21 07:10,自运营,luckin coffee,
4686,湖南三一工业职业技术学院店,(No.3114),长沙县黄兴大道东湖南三一工业职业技术学院C栋培训楼一层,长沙,今日休息中,08/01/21 07:10,自运营,luckin coffee,
4687,湖南农业大学店,(No.6415),芙蓉区农大路1号湖南农业大学丰泽开水房7号铺,长沙,08:00-20:00,08/01/21 07:10,自运营,luckin coffee,
4688,电子科技学院北校区店,(No.4660),望城区湖南电子科技职业学院北校区20号楼一层106号,长沙,今日休息中,08/01/21 07:10,自运营,luckin coffee,
4689,商丘向阳路步行街店,(No.A1941),梁园区前进街道向阳路(步行街)爱琴海购物公园9号楼1层103号,商丘,09:00-22:00,08/01/21 07:10,代运营,luckin coffee,
4690,柒悦城购物中心店,(No.A1566),梁园区前进街道柒悦城东华百汇国际广场一层,商丘,10:00-22:00,08/01/21 07:10,代运营,luckin coffee,
4691,商丘师范学院梁园校区店,(No.A1375),梁园区平原街道平原中路55号商丘师范学院新校区,商丘,今日休息中,08/01/21 07:10,代运营,luckin coffee,
4692,三阳广场地铁27号口店,(No.3218),梁溪区中山路三阳广场地铁站负一层金轮商业街50-52号,无锡,08:00-19:30,08/01/21 07:10,自运营,luckin coffee,
4693,天安大厦店,(No.2177),梁溪区中山路 260号天安大厦一层F111-A号,无锡,07:30-19:30,08/01/21 07:10,自运营,luckin coffee,
4694,大东方百货店,(No.3617),梁溪区中山路343号商业大厦大东方百货A座负一层食集超市,无锡,10:00-21:00,08/01/21 07:10,自运营,luckin coffee,
4695,云蝠大厦店,(No.1506),梁溪区中山路288号二层202室 ,无锡,09:30-21:00,08/01/21 07:10,自运营,luckin coffee,
4696,恒隆广场店,(No.4706),梁溪区人民中路恒隆广场商场三层325号铺位,无锡,10:00-21:00,08/01/21 07:10,自运营,luckin coffee,
4697,三阳广场店,(No.1876),梁溪区三阳广场地铁站负一层19B金轮天地商业街125号,无锡,10:00-20:00,08/01/21 07:10,自运营,luckin coffee,
4698,茂业亿百店,(No.3048),梁溪区中山路618号茂业亿百底商,无锡,09:30-21:00,08/01/21 07:10,自运营,luckin coffee,
4699,南禅寺店,(No.2404),梁溪区南禅寺商城一层110-39-1号,无锡,08:00-22:00,08/01/21 07:10,自运营,luckin coffee,
4700,华东大厦店,(No.1310),滨湖区湖滨路688号华东大厦一层大堂,无锡,08:00-18:00,08/01/21 07:10,自运营,luckin coffee,
4701,融智大厦店,(No.1360),新吴区龙山路4号融智大厦D座一层,无锡,今日休息中,08/01/21 07:10,自运营,luckin coffee,
4702,锋尚中心店,(No.1304),梁溪区民丰路198号锋尚文创中心一层,无锡,07:30-18:00,08/01/21 07:10,自运营,luckin coffee,
4703,汇普金融大厦店,(No.1422),梁溪区通杨南路251号汇普金融大厦一层大堂,无锡,07:30-18:00,08/01/21 07:10,自运营,luckin coffee,
4704,时代国际店,(No.1568),梁溪区运河东路557号时代国际C座一层大堂 ,无锡,07:30-18:00,08/01/21 07:10,自运营,luckin coffee,
4705,广益哥伦布广场店,(No.2849),梁溪区广益路289号哥伦布广场底商,无锡,08:00-21:00,08/01/21 07:10,自运营,luckin coffee,
4706,北创科技园店,(No.1947),梁溪区兴源北路401号北创科技园一层大堂,无锡,今日休息中,08/01/21 07:10,自运营,luckin coffee,
4707,赛格大厦店,(No.4261),惠山区惠山大道9号赛格大厦一层大堂,无锡,08:30-18:00,08/01/21 07:10,自运营,luckin coffee,
4708,百乐广场店,(No.4495),惠山区钱桥盛岸西路331号百乐商业广场四楼4009号,无锡,10:00-21:00,08/01/21 07:10,自运营,luckin coffee,
4709,滨湖万达店,(No.3093),滨湖区万千巷路94号万达金街底商 ,无锡,07:30-21:00,08/01/21 07:10,自运营,luckin coffee,
4710,无锡茂业天地店,(No.6929),梁溪区清扬路茂业百货负一层B103B,无锡,09:30-21:30,08/01/21 07:10,自运营,luckin coffee,
4711,南长街圣塘里店,(No.6792),梁溪区南长街256号圣塘里4-8号底商,无锡,10:00-21:30,08/01/21 07:10,自运营,luckin coffee,
4712,传感设备产业园店,(No.1765),梁溪区南湖大道503号传感设备产业园一层 ,无锡,08:30-18:00,08/01/21 07:10,自运营,luckin coffee,
4713,京师律师大厦店,(No.2024),梁溪区中南路106京师律师大厦一层大堂,无锡,08:00-18:00,08/01/21 07:10,自运营,luckin coffee,
4714,茂业百货店,(No.2686),新吴区天山路8号长江一号写字楼一层大堂,无锡,08:00-18:00,08/01/21 07:10,自运营,luckin coffee,
4715,新区哥伦布广场店,(No.2874),新吴区长江北路280号新区哥伦布广场底商,无锡,08:00-19:00,08/01/21 07:10,自运营,luckin coffee,
4716,丰汇欢乐广场店,(No.3415),锡山区华夏南路11号丰汇欢乐广场底商 ,无锡,08:00-20:30,08/01/21 07:10,自运营,luckin coffee,
4717,利华广场店,(No.1754),新吴区金城东路9-1号利华广场商务楼一层,无锡,08:00-18:00,08/01/21 07:10,自运营,luckin coffee,
4718,晶石国际中心店,(No.1696),锡山区东亭中路20号晶石国际中心鼎尚皇冠酒店一层大堂,无锡,08:00-18:00,08/01/21 07:10,自运营,luckin coffee,
4719,新之城店,(No.3522),新吴区江西街道新光路555号A1-1002新之城A区底商,无锡,09:00-21:00,08/01/21 07:10,自运营,luckin coffee,
4720,荟聚中心店,(No.2599),锡山区团结中路3号荟聚中心五层非常吃喝游乐区内,无锡,10:00-20:30,08/01/21 07:10,自运营,luckin coffee,
4721,深港天地店,(No.1550),新吴区纺城大道229号深港都会广场12-110号一层,无锡,08:30-18:00,08/01/21 07:10,自运营,luckin coffee,
4722,锡山科创园店,(No.2643),锡山区芙蓉中三路99号锡山科创园瑞云6座一层大堂,无锡,今日休息中,08/01/21 07:10,自运营,luckin coffee,
4723,IC设计大厦店,(No.2485),新吴区江溪街道新达路33-1号IC设计大厦B栋一层102-2室,无锡,今日休息中,08/01/21 07:10,自运营,luckin coffee,
4724,创源大厦店,(No.1946),新吴区长江路21号创源大厦一层1-109号,无锡,今日休息中,08/01/21 07:10,自运营,luckin coffee,
4725,星洲商务园店,(No.2484),新吴区行创四路89号星洲商务园4栋一层大堂 ,无锡,今日休息中,08/01/21 07:10,自运营,luckin coffee,
4726,逸林大厦店,(No.3195),新吴区高浪东路19号第一上海广场逸林大厦一层大堂,无锡,09:00-18:00,08/01/21 07:10,自运营,luckin coffee,
4727,传感网创新园店,(No.4455),新吴区菱湖大道200号中国传感网国际创新园B栋一层01号,无锡,08:00-18:00,08/01/21 07:10,自运营,luckin coffee,
4728,启航大厦店,(No.2642),滨湖区华庄街道高浪东路999号园区负一层中心商业街千百味餐厅内​,无锡,08:00-17:00,08/01/21 07:10,自运营,luckin coffee,
4729,十一科技园店,(No.2023),滨湖区建筑西路777号十一科技园店A2栋一层,无锡,08:00-18:00,08/01/21 07:10,自运营,luckin coffee,
4730,喜年中心店,(No.1569),滨湖区隐秀路811号喜年中心一层大堂,无锡,08:00-18:00,08/01/21 07:10,自运营,luckin coffee,
4731,金石路Ole超市店,(No.6241),滨湖区金石路88号万象城内场LG1层Ole超市入口旁,无锡,10:00-21:00,08/01/21 07:10,自运营,luckin coffee,
4732,无锡市民中心站店,(No.6060),滨湖区太湖街道地铁市民中心站地下商业街18号商铺,无锡,08:00-18:00,08/01/21 07:10,自运营,luckin coffee,
4733,无锡报业大厦店,(No.1979),滨湖区太湖新城金融二街1号报业大厦一层101号,无锡,07:30-18:30,08/01/21 07:10,自运营,luckin coffee,
4734,联合金融大厦店,(No.1798),滨湖区金融八街8号联合金融大厦一层,无锡,今日休息中,08/01/21 07:10,自运营,luckin coffee,
4735,融创星光广场店,(No.4827),滨湖区太湖街道天鹅湖花园B区宜必思酒店大堂一层,无锡,08:00-19:00,08/01/21 07:10,自运营,luckin coffee,
4736,博大假日广场店,(No.2897),滨湖区蠡湖大道664-1001号博大假日广场底商,无锡,08:30-21:00,08/01/21 07:10,自运营,luckin coffee,
4737,南洋职业技术学院店,(No.6412),滨湖区雪浪街道山水西路94号南洋职业技术学院东区第五食堂,无锡,今日休息中,08/01/21 07:10,自运营,luckin coffee,
4738,山水城科技园店,(No.1571),滨湖区锦溪路100号3号楼小青龙餐厅一层 ,无锡,09:00-18:00,08/01/21 07:10,自运营,luckin coffee,
4739,K-park3号楼店,(No.2175),滨湖区绣溪道50号山水城产业园K-park商务中心3号楼一层大堂 ,无锡,今日休息中,08/01/21 07:10,自运营,luckin coffee,
4740,K-park1号楼店,(No.2176),滨湖区绣溪道50号山水城产业园K-park商务中心1号楼一层大堂 ,无锡,09:00-18:00,08/01/21 07:10,自运营,luckin coffee,
4741,益阳华天店,(No.A1421),赫山区康富路华天综合楼107号,益阳,09:00-21:00,08/01/21 07:10,代运营,luckin coffee,
4742,益阳桃花仑店,(No.A1596),赫山区桃花仑西路556号,益阳,09:00-22:00,08/01/21 07:10,代运营,luckin coffee,
4743,益阳万达广场店,(No.A1859),赫山区赫山街道益阳万达广场3F层3037号铺位,益阳,10:00-22:00,08/01/21 07:10,代运营,luckin coffee,
4744,益阳城市学院店,(No.A1850),赫山区学府路城市学院北门羊舞岭小区44栋,益阳,09:00-22:00,08/01/21 07:10,代运营,luckin coffee,
4745,大庆萨尔图万达广场店,(No.A1563),尔图区东风街道万达广场(大庆萨尔图店),大庆,09:30-21:30,08/01/21 07:10,代运营,luckin coffee,
4746,八一农垦大学店,(No.A1318),八一农垦大学洗礼中心南侧,大庆,08:00-21:00,08/01/21 07:10,代运营,luckin coffee,
4747,新西南广场店,(No.7155),五华区人民中路17号昆百大新西南广场北门一层,昆明,09:00-21:30,08/01/21 07:10,自运营,luckin coffee,
4748,昆明世纪广场店,(No.2982),五华区南屏街88号世纪广场C2栋一层,昆明,09:30-21:30,08/01/21 07:10,自运营,luckin coffee,
4749,金鹰购物广场店,(No.2877),五华区青年路418号金鹰国际购物中心A座一层 ,昆明,10:00-22:00,08/01/21 07:10,自运营,luckin coffee,
4750,文明街店,(No.7086),五华区文明街45号一层商铺,昆明,10:00-22:00,08/01/21 07:10,自运营,luckin coffee,
4751,顺城王府井百货店,(No.3701),五华区沿河路7号顺城王府井百货商场二层2号观光梯旁50米,昆明,10:00-21:30,08/01/21 07:10,自运营,luckin coffee,
4752,云铜时代广场店,(No.3269),五华区金碧路363号云铜时代广场A座一层大堂,昆明,08:00-19:30,08/01/21 07:10,自运营,luckin coffee,
4753,三合商利店,(No.3116),五华区东风西路123号三合商利写字楼底商,昆明,07:30-18:30,08/01/21 07:10,自运营,luckin coffee,
4754,昆明翠湖店,(No.C0362),五华区青云街翠湖太龙公馆底商108号,昆明,今日休息中,08/01/21 07:10,代运营,小鹿茶,
4755,润城第二大道店,(No.2764),西山区日新东路润城第二大道1幢一层大堂,昆明,08:00-20:00,08/01/21 07:10,自运营,luckin coffee,
4756,滇池时代广场店,(No.2815),西山区滇池路384号滇池时代广场B座一层大堂,昆明,今日休息中,08/01/21 07:10,自运营,luckin coffee,
4757,瑞鼎城购物公园店,(No.2839),盘龙区白云路168号瑞鼎城一期一层F1036号,昆明,09:30-21:30,08/01/21 07:10,自运营,luckin coffee,
4758,西城中心店,(No.2937),五华区科海路西城时代西城中心A座一层大堂,昆明,08:00-18:00,08/01/21 07:10,自运营,luckin coffee,
4759,绿地汇海大厦店,(No.2986),西山区前卫西路1621号绿地汇海大厦底商,昆明,08:00-18:00,08/01/21 07:10,自运营,luckin coffee,
4760,融城金阶店,(No.3079),官渡区民航路869号融城金阶A座底商,昆明,08:00-18:00,08/01/21 07:10,自运营,luckin coffee,
4761,自贸区紫云青鸟店,(No.4784),经开区云南紫云青鸟国际珠宝加工贸易基地14幢1层12号商铺内A01区域,昆明,09:30-18:00,08/01/21 07:10,自运营,luckin coffee,
4762,云南师范大学商学院店,(No.4797),高新区商院路1号云南师范大学商学院海源校区文渊楼一层,昆明,08:00-20:00,08/01/21 07:10,自运营,luckin coffee,
4763,南亚风情第一城店,(No.4879),西山区滇池路569号N.E.W购物中心万动汇一层,昆明,10:00-22:00,08/01/21 07:10,自运营,luckin coffee,
4764,西南林业大学店,(No.4966),盘龙区白龙寺村305号世纪龙苑二期16-3号,昆明,08:00-19:00,08/01/21 07:10,自运营,luckin coffee,
4765,杨林大学城里外里店,(No.A0162),嵩明县杨林职教杨林职教园里外里商铺3A-1-5,昆明,12:00-20:00,08/01/21 07:10,代运营,luckin coffee,
4766,昆明公园1903店,(No.A0164),西山区滇池度假区海宏路公园1903负一楼朵彩市集6C-050号商铺,昆明,10:00-21:30,08/01/21 07:10,代运营,luckin coffee,
4767,海伦城市广场店,(No.A0183),官渡区海伦城市广场2号地7座103号,昆明,09:00-21:30,08/01/21 07:10,代运营,luckin coffee,
4768,现代商务中心店,(No.6041),盘龙区白云路703号现代商务中心写字楼一层大堂,昆明,08:00-18:00,08/01/21 07:10,自运营,luckin coffee,
4769,大商汇店,(No.6252),西山区商汇路107号大商汇B区31栋附6号,昆明,09:30-18:00,08/01/21 07:10,自运营,luckin coffee,
4770,金鼎科技园店,(No.6303),五华区学府路620号金鼎科技园20号平台卓越工厂三层,昆明,08:30-18:00,08/01/21 07:10,自运营,luckin coffee,
4771,悦成鼎鸿购物中心店,(No.6253),官渡区彩云北路辅路悦成鼎鸿购物中心一层3号门,昆明,10:00-20:30,08/01/21 07:10,自运营,luckin coffee,
4772,师大商学院杨林校区店,(No.6454),嵩明县杨林镇云南师范大学商学院图书馆一层,昆明,09:30-19:30,08/01/21 07:10,自运营,luckin coffee,
4773,云南财经大学北苑店,(No.6488),五华区龙泉路295号财经大学北苑卓远楼一层大堂,昆明,08:00-20:30,08/01/21 07:10,自运营,luckin coffee,
4774,陆家路店,(No.3458),西山区陆家路99号福合商务楼一层,昆明,08:00-19:30,08/01/21 07:10,自运营,luckin coffee,
4775,建业商务中心店,(No.3235),盘龙区东风东路47号建业商务中心底商,昆明,07:30-19:30,08/01/21 07:10,自运营,luckin coffee,
4776,昆明万达百货店,(No.3569),西山区前兴路684号万达百货一层25号,昆明,10:00-21:30,08/01/21 07:10,自运营,luckin coffee,
4777,华夏广场店,(No.3404),西山区滇池路1037号华夏广场2栋一层大堂,昆明,08:00-18:00,08/01/21 07:10,自运营,luckin coffee,
4778,绿地创海大厦店,(No.3659),五华区普吉街道王筇路176号绿地创海大厦一层大堂,昆明,08:00-18:00,08/01/21 07:10,自运营,luckin coffee,
4779,银海清溪渡店,(No.3399),官渡区季官路与季宏路交叉口银海清溪渡购物公园1号门1-20号,昆明,10:00-20:30,08/01/21 07:10,自运营,luckin coffee,
4780,集大广场沃尔玛店,(No.3702),盘龙区环城东路289号集大广场沃尔玛一层F0023号商铺,昆明,08:30-21:00,08/01/21 07:10,自运营,luckin coffee,
4781,云师大实验中学店,(No.4276),五华区东风西路484号附4号商铺,昆明,08:00-21:30,08/01/21 07:10,自运营,luckin coffee,
4782,西城心景店,(No.4271),五华区茭菱路423号西城心景大厦一层大堂,昆明,08:00-18:00,08/01/21 07:10,自运营,luckin coffee,
4783,建工新城生活广场店,(No.4448),经开区林溪路188号建工新城生活广场一层,昆明,10:00-20:30,08/01/21 07:10,自运营,luckin coffee,
4784,北辰财富中心店,(No.4598),盘龙区北京路延长线1109号北辰财富中心C幢一层103号,昆明,08:00-21:00,08/01/21 07:10,自运营,luckin coffee,
4785,云路中心店,(No.4652),官渡区环城南路262号云路中心商场一楼-CD-04,昆明,10:00-21:30,08/01/21 07:10,自运营,luckin coffee,
4786,云南财大龙泉校区店,(No.A0863),五华区龙泉路237号云南财经大学3号商务楼3101,昆明,09:00-19:00,08/01/21 07:10,代运营,luckin coffee,
4787,和谐广场美食城店,(No.A1136),红园路和谐家园D5幢101号A09附2号七九美食城,昆明,今日休息中,08/01/21 07:10,代运营,luckin coffee,
4788,财智心景大厦店,(No.3153),盘龙区北京路924号财智心景大厦一层大堂,昆明,08:00-18:00,08/01/21 07:10,自运营,luckin coffee,
4789,昆明保利中心大堂店,(No.A0809),西山区人民西路保利中心一层大堂,昆明,09:00-18:00,08/01/21 07:10,代运营,luckin coffee,
4790,融城优郡店,(No.7252),西山区西园南路32号融城优郡A区一层大堂,昆明,08:00-18:00,08/01/21 07:10,自运营,luckin coffee,
4791,金领地国际商务大厦店,(No.6509),盘龙区联盟街道金领地国际商务大厦一层大堂,昆明,08:00-18:00,08/01/21 07:10,自运营,luckin coffee,
4792,云南经济管理学院店,(No.6581),五华区海屯路296号云南经济管理学院海源校区教师公寓5栋一层大堂,昆明,08:30-19:00,08/01/21 07:10,自运营,luckin coffee,
4793,和成国际店,(No.3148),五华区海源中路1088号和成国际大厦A座一层大堂,昆明,08:00-18:00,08/01/21 07:10,自运营,luckin coffee,
4794,昆明智立方店,(No.6487),高新区昌源中路新云巷99号智立方大厦一楼大堂,昆明,09:00-18:00,08/01/21 07:10,自运营,luckin coffee,
4795,图书文化广场店,(No.3078),西山区环城南路668号云纺商业区图书文化广场底商,昆明,08:00-19:30,08/01/21 07:10,自运营,luckin coffee,
4796,昆明大悦城店,(No.6836),西山区环城南路618号昆明大悦城购物中心二层2-2-21号商铺,昆明,10:00-22:00,08/01/21 07:10,自运营,luckin coffee,
4797,东盟商务大厦店,(No.3283),呈贡区春融街779号上海东盟商务大厦A座写字楼一层大堂,昆明,08:00-18:30,08/01/21 07:10,自运营,luckin coffee,
4798,中医药大学呈贡校区店,(No.A1348),敬请期待!,昆明,08:00-18:00,08/01/21 07:10,代运营,luckin coffee,
4799,广福城店,(No.3266),西山区日新中路397号广福城A11-2栋onework共享办公一层大堂,昆明,08:00-18:00,08/01/21 07:10,自运营,luckin coffee,
4800,云南工商学院店,(No.6524),嵩明县景观大道10号云南工商学院三期食堂一楼102号铺,昆明,09:00-21:00,08/01/21 07:10,自运营,luckin coffee,
4801,云南工商学院公寓楼店,(No.6597),嵩明县杨林职教园区景观大道10号云南工商学院35栋公寓楼,昆明,10:00-21:00,08/01/21 07:10,自运营,luckin coffee,
4802,云南民族大学店,(No.6820),敬请期待!,昆明,07:00-22:00,08/01/21 07:10,自运营,luckin coffee,
4803,云南映象广场店,(No.7150),盘龙区铂金大道云南映象城市公园广场7幢一层1号,昆明,08:00-21:00,08/01/21 07:10,自运营,luckin coffee,
4804,昆明和谐广场国潮街店,(No.A1974),敬请期待!,昆明,08:00-18:00,08/01/21 07:10,代运营,luckin coffee,
4805,低碳中心店,(No.3137),盘龙区世博路12号低碳中心B座一层大堂,昆明,08:00-18:00,08/01/21 07:10,自运营,luckin coffee,
4806,金平果大厦店,(No.6515),盘龙区白龙路19号金平果大厦一层大堂,昆明,今日休息中,08/01/21 07:10,自运营,luckin coffee,
4807,七彩METOWN店,(No.A1113),盘龙区鼓楼街道白塔路七彩ME TOWN购物中心负一层B1-03-01,昆明,10:00-21:30,08/01/21 07:10,代运营,luckin coffee,
4808,三维友邻商场店,(No.A1547),西工区汉屯路街道中州中路三维友邻中心1F-31商铺,洛阳,10:00-21:30,08/01/21 07:10,代运营,luckin coffee,
4809,洛阳新都汇店,(No.A1162),西工区解放路56号新都汇购物公园二层外场D-01,洛阳,09:00-21:30,08/01/21 07:10,代运营,luckin coffee,
4810,洛阳万达广场店,(No.A0769),涧西区辽宁路168号万达广场三层306,洛阳,09:00-22:00,08/01/21 07:10,代运营,luckin coffee,
4811,洛阳王府井购物中心店,(No.A1961),王府井购物中心负一层下沉广场入口处,洛阳,10:00-21:30,08/01/21 07:10,代运营,luckin coffee,
4812,老城十字街店,(No.A1478),老城区西南隅街道南大街2-8号,洛阳,10:30-23:00,08/01/21 07:10,代运营,luckin coffee,
4813,洛阳正大广场店,(No.A0148),洛龙区开元大道与后载门街交叉口正大国际广场负一楼,洛阳,09:30-21:30,08/01/21 07:10,代运营,luckin coffee,
4814,洛阳泉舜购物广场店,(No.A1226),洛龙区牡丹大道166号泉舜购物广场负一层,洛阳,10:00-21:30,08/01/21 07:10,代运营,luckin coffee,
4815,洛龙区龙祥街店,(No.A1460),洛龙区龙祥街中北段,洛阳,10:00-22:30,08/01/21 07:10,代运营,luckin coffee,
4816,洛阳广州市场店,(No.A1933),敬请期待!,洛阳,10:00-22:30,08/01/21 07:10,代运营,luckin coffee,
4817,洛阳西工小街店,(No.A2094),敬请期待!,洛阳,08:00-18:00,08/01/21 07:10,代运营,luckin coffee,
4818,河南科技大学开元校区店,(No.A1399),敬请期待!,洛阳,08:00-18:00,08/01/21 07:10,代运营,luckin coffee,
4819,河南科技大学嘉园食堂店,(No.A2068),敬请期待!,洛阳,08:00-18:00,08/01/21 07:10,代运营,luckin coffee,
4820,朝阳万达广场店,(No.A0695),双塔区黄河路三段2号朝阳万达广场室内步行街四层4026A号,朝阳,09:30-21:00,08/01/21 07:10,代运营,luckin coffee,
4821,衡阳中国银行城北支行店,(No.C0291),蒸湘区船山西路32号中国银行城北支行101室,衡阳,09:00-22:00,08/01/21 07:10,代运营,小鹿茶,
4822,衡阳金钟大雁城店,(No.A1465),蒸湘区船山西路49号金钟大雁城一层,衡阳,08:30-22:00,08/01/21 07:10,代运营,luckin coffee,
4823,衡阳酃湖万达广场店,(No.A1970),珠晖区衡州大道50号衡阳酃湖万达广场1F层,衡阳,08:30-23:00,08/01/21 07:10,代运营,luckin coffee,
4824,衡阳民俗文化广场店,(No.A2040),敬请期待!,衡阳,08:00-18:00,08/01/21 07:10,代运营,luckin coffee,
4825,衡阳融冠亲城店,(No.A2050),敬请期待!,衡阳,08:00-18:00,08/01/21 07:10,代运营,luckin coffee,
4826,华新步步高广场店,(No.A2039),敬请期待!,衡阳,08:00-18:00,08/01/21 07:10,代运营,luckin coffee,
4827,咸宁中商百货店,(No.A1011),温泉中心花坛中商百货一层,咸宁,09:00-22:00,08/01/21 07:10,代运营,luckin coffee,
4828,咸宁沃尔玛店,(No.A1623),咸安区温泉温泉路35号金诚沃尔玛购物广场负一层88号,咸宁,09:30-21:30,08/01/21 07:10,代运营,luckin coffee,
4829,咸宁万达广场店,(No.A1416),咸安区万达广场三层1号门扶梯,咸宁,09:30-22:00,08/01/21 07:10,代运营,luckin coffee,
4830,清城区顺盈时代广场店,(No.A0553),清城区人民一路28号顺盈时代广场商业街一层1311号,清远,09:00-22:00,08/01/21 07:10,代运营,luckin coffee,
4831,清远锦绣清城购物广场店,(No.A1174),清城区东湖路1号锦绣清城购物广场1F189号,清远,09:00-22:30,08/01/21 07:10,代运营,luckin coffee,
4832,清远城市广场店,(No.A1585),清城区先锋中路城市广场一期中庭首层08号铺,清远,09:00-22:30,08/01/21 07:10,代运营,luckin coffee,
4833,广东岭南职业技术学院店,(No.A1403),清城区大学东路广东岭南职业技术学院第三饭堂,清远,今日休息中,08/01/21 07:10,代运营,luckin coffee,
4834,天福购物广场店,(No.A2015),敬请期待!,清远,08:00-18:00,08/01/21 07:10,代运营,luckin coffee,
4835,合地广场店,(No.A0897),英德市和平中路天力时代广场一层C区L1105商铺,清远,09:30-22:00,08/01/21 07:10,代运营,luckin coffee,
4836,利民路步行街店,(No.A2093),敬请期待!,清远,08:00-18:00,08/01/21 07:10,代运营,luckin coffee,
4837,亳州金桥大厦店,(No.A0253),谯城区魏武大道928号金桥大厦一层B1-1号,亳州,08:30-21:30,08/01/21 07:10,代运营,luckin coffee,
4838,紫金广场店,(No.A0158),谯城区紫金广场162号商铺,亳州,09:00-21:00,08/01/21 07:10,代运营,luckin coffee,
4839,亳州经开区缤纷城店,(No.A0977),高新区汤王大道缤纷城一层106铺,亳州,09:00-21:00,08/01/21 07:10,代运营,luckin coffee,
4840,利辛七彩世界店,(No.A2103),敬请期待!,亳州,08:00-18:00,08/01/21 07:10,代运营,luckin coffee,
4841,黎阳in巷店,(No.A1104),屯溪区黎阳in巷18幢11号,黄山,09:30-22:00,08/01/21 07:10,代运营,luckin coffee,
4842,徽州古城店,(No.A1931),敬请期待!,黄山,08:00-18:00,08/01/21 07:10,代运营,luckin coffee,
4843,川汇五一广场店,(No.A1344),川汇区五一路五一地下广场中心区,周口,09:30-21:30,08/01/21 07:10,代运营,luckin coffee,
4844,贵州铜仁蓝波湾店,(No.C0059),碧江区蓝波湾环北路56号,铜仁,10:00-22:30,08/01/21 07:10,代运营,小鹿茶,
4845,铜仁西门广场店,(No.A1953),敬请期待!,铜仁,08:00-18:00,08/01/21 07:10,代运营,luckin coffee,
4846,万达广场芝罘金街店,(No.A0360),芝罘区西关南街14号万达金街A2-114号一楼商铺,烟台,08:00-21:00,08/01/21 07:10,代运营,luckin coffee,
4847,烟台阳光100城市广场店,(No.A0232),芝罘区海港路26号阳光100城市广场B座1F-12,烟台,09:00-20:30,08/01/21 07:10,代运营,luckin coffee,
4848,烟台第一大道店,(No.A1440),芝罘区通伸街道五房韩国城第一大道,烟台,08:30-20:30,08/01/21 07:10,代运营,luckin coffee,
4849,烟台大学步行街店,(No.C0122),莱山区黄海路街道清泉路27号附2号113号商铺,烟台,08:30-21:30,08/01/21 07:10,代运营,小鹿茶,
4850,永旺烟台购物中心店,(No.A1379),莱山区观海路227号永旺烟台购物中心2F-251号铺位,烟台,08:30-22:00,08/01/21 07:10,代运营,luckin coffee,
4851,烟台莱山银座店,(No.A0231),莱山区迎春大街188号银座商城西南门F101号,烟台,08:30-20:30,08/01/21 07:10,代运营,luckin coffee,
4852,烟台开发区万达广场店,(No.A1304),福山区衡山路17号万达广场一层PT-QT-021,烟台,10:00-21:00,08/01/21 07:10,代运营,luckin coffee,
4853,烟台理工学院店,(No.A0020),莱山区港城东大街烟台大学文经学院三餐二层东区,烟台,今日休息中,08/01/21 07:10,代运营,luckin coffee,
4854,烟台梦乐城店,(No.A0593),开发区长江路120号永旺梦乐城一层142商铺,烟台,10:00-22:00,08/01/21 07:10,代运营,luckin coffee,
4855,烟台星颐广场店,(No.A1378),开发区福莱山街道长江路烟台星颐广场2-104A,烟台,08:30-20:30,08/01/21 07:10,代运营,luckin coffee,
4856,岳阳天伦大润发店,(No.A1952),岳阳楼区建湘路与青年中路交叉口天伦金三角购物公园负一层1013号铺,岳阳,08:30-22:00,08/01/21 07:10,代运营,luckin coffee,
4857,湖南理工学院南院店,(No.A2108),敬请期待!,岳阳,08:00-18:00,08/01/21 07:10,代运营,luckin coffee,
4858,湖南民族职业学院店,(No.A1989),敬请期待!,岳阳,08:00-18:00,08/01/21 07:10,代运营,luckin coffee,
4859,揭阳榕华商业城店,(No.A1854),榕城区进贤门大道和榕华大道交汇处东园大厦榕华商业一层,揭阳,09:00-23:00,08/01/21 07:10,代运营,luckin coffee,
4860,普宁广场店,(No.A0503),普宁市广达北路御景城一期66底商,揭阳,08:30-23:00,08/01/21 07:10,代运营,luckin coffee,
4861,普宁国际商品城店,(No.A1219),流沙东街道尚东一品南区23号商铺,揭阳,09:00-22:30,08/01/21 07:10,代运营,luckin coffee,
4862,潮南合胜广场店,(No.A2058),敬请期待!,揭阳,08:00-18:00,08/01/21 07:10,代运营,luckin coffee,
4863,西华师范大学店,(No.A0709),顺庆区智达路34号,南充,09:00-21:00,08/01/21 07:10,代运营,luckin coffee,
4864,南部瑞安步行街店,(No.A1576),南部县滨江街道香茗巷34-5号,南充,09:30-21:30,08/01/21 07:10,代运营,luckin coffee,
4865,营山复兴街店,(No.A1954),敬请期待!,南充,09:30-21:00,08/01/21 07:10,代运营,luckin coffee,
4866,海口时代广场店,(No.A0143),龙华区国贸路2号海口时代广场一层大堂,海口,08:30-18:00,08/01/21 07:10,代运营,luckin coffee,
4867,融创店,(No.7073),龙华区海秀东路29号融创精彩天地外广场底商,海口,08:00-21:00,08/01/21 07:10,自运营,luckin coffee,
4868,友谊阳光城店,(No.6015),龙华区金龙路2号友谊阳光城6A层016B号,海口,10:00-22:00,08/01/21 07:10,自运营,luckin coffee,
4869,海口南洋大厦店,(No.4692),龙华区滨海大道81号南洋大厦一层104-1房,海口,今日休息中,08/01/21 07:10,自运营,luckin coffee,
4870,海南大厦店,(No.6381),美兰区国兴大道5号海南大厦一层大堂,海口,08:00-18:00,08/01/21 07:10,自运营,luckin coffee,
4871,海口N次方公园店,(No.6334),龙华区金贸东路5号N次方公园三层N-301号,海口,10:30-22:00,08/01/21 07:10,自运营,luckin coffee,
4872,海垦广场店,(No.A0274),龙华区海秀中路 71 号海垦广场写字楼 B 座 一层,海口,09:00-18:30,08/01/21 07:10,代运营,luckin coffee,
4873,南亚广场店,(No.6516),美兰区海府路18号南亚广场一层,海口,09:30-20:00,08/01/21 07:10,自运营,luckin coffee,
4874,全球贸易之窗店,(No.A0150),美兰区蓝天街道国兴大道15A号全球贸易之窗大厦一层大堂,海口,08:00-18:30,08/01/21 07:10,代运营,luckin coffee,
4875,海口华夏银行大厦店,(No.4829),美兰区国兴大道61号华夏银行大厦一层大堂,海口,08:00-18:00,08/01/21 07:10,自运营,luckin coffee,
4876,海甸城店,(No.6139),美兰区海甸二东路2号海甸城一层Z-01号,海口,09:30-22:00,08/01/21 07:10,自运营,luckin coffee,
4877,和信广场店,(No.6732),海口市龙华区龙昆南路60号7#楼和信广场一层F109号商铺,海口,09:30-21:00,08/01/21 07:10,自运营,luckin coffee,
4878,百方大厦店,(No.4739),龙华区滨海大道105号百方大厦一层大堂,海口,07:30-18:30,08/01/21 07:10,自运营,luckin coffee,
4879,海口经济学院店,(No.4738),美兰区桂林洋开发区海口经济学院南洋风情街南栋一层103号铺,海口,08:00-21:00,08/01/21 07:10,自运营,luckin coffee,
4880,海口新城吾悦广场店,(No.4780),龙华区迎宾大道18号新城吾悦广场三层3008-1号,海口,10:00-22:30,08/01/21 07:10,自运营,luckin coffee,
4881,海口市人民医院店,(No.4988),美兰区海口市人民医院1号楼和2号楼连廊,海口,07:00-20:00,08/01/21 07:10,自运营,luckin coffee,
4882,海南经贸职业技术学院店,(No.7081),美兰区校际二号路海南经贸职业技术学院1-2栋学生公寓一层7号,海口,07:30-22:00,08/01/21 07:10,自运营,luckin coffee,
4883,海南医学院店,(No.6129),龙华区城西镇学院路海南医学院内商业街18号铺,海口,07:30-20:00,08/01/21 07:10,自运营,luckin coffee,
4884,宜欣城店,(No.6881),龙华区明珠路8号宜欣城负一层F-D10号商铺,海口,09:30-21:30,08/01/21 07:10,自运营,luckin coffee,
4885,滨海国际金融中心店,(No.6364),龙华区滨海大道117号海南滨海国际金融中心B座东区大堂,海口,今日休息中,08/01/21 07:10,自运营,luckin coffee,
4886,海航国际广场C座店,(No.6917),龙华区滨海大道109-9号海航国际广场C座世贸109店一层商铺 一层016,海口,08:30-21:30,08/01/21 07:10,自运营,luckin coffee,
4887,海口居然之家店,(No.A1411),秀英区滨海大道102号居然之家F门1-009号商铺,海口,09:00-18:30,08/01/21 07:10,代运营,luckin coffee,
4888,秀英万达店,(No.7293),秀英区海榆中路29号万达广场海口店三层3055号,海口,10:00-22:00,08/01/21 07:10,自运营,luckin coffee,
4889,王府井恩祥生活广场店,(No.6278),秀英区美林路5号西海岸王府井生活广场一层1-032号,海口,10:00-21:00,08/01/21 07:10,自运营,luckin coffee,
4890,南昌东湖百盛店,(No.A0065),东湖区中山路百盛B馆负二层,南昌,10:00-21:30,08/01/21 07:10,代运营,luckin coffee,
4891,中山路天虹店,(No.7075),西湖区中山路318号天虹商场负一层B1209号,南昌,10:00-21:30,08/01/21 07:10,自运营,luckin coffee,
4892,胜利路中国黄金店,(No.3709),东湖区胜利路10号中国黄金二层,南昌,09:00-19:00,08/01/21 07:10,自运营,luckin coffee,
4893,华润万家中山路店,(No.4339),东湖区中山路150号华润万家一层大堂,南昌,10:00-21:00,08/01/21 07:10,自运营,luckin coffee,
4894,阳明公园站店,(No.6473),南昌地铁2号线阳明公园站1号口YMGYZ-103商铺,南昌,07:30-19:00,08/01/21 07:10,自运营,luckin coffee,
4895,南昌恒茂国际华城店,(No.6485),西湖区广场南路205号恒茂国际华城18栋A单元M区底商,南昌,08:00-19:00,08/01/21 07:10,自运营,luckin coffee,
4896,南京西路一附医院店,(No.A0924),东湖区南京西路165号6单元101室,南昌,08:00-22:00,08/01/21 07:10,代运营,luckin coffee,
4897,滨江壹号环球中心店,(No.2837),西湖区团结路12号滨江1号楼环球中心一层大堂,南昌,08:00-18:00,08/01/21 07:10,自运营,luckin coffee,
4898,云中城店,(No.2823),高新开发区紫阳大道3399号云中城A座一层大堂,南昌,08:00-18:00,08/01/21 07:10,自运营,luckin coffee,
4899,南昌国际金融中心店,(No.2836),东湖区红谷中大道1619号国际金融中心A座一层大堂,南昌,08:00-18:00,08/01/21 07:10,自运营,luckin coffee,
4900,浦发银行大厦店,(No.3305),红谷滩区红谷中大道1402号浦发银行南昌分行一层大堂,南昌,今日休息中,08/01/21 07:10,自运营,luckin coffee,
4901,南昌新城吾悦广场店,(No.3386),新建区长堎大道666号新建新城吾悦广场一层2号门口,南昌,10:00-22:00,08/01/21 07:10,自运营,luckin coffee,
4902,航空大厦店,(No.3435),青山湖区紫阳大道1216号航空大厦写字楼一层大堂,南昌,09:00-18:30,08/01/21 07:10,自运营,luckin coffee,
4903,洪城大厦店,(No.3317),西湖区北京西路156号洪城大厦底商,南昌,09:00-19:00,08/01/21 07:10,自运营,luckin coffee,
4904,699优创空间店,(No.3453),青山湖区上海路699号699创意工场68栋优创空间一层大堂,南昌,09:00-18:00,08/01/21 07:10,自运营,luckin coffee,
4905,江西财经大学麦庐园店,(No.6484),南昌经济技术开发区江西财经大学麦庐园校区商业街F栋二层,南昌,09:30-21:30,08/01/21 07:10,自运营,luckin coffee,
4906,南昌大学天健园店,(No.7123),红谷滩区学府大道999号南昌大学前湖校区北区学生公寓22栋一层1号商铺,南昌,08:00-21:00,08/01/21 07:10,自运营,luckin coffee,
4907,东华理工大学店,(No.6366),青山湖区广兰大道418号南昌东华理工南区优乐购超市4号店,南昌,09:00-19:30,08/01/21 07:10,自运营,luckin coffee,
4908,南昌大学店,(No.6401),红谷滩新区学府大道999号南昌大学前湖区第三食堂三层D2号商铺,南昌,10:00-19:00,08/01/21 07:10,自运营,luckin coffee,
4909,华东交大理工学院店,(No.4547),经济技术开发区黄家湖东路111号的新校区第四食堂一层1号,南昌,今日休息中,08/01/21 07:10,自运营,luckin coffee,
4910,新建中心店,(No.3454),新建区长麦路新建中心三层3005A号,南昌,10:00-20:00,08/01/21 07:10,自运营,luckin coffee,
4911,梦立方广场店,(No.4393),红谷滩区前湖大道998号梦立方广场星程酒店一层大堂,南昌,今日休息中,08/01/21 07:10,自运营,luckin coffee,
4912,用友南昌产业园店,(No.3486),红谷滩新区嘉言路668号用友南昌产业园语音服务中心A区一层大堂,南昌,今日休息中,08/01/21 07:10,自运营,luckin coffee,
4913,南昌西站候车厅店,(No.4634),红谷滩新区西站大街南昌西站商业夹层JC-21号,南昌,08:00-21:00,08/01/21 07:10,自运营,luckin coffee,
4914,南昌大学医学院店,(No.6675),红谷滩新区学府大道1299号南昌大学医学院前胡南院商业街二层201室,南昌,09:00-19:00,08/01/21 07:10,自运营,luckin coffee,
4915,南昌VR产业基地店,(No.6037),红谷滩区九龙湖大道1388号上饶大街VR产业园3号办公楼一层114室,南昌,09:00-18:00,08/01/21 07:10,自运营,luckin coffee,
4916,江西科技师范大学店,(No.4580),红谷滩新区学府大道589号江西科技师范大学红角洲校区第一食堂3号商铺,南昌,10:00-19:00,08/01/21 07:10,自运营,luckin coffee,
4917,南昌理工学院店,(No.6645),青山湖区冠山管理处英雄大道238号南昌理工学院南昌校区荷花食堂二层,南昌,10:00-19:00,08/01/21 07:10,自运营,luckin coffee,
4918,余干天虹购物中心店,(No.A2023),敬请期待!,南昌,08:00-18:00,08/01/21 07:10,代运营,luckin coffee,
4919,江西师范大学瑶湖校区店,(No.3452),青山湖区紫阳大道99号江西师范大学瑶湖校区第二学生食堂三层,南昌,07:30-20:00,08/01/21 07:10,自运营,luckin coffee,
4920,南昌工程学院润园店,(No.6291),高新技术开发区天祥大道289号南昌工程学院润园店食堂三层301号,南昌,08:00-19:30,08/01/21 07:10,自运营,luckin coffee,
4921,南昌外语外贸店,(No.A0066),青山湖区瑶湖西二路商业街A区24号,南昌,今日休息中,08/01/21 07:10,代运营,luckin coffee,
4922,江西科技学院店,(No.6639),高新区紫阳大道115号江西科技学院香樟东路鄱阳湖餐厅二层101商铺,南昌,10:00-20:00,08/01/21 07:10,自运营,luckin coffee,
4923,江铃商务酒店店,(No.3538),青云谱区迎滨北大道318号江铃商务酒店一层大堂,南昌,09:00-18:30,08/01/21 07:10,自运营,luckin coffee,
4924,南昌王府井购物中心店,(No.7294),青云谱区洪城路158号王府井购物中心负一层17号,南昌,10:00-21:30,08/01/21 07:10,自运营,luckin coffee,
4925,国贸广场店,(No.3488),青云谱区洪城路2号国贸广场一层 ,南昌,08:00-18:30,08/01/21 07:10,自运营,luckin coffee,
4926,南宾国际金融大厦店,(No.6472),西湖区八一大道2号南宾国际金融大厦一层大堂,南昌,今日休息中,08/01/21 07:10,自运营,luckin coffee,
4927,南昌站店,(No.6525),青山湖区二七南路213号南昌站候车厅三层,南昌,08:00-20:00,08/01/21 07:10,自运营,luckin coffee,
4928,朝阳天虹店,(No.A0922),西湖区抚生路朝阳洲天虹购物中心1层F1010a小鹿茶大滑梯旁,南昌,09:30-22:00,08/01/21 07:10,代运营,luckin coffee,
4929,青山湖万达店,(No.6431),南昌市青山湖区京东南大道1666号南昌青山湖万达广场一层3号大门旁1038B商铺,南昌,10:00-21:30,08/01/21 07:10,自运营,luckin coffee,
4930,江西百盛优客店,(No.4620),青山湖区北京东路428号百盛优客负一层37-39 室,南昌,10:00-21:30,08/01/21 07:10,自运营,luckin coffee,
4931,万达广场西湖店,(No.4234),西湖区云锦路368号西湖万达广场步行街一层1015A号商铺,南昌,09:30-21:30,08/01/21 07:10,自运营,luckin coffee,
4932,南昌航空大学金龙餐厅店,(No.6435),红谷滩新区南昌航空大学第三食堂二层金龙餐厅大堂,南昌,10:00-19:00,08/01/21 07:10,自运营,luckin coffee,
4933,中节能国际中心店,(No.4932),高新区昌东大道路7199号中节能国际中心项目1号楼101号大堂,南昌,今日休息中,08/01/21 07:10,自运营,luckin coffee,
4934,恒大中心店,(No.4929),高新区艾溪湖北路88号恒大名都14#办公楼121室,南昌,09:30-18:00,08/01/21 07:10,自运营,luckin coffee,
4935,青山湖创业大厦店,(No.4248),青山湖区北京东路青山湖创业大厦一层大堂 ,南昌,08:00-18:00,08/01/21 07:10,自运营,luckin coffee,
4936,莱蒙都会商业中心店,(No.4862),红谷滩新区会展路1088号莱蒙都会商业中心5号楼5B栋一层大堂西侧,南昌,08:00-18:00,08/01/21 07:10,自运营,luckin coffee,
4937,万达广场红谷滩店,(No.A1497),红谷滩新区会展路999号万达广场一层1073B号商铺,南昌,08:00-22:00,08/01/21 07:10,代运营,luckin coffee,
4938,南昌万达中心店,(No.3800),红谷滩新区丰泽路万达中心一号商业楼106号商铺,南昌,08:00-19:00,08/01/21 07:10,自运营,luckin coffee,
4939,乐盈广场店,(No.4484),经开区枫林西大街299号IM乐盈广场5号楼一层1320号,南昌,09:00-21:00,08/01/21 07:10,自运营,luckin coffee,
4940,江西财经大学店,(No.6121),红谷滩新区财大蛟桥南区龙兴路心怡餐饮一层,南昌,09:00-19:00,08/01/21 07:10,自运营,luckin coffee,
4941,南昌绿地外滩公馆店,(No.A0002),红谷滩新区丰和北大道968号绿地外滩公馆写字楼19栋117号商铺,南昌,08:00-20:00,08/01/21 07:10,代运营,luckin coffee,
4942,铜锣湾写字楼店,(No.3485),红谷滩新区庐山南大道369号铜锣湾广场写字楼一层大堂,南昌,08:30-19:00,08/01/21 07:10,自运营,luckin coffee,
4943,浙大国家科技园店,(No.4334),高新技术产业开发区浙江大学国家大学科技园C区一层101B-1室,南昌,今日休息中,08/01/21 07:10,自运营,luckin coffee,
4944,蓝海购物广场店,(No.3539),东湖区青山南路118号蓝海购物广场一层北门,南昌,10:00-20:00,08/01/21 07:10,自运营,luckin coffee,
4945,世茂广场店,(No.4636),红谷滩新区红谷中大道世茂广场负一层S05号商铺,南昌,10:00-20:00,08/01/21 07:10,自运营,luckin coffee,
4946,绿地双子塔A2栋店,(No.6904),红谷滩区红谷中大道998号绿地中央广场A2栋一层大堂,南昌,09:00-18:00,08/01/21 07:10,自运营,luckin coffee,
4947,南昌绿地中央广场店,(No.4718),红谷滩新区红谷中大道998号绿地中央广场D区负一层D2-B1-13号下沉广场,南昌,10:00-19:00,08/01/21 07:10,自运营,luckin coffee,
4948,亿升中心广场店,(No.A0672),信州区赣东北大道32号亿升广场西街一号门旁,上饶,09:30-21:30,08/01/21 07:10,代运营,luckin coffee,
4949,万力时代广场店,(No.C0539),上饶市信州区万力时代A馆三层BoBo甜品旁,上饶,09:30-23:00,08/01/21 07:10,代运营,小鹿茶,
4950,上饶万达广场店,(No.A0123),信州区滨江西路66号万达广场1号门（进来扶手电梯上二楼）,上饶,10:00-22:00,08/01/21 07:10,代运营,luckin coffee,
4951,上饶吾悦广场店,(No.A0285),广信区吾悦广场1018-2号,上饶,10:00-22:00,08/01/21 07:10,代运营,luckin coffee,
4952,广丰时代广场店,(No.A1809),广丰区时代广场2号楼116号,上饶,09:30-23:00,08/01/21 07:10,代运营,luckin coffee,
4953,广信吾悦广场店,(No.A1356),敬请期待!,上饶,10:00-22:00,08/01/21 07:10,代运营,luckin coffee,
4954,贵溪福润印象城店,(No.A1441),花园街道福润印象城1043号商铺,上饶,10:00-21:30,08/01/21 07:10,代运营,luckin coffee,
4955,遵义时代天街壹店,(No.A0382),红花岗区大连路时代天街H栋购物中心1层8号,遵义,09:00-21:00,08/01/21 07:10,代运营,luckin coffee,
4956,遵义南京路国贸店,(No.A0876),汇川区南京路德宝花园小区门口,遵义,09:00-21:00,08/01/21 07:10,代运营,luckin coffee,
4957,厦门路天安大厦店,(No.A1393),汇川区高桥街道天安大厦,遵义,09:00-21:00,08/01/21 07:10,代运营,luckin coffee,
4958,遵义重百商场店,(No.A0072),红花岗区新华路90号重百遵义商场二层北侧门,遵义,09:30-21:00,08/01/21 07:10,代运营,luckin coffee,
4959,星力城A馆店,(No.A1417),红花岗区万里路街道万里路127号星力城A馆二层,遵义,10:00-22:00,08/01/21 07:10,代运营,luckin coffee,
4960,万寿广场店,(No.A1522),播州区南白街道苟江中路85号万寿广场B18号铺,遵义,10:00-22:00,08/01/21 07:10,代运营,luckin coffee,
4961,仁怀国贸广场店,(No.A1582),中枢街道仁怀国贸二层,遵义,10:30-21:30,08/01/21 07:10,代运营,luckin coffee,
4962,本溪万达广场店,(No.A0590),平山区平山路102号万达商业广场室内步行街4F层4065号商铺,本溪,09:30-21:00,08/01/21 07:10,代运营,luckin coffee,
4963,本溪华联商厦店,(No.A2090),敬请期待!,本溪,08:00-18:00,08/01/21 07:10,代运营,luckin coffee,
4964,威海迪尚大厦店,(No.A0217),环翠区环翠楼街道新威路17-6号迪尚大厦一层,威海,08:00-20:00,08/01/21 07:10,代运营,luckin coffee,
4965,威海九龙城店,(No.A1402),经区大庆路53号九龙城购物广场一层L131D号铺位,威海,08:00-21:30,08/01/21 07:10,代运营,luckin coffee,
4966,钟楼威远楼店,(No.7136),鲤城区中山北路71号威远楼一层,泉州,08:00-21:00,08/01/21 07:10,自运营,luckin coffee,
4967,泉州百脑汇店,(No.3424),鲤城区九一街79号百脑汇一层A101,泉州,09:00-21:00,08/01/21 07:10,自运营,luckin coffee,
4968,泉州开元盛世大寺逅店,(No.A1335),鲤城区新华北路356-11号,泉州,08:00-22:30,08/01/21 07:10,代运营,luckin coffee,
4969,新门街店,(No.3359),鲤城区新门街563号,泉州,08:00-19:30,08/01/21 07:10,自运营,luckin coffee,
4970,丰泽广场新华都店,(No.3237),丰泽区丰泽广场新华都一层03号,泉州,09:30-22:00,08/01/21 07:10,自运营,luckin coffee,
4971,西湖缘泉店,(No.3621),丰泽区北丰街峰道北清东路188号西湖缘泉水疗酒店一层大堂,泉州,今日休息中,08/01/21 07:10,自运营,luckin coffee,
4972,浦西万达中心店,(No.3413),丰泽区宝洲路729万达中心B座一层大堂,泉州,08:00-18:30,08/01/21 07:10,自运营,luckin coffee,
4973,新天城市广场店,(No.3463),鲤城区笋江路3号新天城市广场购物中心一层140B商铺,泉州,08:00-22:00,08/01/21 07:10,自运营,luckin coffee,
4974,泉州中骏世界城店,(No.2792),丰泽区安吉路69号泉州中骏世界城6号门一层,泉州,10:00-22:00,08/01/21 07:10,自运营,luckin coffee,
4975,领show天地店,(No.2997),丰泽区领show天地乐其道1号楼一层102号,泉州,08:00-20:30,08/01/21 07:10,自运营,luckin coffee,
4976,东海泰禾广场店,(No.3339),丰泽区东海街道大兴街1466号东海泰禾广场新天地一层13-132号,泉州,08:00-19:30,08/01/21 07:10,自运营,luckin coffee,
4977,晋江万达广场店,(No.3383),晋江市世纪大道888号万达金街一层A071号商铺,泉州,07:30-22:30,08/01/21 07:10,自运营,luckin coffee,
4978,永春中闽百汇店,(No.A2017),泉州市泉州县中闽百汇商场1F-02,泉州,09:30-22:30,08/01/21 07:10,代运营,luckin coffee,
4979,闽南科技学院康美校区店,(No.6751),南安市康美镇康元路18号闽南科技学院第三食堂2层,泉州,07:30-22:00,08/01/21 07:10,自运营,luckin coffee,
4980,泉州经贸学院店,(No.6052),鲤城区南环路756号泉州经贸学院学生服务中心一层,泉州,08:00-20:30,08/01/21 07:10,自运营,luckin coffee,
4981,泉州信息工程学院店,(No.6057),丰泽区北峰街道泉州信息工程学院学生公寓10号楼一层,泉州,08:00-21:00,08/01/21 07:10,自运营,luckin coffee,
4982,晋江百捷上悦城店,(No.B0097),池店镇华洲村华东路百捷上悦城一层L1-15号,泉州,10:00-22:00,08/01/21 07:10,自运营,小鹿茶,
4983,泉州洛江大润发店,(No.A0607),洛江区大润发一层（服务台对面）,泉州,08:30-22:30,08/01/21 07:10,代运营,luckin coffee,
4984,泉州医高专学生公寓店,(No.6507),洛江区万安街道泉州医学高等专科学校惠世学生公寓11号楼一层,泉州,今日休息中,08/01/21 07:10,自运营,luckin coffee,
4985,华侨大学学生街店,(No.C0525),丰泽区华大街道学生街A2-11号,泉州,11:00-22:30,08/01/21 07:10,代运营,小鹿茶,
4986,华大泰禾店,(No.4708),丰泽区华大泰禾广场5号楼一层102号,泉州,08:00-20:00,08/01/21 07:10,自运营,luckin coffee,
4987,东海湾亲子广场店,(No.3612),丰泽区东海街道东海湾亲子广场二期一层2号门,泉州,08:00-21:30,08/01/21 07:10,自运营,luckin coffee,
4988,泉州师范学院店,(No.3315),丰泽区东海大街398号泉州师范学院第三餐厅三层,泉州,07:30-20:30,08/01/21 07:10,自运营,luckin coffee,
4989,黎明大学店,(No.4347),丰泽区通港西街298号黎明大学第三餐厅一层,泉州,今日休息中,08/01/21 07:10,自运营,luckin coffee,
4990,泉州中骏广场店,(No.3548),丰泽区津淮街中骏广场一层沿街商铺178号,泉州,08:00-19:00,08/01/21 07:10,自运营,luckin coffee,
4991,仟禧汇新世纪店,(No.A0960),丰泽区东海街道云鹿路千禧汇大厦一层大堂,泉州,08:30-22:00,08/01/21 07:10,代运营,luckin coffee,
4992,泉州晋江机场店,(No.A0904),晋江市青阳街道高霞和平中路118号泉州国际机场接机大厅（负一楼11号铺）,泉州,今日休息中,08/01/21 07:10,代运营,luckin coffee,
4993,阳光时代广场店,(No.4839),晋江市金溪路与和平中路交叉口阳光时代广场A1座一层 ,泉州,11:30-21:30,08/01/21 07:10,自运营,luckin coffee,
4994,晋江新城吾悦广场店,(No.A0542),晋江市陈埭镇鞋都路新城吾悦广场2号门旁紫峰步行街1-1046号,泉州,09:30-22:30,08/01/21 07:10,代运营,luckin coffee,
4995,JFC品尚中心店,(No.0751),思明区环岛东路1705号JFC品尚中心C-L1-01号底商,泉州,07:30-22:00,08/01/21 07:10,自运营,luckin coffee,
4996,厦门国际金融中心店,(No.1520),思明区展鸿路82号国际金融中心二层,泉州,今日休息中,08/01/21 07:10,自运营,luckin coffee,
4997,特房波特曼财富中心店,(No.3244),思明区展鸿路81号特房波特曼财富中心A座一层大堂,泉州,今日休息中,08/01/21 07:10,自运营,luckin coffee,
4998,海西金谷广场店,(No.6666),思明区塔埔路海西金谷广场T3号楼瑞幸咖啡总部一层大堂,泉州,今日休息中,08/01/21 07:10,自运营,luckin coffee,
4999,天元苏宁店,(No.A0297),天元四季城负一层苏宁易购入口处,襄阳,09:30-21:00,08/01/21 07:10,代运营,luckin coffee,
5000,襄阳长虹路苏宁广场店,(No.A0296),湖北省襄阳市樊城区长虹路11号苏宁广场102b,襄阳,09:30-21:00,08/01/21 07:10,代运营,luckin coffee,
5001,华洋堂百货店,(No.6199),樊城区长征路36号华洋堂百货一层中庭,襄阳,09:30-21:00,08/01/21 07:10,自运营,luckin coffee,
5002,襄阳襄城北街店,(No.A1061),襄城北街邮政储蓄对面,襄阳,10:00-22:00,08/01/21 07:10,代运营,luckin coffee,
5003,襄阳万达金街店,(No.A0177),樊城区万达广场美食街9-109号,襄阳,09:30-21:30,08/01/21 07:10,代运营,luckin coffee,
5004,武商襄城购物广场店,(No.6295),襄城区长虹南路武商襄城购物广场2楼,襄阳,09:30-21:00,08/01/21 07:10,自运营,luckin coffee,
5005,襄阳环球金融城店,(No.6555),樊城区王寨街道卧龙大道环球金融城二栋二单元一层大堂,襄阳,今日休息中,08/01/21 07:10,自运营,luckin coffee,
5006,悦活荟购物广场店,(No.6234),高新区东风汽车大道28号悦活荟购物广场一层102号,襄阳,09:30-21:00,08/01/21 07:10,自运营,luckin coffee,
5007,延安丽融广场店,(No.A1386),宝塔区凤凰山街道丽融大厦一层,延安,09:00-22:00,08/01/21 07:10,代运营,luckin coffee,
5008,延安大学新区店,(No.A2029),敬请期待!,延安,今日休息中,08/01/21 07:10,代运营,luckin coffee,
5009,越界梦幻城店,(No.1414),秦淮区莫愁路329号越界梦幻城67号楼一层,南京,08:00-18:00,08/01/21 07:10,自运营,luckin coffee,
5010,南京医科大学店,(No.1592),鼓楼区汉中路140号南京医科大学南门东侧一层,南京,07:30-18:00,08/01/21 07:10,自运营,luckin coffee,
5011,虎踞路店,(No.1605),鼓楼区虎踞路51号中国移动营业一层大堂,南京,08:30-18:00,08/01/21 07:10,自运营,luckin coffee,
5012,南京华威大厦店,(No.2350),秦淮区石鼓路107号华威大厦一层,南京,08:00-18:00,08/01/21 07:10,自运营,luckin coffee,
5013,苏宁环球大厦店,(No.2712),鼓楼区广州路188号苏宁环球大厦一层大堂,南京,08:00-18:00,08/01/21 07:10,自运营,luckin coffee,
5014,友谊广场店,(No.B0072),秦淮区汉中路27号友谊广场BF层05号,南京,10:00-19:00,08/01/21 07:10,自运营,小鹿茶,
5015,南师大随园店,(No.2246),鼓楼区宁海路126号南京师范大学3号门一层,南京,07:30-18:00,08/01/21 07:10,自运营,luckin coffee,
5016,建华大厦店,(No.0802),秦淮区石鼓路42号建华大厦一层大堂,南京,07:00-21:00,08/01/21 07:10,自运营,luckin coffee,
5017,南京中科创新广场店,(No.C0550),江北新区浦滨路150号中科创新广场5栋一层大堂,南京,今日休息中,08/01/21 07:10,代运营,小鹿茶,
5018,苏宁慧谷店,(No.0176),鼓楼区集庆门大街272号苏宁慧谷E07一层102室,南京,07:30-19:00,08/01/21 07:10,自运营,luckin coffee,
5019,联创科技大厦店,(No.0560),鼓楼区集慧路18号联创科技大厦B座一层大堂,南京,08:00-18:00,08/01/21 07:10,自运营,luckin coffee,
5020,研发大厦店,(No.1694),浦口区江北新区丽景路2号研发大厦A座一层101室,南京,08:00-18:00,08/01/21 07:10,自运营,luckin coffee,
5021,艺树家工场店,(No.0134),建邺区白龙江东街22号艺树家工场一层大堂,南京,08:00-18:00,08/01/21 07:10,自运营,luckin coffee,
5022,福鑫国际大厦店,(No.0107),秦淮区洪武路359号福鑫国际大厦一层104-1室,南京,07:30-20:00,08/01/21 07:10,自运营,luckin coffee,
5023,天泽星网大厦店,(No.0103),建邺区云龙山路80号天泽星网大厦一层,南京,07:30-19:30,08/01/21 07:10,自运营,luckin coffee,
5024,喜马拉雅中心店,(No.0112),"雨花台区民智路11号喜马拉雅A,B栋一层大堂",南京,08:00-18:00,08/01/21 07:10,自运营,luckin coffee,
5025,凤凰创客空间店,(No.0179),江宁区上元大街327号凤凰创客空间大厦一层105室,南京,07:00-20:00,08/01/21 07:10,自运营,luckin coffee,
5026,南京新地中心二期店,(No.0203),建邺区庐山路168号新地中心二期E区四层,南京,今日休息中,08/01/21 07:10,自运营,luckin coffee,
5027,俊杰大厦店,(No.0204),江宁区清水亭西路51号俊杰科创大厦1层大堂,南京,08:00-18:00,08/01/21 07:10,自运营,luckin coffee,
5028,大洋百货江北店,(No.3321),浦口区大桥北路48号大洋百货商场一层,南京,10:00-21:00,08/01/21 07:10,自运营,luckin coffee,
5029,华侨广场店,(No.0523),浦口区大桥北路1号华侨广场一层大堂,南京,08:00-18:00,08/01/21 07:10,自运营,luckin coffee,
5030,南京雨花台吾悦店,(No.A1137),雨花台区古雄街道古雄大道211号吾悦广场负一层B1040号,南京,09:00-22:00,08/01/21 07:10,代运营,luckin coffee,
5031,海峡城店,(No.0496),建邺区双闸路海峡云谷科技园3号楼一层大堂,南京,今日休息中,08/01/21 07:10,自运营,luckin coffee,
5032,益家生活广场店,(No.3298),建邺区太清路益家生活广场一层,南京,07:00-18:30,08/01/21 07:10,自运营,luckin coffee,
5033,江宁万达商场店,(No.3032),江宁区竹山路68号江宁万达百货商场一层,南京,10:00-21:00,08/01/21 07:10,自运营,luckin coffee,
5034,大田悦生活广场店,(No.6799),江宁区宏运大道4597号景祥大厦底商,南京,07:00-21:00,08/01/21 07:10,自运营,luckin coffee,
5035,龙湖南京龙湾天街店,(No.6650),江宁区东山街道潭园西路199号二层A-2F-C04,南京,10:00-21:00,08/01/21 07:10,自运营,luckin coffee,
5036,有志大厦店,(No.2015),江宁区科建路29号有志大厦A座一层101室,南京,08:00-18:00,08/01/21 07:10,自运营,luckin coffee,
5037,江宁总部基地店,(No.1152),江宁区菲尼克斯路70号总部基地34号楼一层大堂,南京,08:00-18:00,08/01/21 07:10,自运营,luckin coffee,
5038,南岸瑞智创意园店,(No.1169),江宁区胜太路99号1号楼一层103-2单元,南京,07:30-19:00,08/01/21 07:10,自运营,luckin coffee,
5039,紫金研创中心店,(No.2352),江宁区胜利路89号紫金研发创业中心3幢4号楼一层,南京,今日休息中,08/01/21 07:10,自运营,luckin coffee,
5040,生命科技小镇店,(No.1462),江宁区龙眠大道568号生命科技小镇7栋一层,南京,08:00-18:00,08/01/21 07:10,自运营,luckin coffee,
5041,南京审计大学金审学院店,(No.6106),栖霞区仙林大学城仙林大道100号南京审计大学金审学院学生第四食堂一层,南京,08:00-19:00,08/01/21 07:10,自运营,luckin coffee,
5042,仙林水平方美食广场店,(No.6636),栖霞区仙林街道学衡路5号水平方美食广场二层S-29商铺,南京,10:00-21:00,08/01/21 07:10,自运营,luckin coffee,
5043,中建大厦店,(No.0687),栖霞区仙林大学城文澜路6号中建大厦一层大堂,南京,07:30-18:00,08/01/21 07:10,自运营,luckin coffee,
5044,东城汇店,(No.4322),栖霞区文苑路8号东城汇B栋一层,南京,09:30-21:00,08/01/21 07:10,自运营,luckin coffee,
5045,仙林金鹰店,(No.2373),栖霞区学海路1号金鹰湖滨天地C馆G层,南京,10:00-21:00,08/01/21 07:10,自运营,luckin coffee,
5046,南师大仙林校区店,(No.4742),栖霞区笃学路南京师范大学仙林校区西区大众书店二层,南京,08:00-21:00,08/01/21 07:10,自运营,luckin coffee,
5047,苏宁青创园店,(No.1029),玄武区湖景路9号苏宁青创园D栋一层大堂,南京,今日休息中,08/01/21 07:10,自运营,luckin coffee,
5048,保利樾广场店,(No.C0429),江宁区经贸学院路8号保利樾广场1栋102室商场外一层店铺,南京,今日休息中,08/01/21 07:10,代运营,小鹿茶,
5049,南方时代广场店,(No.7063),江宁区润发路9号南方时代广场一层大堂,南京,09:00-20:00,08/01/21 07:10,自运营,luckin coffee,
5050,天安数码城店,(No.6833),秦淮区永丰大道36号天安数码城2栋一层103,南京,08:00-18:00,08/01/21 07:10,自运营,luckin coffee,
5051,紫金科技大厦店,(No.1261),秦淮区永智路5号白下高新技术产业园科技创业研发孵化楼5号楼一层,南京,08:00-18:00,08/01/21 07:10,自运营,luckin coffee,
5052,必得科技大厦店,(No.1778),秦淮区光华路158号A幢必得科技研发中心一层,南京,08:00-18:00,08/01/21 07:10,自运营,luckin coffee,
5053,品硕广场店,(No.0394),玄武区友谊河路100号品硕广场一层S05号,南京,今日休息中,08/01/21 07:10,自运营,luckin coffee,
5054,南京森林摩尔街店,(No.A0915),玄武区中山门大街301号森林摩尔商业街负一层37号,南京,10:00-20:30,08/01/21 07:10,代运营,luckin coffee,
5055,南京农业大学店,(No.2702),玄武区后标营路钟山花园城博雅居会所底商,南京,07:00-20:00,08/01/21 07:10,自运营,luckin coffee,
5056,软件谷科创城店,(No.4743),雨花台区英才路2号菁英体育中心一层大堂,南京,09:00-18:00,08/01/21 07:10,自运营,luckin coffee,
5057,三江学院店,(No.6776),雨花台区铁心桥街道龙西路310号三江学院主校区5号食堂二层,南京,08:00-20:00,08/01/21 07:10,自运营,luckin coffee,
5058,君泰国际店,(No.0871),建邺区西城路300号3幢君泰国际大厦3幢一层大堂,南京,08:00-18:00,08/01/21 07:10,自运营,luckin coffee,
5059,南京金融城店,(No.0879),建邺区河西45号地块金融城8号楼101室一层东大堂,南京,08:00-18:00,08/01/21 07:10,自运营,luckin coffee,
5060,河海大学二三期食堂店,(No.6752),江宁区佛城东路8号河海大学江宁校区生活组团二三期食堂四层,南京,08:00-20:00,08/01/21 07:10,自运营,luckin coffee,
5061,托乐嘉店,(No.1693),江宁区将军大道9号托乐嘉花园108幢一层114室,南京,07:30-20:30,08/01/21 07:10,自运营,luckin coffee,
5062,九龙湖企业总部园店,(No.6175),江宁区苏源大道19号九龙湖企业园C2栋一层大堂,南京,08:00-18:00,08/01/21 07:10,自运营,luckin coffee,
5063,纳科汽车生活广场店,(No.1501),江宁区胜太西路62号纳科汽车生活广场B楼一层,南京,08:00-18:00,08/01/21 07:10,自运营,luckin coffee,
5064,景枫店,(No.1319),江宁区双龙大道1698号南京景枫L1层10号,南京,09:00-20:00,08/01/21 07:10,自运营,luckin coffee,
5065,南京科技金融大厦店,(No.1755),雨花台区安德门大街21号江苏科技金融大厦一层,南京,08:00-18:00,08/01/21 07:10,自运营,luckin coffee,
5066,德盈国际广场店,(No.6233),雨花台区长虹路222号德盈国际广场1幢一层,南京,07:30-20:00,08/01/21 07:10,自运营,luckin coffee,
5067,紫荆广场花漫里店,(No.A1001),雨花台区雨花街道雨花东路158号紫荆广场·花漫里负一层111、115号铺,南京,10:00-20:30,08/01/21 07:10,代运营,luckin coffee,
5068,雨花客厅三号楼店,(No.6795),雨花台区铁心桥街道软件大道109号雨花客厅3号楼一层大堂,南京,08:00-18:00,08/01/21 07:10,自运营,luckin coffee,
5069,晨光1865创意园店,(No.2194),秦淮区应天大街388号晨光1865创意园e1栋一层,南京,08:00-19:00,08/01/21 07:10,自运营,luckin coffee,
5070,悦动新门西店,(No.1075),秦淮区凤游寺52号悦动新门西体育文化产业园15号楼一层106号,南京,08:00-18:00,08/01/21 07:10,自运营,luckin coffee,
5071,新华汇店,(No.6382),雨花台区软件大道118号B3栋一层,南京,今日休息中,08/01/21 07:10,自运营,luckin coffee,
5072,万象都荟店,(No.3110),秦淮区永乐路111号万象都荟商业广场底商,南京,07:00-21:00,08/01/21 07:10,自运营,luckin coffee,
5073,复地宴南都店,(No.1972),秦淮区卡子门大街99号复地活力广场一层29号,南京,08:00-19:30,08/01/21 07:10,自运营,luckin coffee,
5074,中兴和泰酒店店,(No.0928),雨花台区软件大道50号南京中兴和泰酒店一层大堂,南京,今日休息中,08/01/21 07:10,自运营,luckin coffee,
5075,南京绿地之窗店,(No.0512),雨花台区绿都大道绿地广场C2座一层4-13号,南京,今日休息中,08/01/21 07:10,自运营,luckin coffee,
5076,华博智慧园店,(No.1112),雨花台区花神大道17号华博智慧园一层大堂,南京,08:00-18:00,08/01/21 07:10,自运营,luckin coffee,
5077,南京城际空间站店,(No.3121),江宁区东山街道金源路4号绿地之窗商务广场1幢一层110室,南京,07:30-20:00,08/01/21 07:10,自运营,luckin coffee,
5078,德讯科技大厦店,(No.2903),雨花台区花神大道21号德讯科技大厦一层大堂,南京,08:00-18:00,08/01/21 07:10,自运营,luckin coffee,
5079,新城国际研发总部店,(No.3291),建邺区奥体大街68号新城科技园国际研发总部园4A一层大堂,南京,今日休息中,08/01/21 07:10,自运营,luckin coffee,
5080,新城综合体店,(No.3362),建邺区白龙江东街8号新城科技园综合体A区三栋一层大堂,南京,今日休息中,08/01/21 07:10,自运营,luckin coffee,
5081,南京明基医院店,(No.3250),建邺区河西大街71号明基医院一层商品区,南京,08:00-18:00,08/01/21 07:10,自运营,luckin coffee,
5082,金鱼嘴基金大厦店,(No.3544),建邺区白龙江东街9号新城基金大厦一层大堂,南京,今日休息中,08/01/21 07:10,自运营,luckin coffee,
5083,南京国家广告园店,(No.3361),建邺区嘉陵江东街18号国家广告产业园05栋一层大堂,南京,今日休息中,08/01/21 07:10,自运营,luckin coffee,
5084,江苏金融租赁大厦店,(No.0929),建邺区嘉陵江东街99号金融城1号楼一层大堂,南京,今日休息中,08/01/21 07:10,自运营,luckin coffee,
5085,新华传媒集团店,(No.2555),建邺区江东中路369号新华传媒广场1号楼一层,南京,今日休息中,08/01/21 07:10,自运营,luckin coffee,
5086,怡化中心店,(No.0870),雨花台区安德门大街50号怡化华东研发运营中心A座一层大堂,南京,08:00-18:00,08/01/21 07:10,自运营,luckin coffee,
5087,天溯科技园店,(No.1606),雨花台区软件大道天溯科技园170-1号2栋一层,南京,08:00-18:00,08/01/21 07:10,自运营,luckin coffee,
5088,云密城店,(No.2509),雨花台区宁双路19号云密城K栋一层,南京,今日休息中,08/01/21 07:10,自运营,luckin coffee,
5089,苏宁易购山西路店,(No.6359),山西路8号金山大厦B座苏宁易购一层底商,南京,08:00-19:30,08/01/21 07:10,自运营,luckin coffee,
5090,吾悦广场店,(No.1236),鼓楼区湖北路51号南京鼓楼新城吾悦广场负一层010室,南京,10:00-21:30,08/01/21 07:10,自运营,luckin coffee,
5091,天星翠琅大厦店,(No.1584),鼓楼区云南北路49号天星翠琅大厦一层,南京,08:00-18:00,08/01/21 07:10,自运营,luckin coffee,
5092,税务局大厦店,(No.2192),鼓楼区中山北路281号新城市虹桥中心01栋一层01室,南京,08:00-18:00,08/01/21 07:10,自运营,luckin coffee,
5093,江苏商厦店,(No.2590),鼓楼区中山北路28号江苏商厦底商,南京,07:30-19:00,08/01/21 07:10,自运营,luckin coffee,
5094,凤凰广场店,(No.1078),鼓楼区湖南路1号凤凰广场一层10号,南京,09:30-18:00,08/01/21 07:10,自运营,luckin coffee,
5095,新城市虹桥广场店,(No.6468),鼓楼区中山北路281号虹桥新城市广场一层中庭,南京,10:30-19:30,08/01/21 07:10,自运营,luckin coffee,
5096,南京艺术学院店,(No.2429),鼓楼区虎踞北路15号南京艺术学院44号楼一层可一书店,南京,08:00-19:00,08/01/21 07:10,自运营,luckin coffee,
5097,行健路店,(No.1510),鼓楼区行健路16号移动龙江阳光广场一层,南京,09:00-18:00,08/01/21 07:10,自运营,luckin coffee,
5098,华彩荟店,(No.4335),鼓楼区江东街道江东北路319号华彩荟南京店一层,南京,08:00-19:00,08/01/21 07:10,自运营,luckin coffee,
5099,银城广场店,(No.1036),鼓楼区江东北路289号银城广场A座一层大堂,南京,07:30-18:00,08/01/21 07:10,自运营,luckin coffee,
5100,清凉门店,(No.1315),鼓楼区凤凰东街150号华润苏果一层,南京,09:00-21:30,08/01/21 07:10,自运营,luckin coffee,
5101,河海大学虎踞关店,(No.2252),鼓楼区虎踞关18号-8河海大学一层,南京,08:00-19:00,08/01/21 07:10,自运营,luckin coffee,
5102,大观·天地MALL店,(No.1883),鼓楼区建宁路300号大观·天地MALL一层,南京,09:00-21:30,08/01/21 07:10,自运营,luckin coffee,
5103,晶典国际大厦店,(No.2579),鼓楼区大桥南路1号晶典国际大厦底商,南京,07:00-19:00,08/01/21 07:10,自运营,luckin coffee,
5104,南京财经大学福建路店,(No.A1407),鼓楼区挹江门街道南京财经大学科技楼A座102-2,南京,09:30-19:00,08/01/21 07:10,代运营,luckin coffee,
5105,金川科技园店,(No.2883),鼓楼区建宁路65号金川科技园20栋一层1号,南京,08:00-18:00,08/01/21 07:10,自运营,luckin coffee,
5106,世茂茂悦港店,(No.1745),鼓楼区南通路118号南京滨江世茂4幢一层01号,南京,09:00-18:00,08/01/21 07:10,自运营,luckin coffee,
5107,玉桥商业广场店,(No.4489),鼓楼区建宁路8号玉桥商业广场1G012-1号,南京,08:30-18:00,08/01/21 07:10,自运营,luckin coffee,
5108,沃尔玛迈皋桥店,(No.4481),栖霞区和燕路348号沃尔玛超市一层,南京,08:00-21:00,08/01/21 07:10,自运营,luckin coffee,
5109,垠坤创意中央店,(No.3013),鼓楼区中央路302号垠坤创意中央24号楼底商,南京,08:00-18:00,08/01/21 07:10,自运营,luckin coffee,
5110,常发广场店,(No.3096),玄武区红山路88号常发广场1号楼一层,南京,08:00-20:00,08/01/21 07:10,自运营,luckin coffee,
5111,金谷创客店,(No.0816),玄武区中央路 284号金谷创客一层 107 号,南京,今日休息中,08/01/21 07:10,自运营,luckin coffee,
5112,金陵科技幕府校区店,(No.4493),栖霞区晓庄中心村130号金陵科技学院第一食堂二层,南京,09:00-19:00,08/01/21 07:10,自运营,luckin coffee,
5113,紫金联合立方店,(No.1256),玄武区龙蟠路155号-9紫金联合立方广场5幢一层,南京,07:30-20:00,08/01/21 07:10,自运营,luckin coffee,
5114,长江科技园店,(No.1211),鼓楼区南昌路40号长江科技园一层大堂,南京,08:00-18:00,08/01/21 07:10,自运营,luckin coffee,
5115,弘阳家居迈皋桥店,(No.3196),迈皋桥街道经五路1号弘阳家居一层2号门A1070号底商,南京,07:30-19:00,08/01/21 07:10,自运营,luckin coffee,
5116,奥体东站店,(No.3533),建邺区江东中路222号地铁2号线奥体东站负一层33号,南京,08:00-18:00,08/01/21 07:10,自运营,luckin coffee,
5117,欧洲城店,(No.0267),建邺区江东中路229号欧洲城B座一层大堂,南京,08:00-18:00,08/01/21 07:10,自运营,luckin coffee,
5118,中泰国际大厦店,(No.0533),建邺区江东中路305号中泰国际大厦一层1-60、61号,南京,07:30-19:30,08/01/21 07:10,自运营,luckin coffee,
5119,南京新地中心一期店,(No.2992),建邺区西格玛广场新地一期一层大堂,南京,07:30-18:30,08/01/21 07:10,自运营,luckin coffee,
5120,建筑师工社店,(No.0410),建邺区梦都大街150号建筑师工社一层大堂,南京,07:30-18:00,08/01/21 07:10,自运营,luckin coffee,
5121,建邺苏宁易购广场店,(No.6924),建邺区江东中路98号万达广场苏宁易购负一层WBB25号,南京,09:30-22:00,08/01/21 07:10,自运营,luckin coffee,
5122,河西万达西地二街区店,(No.0284),建邺区江东中路河西万达中心A座102-2号,南京,07:30-21:00,08/01/21 07:10,自运营,luckin coffee,
5123,金基广场店,(No.1857),建邺区水西门大街272号金基广场一层101室,南京,08:00-18:00,08/01/21 07:10,自运营,luckin coffee,
5124,华润悦府店,(No.3034),建邺区所街171号悦府15号楼底商,南京,08:00-18:30,08/01/21 07:10,自运营,luckin coffee,
5125,天盛大厦店,(No.1811),建邺区云龙山路98号天盛大厦A幢一层04号,南京,08:00-18:00,08/01/21 07:10,自运营,luckin coffee,
5126,金鹰世界店,(No.1004),建邺区应天大街888号金鹰世界6层F644室,南京,10:00-21:30,08/01/21 07:10,自运营,luckin coffee,
5127,中住大厦店,(No.0815),秦淮区中山南路189号中住大厦一层大堂,南京,08:00-18:00,08/01/21 07:10,自运营,luckin coffee,
5128,南京扬子大厦店,(No.A1604),秦淮区淮海路50号-1扬子大厦一层大堂,南京,今日休息中,08/01/21 07:10,代运营,luckin coffee,
5129,江苏饭店店,(No.1070),秦淮区太平南路305号江苏钟山宾馆集团江苏饭店商务大楼一层大堂,南京,08:00-18:00,08/01/21 07:10,自运营,luckin coffee,
5130,新街口一禾广场店,(No.3431),秦淮区正洪街18号东宇大厦一禾广场一层,南京,09:30-21:30,08/01/21 07:10,自运营,luckin coffee,
5131,金贸大厦店,(No.0996),秦淮区洪武路50号金贸大厦一层A2-2号,南京,08:00-22:00,08/01/21 07:10,自运营,luckin coffee,
5132,凤凰和睿大厦店,(No.1749),秦淮区太平南路389号凤凰和睿大厦一层102室,南京,08:00-18:00,08/01/21 07:10,自运营,luckin coffee,
5133,紫荆大厦店,(No.2904),秦淮区瑞金路街道蓝旗街188号紫荆大厦一层,南京,07:30-20:30,08/01/21 07:10,自运营,luckin coffee,
5134,南京金蝶软件园店,(No.7059),秦淮区中山东路532-2号金蝶软件园E栋一层协办空间,南京,08:00-18:00,08/01/21 07:10,自运营,luckin coffee,
5135,黄埔大厦店,(No.1030),玄武区黄埔路2号黄埔大厦一层大堂,南京,08:00-18:00,08/01/21 07:10,自运营,luckin coffee,
5136,金城大厦店,(No.0368),秦淮区龙蟠中路216号金城大厦A区一层大堂,南京,08:00-18:00,08/01/21 07:10,自运营,luckin coffee,
5137,国家创业园店,(No.0393),秦淮区菱角市66号南京国家领军人才创业园07栋二层,南京,08:00-18:00,08/01/21 07:10,自运营,luckin coffee,
5138,通服大厦店,(No.0710),秦淮区中山南路501号通服大厦一层大堂,南京,08:00-18:00,08/01/21 07:10,自运营,luckin coffee,
5139,熙南里店,(No.2627),秦淮区升州路熙南里街区15A栋一层,南京,08:00-18:00,08/01/21 07:10,自运营,luckin coffee,
5140,中华路店,(No.4491),秦淮区中华路255号华泰证券一层,南京,08:00-21:30,08/01/21 07:10,自运营,luckin coffee,
5141,水平方店,(No.1076),秦淮区健康路3号水平方负一层15A号,南京,11:00-21:00,08/01/21 07:10,自运营,luckin coffee,
5142,新世纪广场店,(No.2195),秦淮区太平南路1号新世纪广场A幢一层大堂,南京,07:30-19:30,08/01/21 07:10,自运营,luckin coffee,
5143,斯亚财富中心店,(No.3241),秦淮区太平南路450号斯亚财富中心一层大堂,南京,08:00-18:00,08/01/21 07:10,自运营,luckin coffee,
5144,新街口新华书店店,(No.6735),秦淮区五老村街道洪武北路98号南京图书发行大厦底商,南京,08:00-20:30,08/01/21 07:10,自运营,luckin coffee,
5145,南京中心店,(No.6620),秦淮区中山东路18号南京新百B座底商,南京,08:30-21:00,08/01/21 07:10,自运营,luckin coffee,
5146,东方福来德店,(No.3278),秦淮区中山南路2号东方福来德四层,南京,10:00-20:00,08/01/21 07:10,自运营,luckin coffee,
5147,全民健身中心店,(No.4502),玄武区中山东路145号全民健身中心一层104室,南京,08:30-18:00,08/01/21 07:10,自运营,luckin coffee,
5148,新世界中心店,(No.0686),玄武区珠江路88号新世界中心一层102室,南京,07:30-21:30,08/01/21 07:10,自运营,luckin coffee,
5149,未来城店,(No.2594),玄武区珠江路488号未来城A座底商,南京,08:00-19:00,08/01/21 07:10,自运营,luckin coffee,
5150,华侨路店,(No.2701),鼓楼区华侨路26号底商,南京,07:30-20:00,08/01/21 07:10,自运营,luckin coffee,
5151,南京鼓楼医院店,(No.3083),鼓楼区中山路321号南京鼓楼医院新大楼急诊部三层CD区,南京,08:00-18:00,08/01/21 07:10,自运营,luckin coffee,
5152,新华大厦店,(No.4638),鼓楼区中山路55号一层,南京,07:30-18:00,08/01/21 07:10,自运营,luckin coffee,
5153,大钟亭店,(No.1068),玄武区大钟亭路6号电信营业厅一层大堂,南京,08:30-19:30,08/01/21 07:10,自运营,luckin coffee,
5154,联通大厦店,(No.0820),玄武区中央路32号联通大厦一层大堂,南京,今日休息中,08/01/21 07:10,自运营,luckin coffee,
5155,徐庄曼度广场店,(No.1507),玄武区玄武大道108号徐庄曼度广场一层,南京,今日休息中,08/01/21 07:10,自运营,luckin coffee,
5156,先声药业店,(No.6367),玄武区玄武大道699-18号先声药业8号楼一层大堂,南京,今日休息中,08/01/21 07:10,自运营,luckin coffee,
5157,徐庄软件园店,(No.0532),玄武区玄武大道699-22号江苏软件园22幢一层大堂,南京,07:30-19:00,08/01/21 07:10,自运营,luckin coffee,
5158,徐庄软件园研发店,(No.1153),玄武区玄武大道699-8号徐庄软件园8幢一层101室 ,南京,今日休息中,08/01/21 07:10,自运营,luckin coffee,
5159,南京林业大学店,(No.3061),玄武区花园路8号春风泊寓一层,南京,08:00-20:00,08/01/21 07:10,自运营,luckin coffee,
5160,北京东路兰园店,(No.2901),玄武区北京东路36号的兰园集贸市场一层A区1号,南京,08:00-18:00,08/01/21 07:10,自运营,luckin coffee,
5161,钟山职业技术学院店,(No.6044),栖霞区马群街道马群街169号二层E1E2号,南京,08:00-21:00,08/01/21 07:10,自运营,luckin coffee,
5162,金港科创店,(No.6076),栖霞区科创路1号金港一期配套用房一层,南京,今日休息中,08/01/21 07:10,自运营,luckin coffee,
5163,兴智科技园店,(No.3248),栖霞区兴智路6号兴智科技园B座一层大堂,南京,08:00-18:00,08/01/21 07:10,自运营,luckin coffee,
5164,南师大仙林校区北区店,(No.7016),栖霞区仙林街道南京师范大学仙林校区北区学生餐厅三层,南京,09:00-19:30,08/01/21 07:10,自运营,luckin coffee,
5165,南京财经大学仙林校区店,(No.3700),栖霞区文苑路3号南京财经大学仙林校区图书馆一层,南京,08:30-19:30,08/01/21 07:10,自运营,luckin coffee,
5166,汉莎联合商业城店,(No.4648),城关区通渭路1号汉莎联合商业城一层,兰州,10:00-21:00,08/01/21 07:10,自运营,luckin coffee,
5167,百安购物中心店,(No.6008),城关区庆阳路296号世纪广场一层,兰州,09:30-19:00,08/01/21 07:10,自运营,luckin coffee,
5168,国芳南关G99店,(No.6777),城关区庆阳路216号国芳百货G99购物中心一层,兰州,10:00-20:30,08/01/21 07:10,自运营,luckin coffee,
5169,西单商场店,(No.4959),城关区临夏路西单商场一层大堂,兰州,09:30-21:00,08/01/21 07:10,自运营,luckin coffee,
5170,电信广场西口店,(No.6159),城关区广场西口电信营业大厅一层,兰州,08:00-19:00,08/01/21 07:10,自运营,luckin coffee,
5171,兰州大厦店,(No.4824),城关区天水路1-3号兰州大厦二层东侧01号,兰州,08:00-18:00,08/01/21 07:10,自运营,luckin coffee,
5172,倚能假日时光店,(No.6160),七里河区西津东路575号倚能·假日时光一层中厅6号,兰州,10:00-19:00,08/01/21 07:10,自运营,luckin coffee,
5173,良志·兰州之窗店,(No.6161),城关区滩尖子 828 号汽车城一层 106-1 号,兰州,09:30-18:30,08/01/21 07:10,自运营,luckin coffee,
5174,黄河印象店,(No.4647),安宁区北滨河西路860号黄河印象商务大厦一层101-01室,兰州,08:00-18:00,08/01/21 07:10,自运营,luckin coffee,
5175,兰州王府井百货店,(No.4646),城关区东港东路1999号王府井百货一层1-005号,兰州,08:00-21:30,08/01/21 07:10,自运营,luckin coffee,
5176,A9创意国际店,(No.4841),城关区段家滩路704号园区F区1-116号,兰州,08:30-19:30,08/01/21 07:10,自运营,luckin coffee,
5177,万辉国际广场店,(No.4823),七里河区任家庄街万辉国际广场9号楼1F大堂,兰州,09:30-18:30,08/01/21 07:10,自运营,luckin coffee,
5178,京都国际广场店,(No.4985),兰州新区京都商业广场 一楼D029,兰州,09:30-20:00,08/01/21 07:10,自运营,luckin coffee,
5179,兰州信息科技学院店,(No.7312),敬请期待!,兰州,07:00-22:00,08/01/21 07:10,自运营,luckin coffee,
5180,虹盛时尚购物广场店,(No.6574),西固区玉门街8号虹盛时尚百货一层001号商铺,兰州,09:00-20:00,08/01/21 07:10,自运营,luckin coffee,
5181,兰州砂之船店,(No.6033),安宁区北滨河路西路1258号兰州砂之船B馆1F-42B号广场底商,兰州,10:00-20:30,08/01/21 07:10,自运营,luckin coffee,
5182,阳明巷美食街店,(No.6321),安宁区安宁西路159号阳明巷小吃街科教城25号楼南2号,兰州,10:00-21:30,08/01/21 07:10,自运营,luckin coffee,
5183,西北师范大学店,(No.6594),安宁区东路967号西北师范大学学生餐饮文化中心一层入口北侧,兰州,09:00-20:00,08/01/21 07:10,自运营,luckin coffee,
5184,中天健广场店,(No.6082),七里河区中天健商业广场10栋110号,兰州,08:30-20:30,08/01/21 07:10,自运营,luckin coffee,
5185,兰州中心店,(No.B0189),七里河区西津西路14号兰州中心1F 1-024铺,兰州,10:00-21:00,08/01/21 07:10,自运营,小鹿茶,
5186,兰州创新大厦店,(No.A0404),城关区雁南路18号创新大厦一层大堂,兰州,08:30-19:00,08/01/21 07:10,代运营,luckin coffee,
5187,陇星新能源大厦店,(No.6162),城关区雁南路陇星大厦一层大堂,兰州,08:30-18:00,08/01/21 07:10,自运营,luckin coffee,
5188,名城广场店,(No.4998),城关区南滨河东路5222号名城广场3号楼一层1182号铺,兰州,今日休息中,08/01/21 07:10,自运营,luckin coffee,
5189,和平大学生创业孵化园店,(No.7210),榆中县和平镇薇乐大道227号兰州和平大学生创业孵化园37号底商,兰州,10:30-21:00,08/01/21 07:10,自运营,luckin coffee,
5190,西北民族大学榆中校区店,(No.6829),榆中县夏官营镇经三路云鼎文化服务区C栋一层07号,兰州,10:30-21:00,08/01/21 07:10,自运营,luckin coffee,
5191,汕头潮阳棉城店,(No.A2013),敬请期待!,汕头,08:00-18:00,08/01/21 07:10,代运营,luckin coffee,
5192,路北爱琴海购物公园店,(No.A1476),路北区大里街道爱琴海购物公园室内5层,唐山,09:30-21:30,08/01/21 07:10,代运营,luckin coffee,
5193,唐山银泰店,(No.A1204),路南区新华西道4号银泰城B馆3层F325-1（英孚教育对面）,唐山,08:30-21:00,08/01/21 07:10,代运营,luckin coffee,
5194,唐山万达店,(No.A1273),万达广场一层中厅新华书店内,唐山,09:00-21:30,08/01/21 07:10,代运营,luckin coffee,
5195,唐山师范学院南院店,(No.A2041),敬请期待!,唐山,08:00-18:00,08/01/21 07:10,代运营,luckin coffee,
5196,华北理工大学店,(No.A1376),曹妃甸区新城大道21号菊园食堂一层东区1-2号区域,唐山,今日休息中,08/01/21 07:10,代运营,luckin coffee,
5197,华北理工大学竹园食堂店,(No.A1395),曹妃甸新城华北理工大学竹园餐厅二层,唐山,今日休息中,08/01/21 07:10,代运营,luckin coffee,
5198,遂宁银丰国际商业中心店,(No.A0645),船山区遂州中路18号银丰国际一层,遂宁,09:30-21:00,08/01/21 07:10,代运营,luckin coffee,
5199,遂宁新世纪百货店,(No.A1312),船山区大东街新世纪百货广场1层1号,遂宁,09:30-21:00,08/01/21 07:10,代运营,luckin coffee,
5200,遂宁万达金街店,(No.A0450),河东新区香林南路300号遂宁万达广场金街6113号,遂宁,09:30-21:30,08/01/21 07:10,代运营,luckin coffee,
5201,宜宾新世纪百货店,(No.A1275),叙州区蜀南大道西段14号宜宾新世纪购物广场1幢一层6,宜宾,08:30-20:30,08/01/21 07:10,代运营,luckin coffee,
5202,宜宾大观楼店,(No.A1455),翠屏区西街124号,宜宾,09:00-21:30,08/01/21 07:10,代运营,luckin coffee,
5203,莱茵春天商场店,(No.A1237),宜宾莱茵春天商场二层,宜宾,10:00-21:30,08/01/21 07:10,代运营,luckin coffee,
5204,宜宾万达广场店,(No.A1276),叙州区南岸街道航天路南端7号万达广场4层,宜宾,10:00-21:30,08/01/21 07:10,代运营,luckin coffee,
5205,宜宾唐人财富中心店,(No.A1152),叙州区赵场街道唐人财富中心主入口一楼麦加乐旁,宜宾,09:00-21:00,08/01/21 07:10,代运营,luckin coffee,
5206,宜宾理想城店,(No.A1975),四川省宜宾市翠屏区翠柏大道中段理想城上力理想城A座一层9-1号商铺,宜宾,08:30-21:30,08/01/21 07:10,代运营,luckin coffee,
5207,宜宾临港大学城店,(No.A1418),翠屏区沙坪街道石岗路邦泰国际社区南区,宜宾,09:30-21:00,08/01/21 07:10,代运营,luckin coffee,
5208,宜宾学院书香府第店,(No.A1943),敬请期待!,宜宾,08:00-18:00,08/01/21 07:10,代运营,luckin coffee,
5209,盘锦大商新玛特店,(No.A0739),兴隆台区中兴路步行街大商新玛特一楼外商网,盘锦,07:30-21:00,08/01/21 07:10,代运营,luckin coffee,
5210,桔子广场A座店,(No.A1126),兴隆台区香稻路惠宾街桔子广场A座一层大堂,盘锦,07:30-21:00,08/01/21 07:10,代运营,luckin coffee,
5211,盘锦万达广场店,(No.A1580),敬请期待!,盘锦,08:00-18:00,08/01/21 07:10,代运营,luckin coffee,
5212,兴义商城快取店,(No.A1122),兴义商城A座一层大润发外广场上楼梯,黔西南布依族苗族自治州,09:30-21:30,08/01/21 07:10,代运营,luckin coffee,
5213,兴义欢乐橙店,(No.A0048),欢乐橙购物中心2号门旁（店面朝向桔山广场）,黔西南布依族苗族自治州,10:00-22:00,08/01/21 07:10,代运营,luckin coffee,
5214,金华江南银泰百货店,(No.A0138),婺城区江南街道宾虹路777号银泰百货一层1005-1号,金华,10:00-21:30,08/01/21 07:10,代运营,luckin coffee,
5215,金华宝莲广场店,(No.A0729),婺城区李渔路1103号宝莲广场一层A座,金华,07:30-19:00,08/01/21 07:10,代运营,luckin coffee,
5216,金华西市步行街店,(No.A0058),婺城区城中街道西市街商业步行街,金华,08:00-22:00,08/01/21 07:10,代运营,luckin coffee,
5217,金茂大厦店,(No.A1165),婺城区新华街168号金茂大厦一层北门,金华,08:00-20:00,08/01/21 07:10,代运营,luckin coffee,
5218,金华万达大堂店,(No.A0057),金东区多湖街道万达4号楼1层,金华,08:00-19:00,08/01/21 07:10,代运营,luckin coffee,
5219,金华万达广场店,(No.A1485),金东区李渔东路300号万达广场一层1001A,金华,08:00-22:00,08/01/21 07:10,代运营,luckin coffee,
5220,金华职院西门店,(No.A0209),婺城区金帆街东侧6幢1075号,金华,09:00-21:00,08/01/21 07:10,代运营,luckin coffee,
5221,上海财大浙江学院店,(No.A0408),金东区多湖街道近宅村财经大学西门10排5号店面1号,金华,今日休息中,08/01/21 07:10,代运营,luckin coffee,
5222,浦江县人民广场店,(No.A1101),浦阳街道人民广场隆泰街17号,金华,08:00-21:30,08/01/21 07:10,代运营,luckin coffee,
5223,国信证券大厦店,(No.A0008),义乌市城北路国际商贸城金融商务区国信证券大厦一层大堂,金华,09:30-18:00,08/01/21 07:10,代运营,luckin coffee,
5224,义乌吾悦广场店,(No.A0291),义乌市江东街道吾悦广场6幢望博悦街3号门29号,金华,09:30-21:30,08/01/21 07:10,代运营,luckin coffee,
5225,东阳银泰城店,(No.A0316),东阳市白云街道银泰城西塘路15号-17号,金华,09:00-21:30,08/01/21 07:10,代运营,luckin coffee,
5226,义乌幸福里产业园店,(No.A1382),浙江义乌北苑幸福里产业园A1-112号,金华,09:30-18:00,08/01/21 07:10,代运营,luckin coffee,
5227,义乌望道路现代广场店,(No.A0717),义乌市北苑街道望道路188号1121,金华,09:30-21:30,08/01/21 07:10,代运营,luckin coffee,
5228,义乌万达广场店,(No.A0387),稠江街道新科路9号万达广场金街6号门旁8一102（往都可奶茶方向走30米）,金华,今日休息中,08/01/21 07:10,代运营,luckin coffee,
5229,义乌之心店,(No.A0987),工人西路9号义乌之心商场南大门3层,金华,10:00-22:00,08/01/21 07:10,代运营,luckin coffee,
5230,义乌宾王店,(No.A1568),稠州北路485号一层,金华,08:30-20:30,08/01/21 07:10,代运营,luckin coffee,
5231,工人北路银海店,(No.A1287),浙江义乌工人北路1163号,金华,08:30-21:00,08/01/21 07:10,代运营,luckin coffee,
5232,义乌国际商务中心店,(No.A0706),义乌市福田街道银海路399号义乌国际商务中心大堂,金华,09:30-17:00,08/01/21 07:10,代运营,luckin coffee,
5233,义乌陆港电商小镇店,(No.A1437),敬请期待!,金华,08:00-18:00,08/01/21 07:10,代运营,luckin coffee,
5234,义乌总部经济园店,(No.A1983),敬请期待!,金华,08:00-18:00,08/01/21 07:10,代运营,luckin coffee,
5235,武义壶山店,(No.A1503),武义县壶山广场C区9-113号,金华,08:00-22:00,08/01/21 07:10,代运营,luckin coffee,
5236,东阳横店缤纷城店,(No.A1542),横店镇康庄南街168号缤纷城一层超市入口,金华,09:00-21:00,08/01/21 07:10,代运营,luckin coffee,
5237,横店万盛南街店,(No.A1340),敬请期待!,金华,08:00-18:00,08/01/21 07:10,代运营,luckin coffee,
5238,东阳解百商厦店,(No.A1066),吴宁街道双岘路一号一层,金华,08:30-22:00,08/01/21 07:10,代运营,luckin coffee,
5239,东阳第一百货店,(No.C0474),吴宁街道人民路106号第一百货一层,金华,今日休息中,08/01/21 07:10,代运营,小鹿茶,
5240,江东海客电商园店,(No.A1128),江东街道东苑工业区环城南路M750号海客电商园一层,金华,09:30-20:00,08/01/21 07:10,代运营,luckin coffee,
5241,义乌佛堂古镇老街店,(No.A1423),佛堂镇文化东路新市基15号-2,金华,08:00-21:30,08/01/21 07:10,代运营,luckin coffee,
5242,浙师大店,(No.A1093),婺城区浙师大商业街东楼120-121室,金华,08:00-20:00,08/01/21 07:10,代运营,luckin coffee,
5243,浙师大桂苑店,(No.A2070),敬请期待!,金华,08:00-18:00,08/01/21 07:10,代运营,luckin coffee,
5244,婺州古城店,(No.A2114),敬请期待!,金华,08:00-18:00,08/01/21 07:10,代运营,luckin coffee,
5245,万泰公园大道店,(No.A1215),敬请期待!,金华,08:00-18:00,08/01/21 07:10,代运营,luckin coffee,
5246,韶关步行街店,(No.A1958),浈江区风度南路16号,韶关,09:00-23:00,08/01/21 07:10,代运营,luckin coffee,
5247,韶关世纪广场店,(No.A2036),敬请期待!,韶关,今日休息中,08/01/21 07:10,代运营,luckin coffee,
5248,韶关学院店,(No.A2105),敬请期待!,韶关,08:00-18:00,08/01/21 07:10,代运营,luckin coffee,
5249,龙岩九一北路店,(No.A1570),新罗区九一北路36—3号,龙岩,07:30-22:30,08/01/21 07:10,代运营,luckin coffee,
5250,龙岩万宝广场店,(No.C0145),新罗区西陂街道龙岩大道388号万宝广场负一层BF0096,龙岩,今日休息中,08/01/21 07:10,代运营,小鹿茶,
5251,龙岩万达广场金街店,(No.A0873),新罗区曹溪街道万达金街C41商铺,龙岩,08:00-22:30,08/01/21 07:10,代运营,luckin coffee,
5252,聊城大学西校区店,(No.A1430),东昌府区湖南西路聊城大学生活服务中心北侧雅苑餐厅2层,聊城,今日休息中,08/01/21 07:10,代运营,luckin coffee,
5253,聊城振华购物中心店,(No.A1211),东昌路与黄山路路口振华购物中心店,聊城,08:00-21:30,08/01/21 07:10,代运营,luckin coffee,
5254,东昌府当代购物中心店,(No.A0615),东昌府区东昌路177号当代购物中心一层127号,聊城,09:30-21:00,08/01/21 07:10,代运营,luckin coffee,
5255,聊城百货大楼店,(No.A1993),敬请期待!,聊城,08:00-18:00,08/01/21 07:10,代运营,luckin coffee,
5256,聊城百货店,(No.A1490),敬请期待!,聊城,08:00-18:00,08/01/21 07:10,代运营,luckin coffee,
5257,新都会花园广场店,(No.2098),鼓楼区五一北路171号新都会花园广场一层大堂,福州,08:00-18:00,08/01/21 07:10,自运营,luckin coffee,
5258,世茂国际中心店,(No.1121),台江区广达路108号世茂国际中心1号门一层大堂,福州,08:30-17:00,08/01/21 07:10,自运营,luckin coffee,
5259,新侨联广场店,(No.1196),鼓楼区东街街道五一北路106号新侨联广场A座一层大堂,福州,08:00-18:00,08/01/21 07:10,自运营,luckin coffee,
5260,华威大厦店,(No.1683),鼓楼区福新路171号悦竹酒店一层大堂,福州,08:00-18:00,08/01/21 07:10,自运营,luckin coffee,
5261,中庚青年广场店,(No.0382),鼓楼区东街83号中庚青年广场一层大堂,福州,今日休息中,08/01/21 07:10,自运营,luckin coffee,
5262,大利嘉城店,(No.6608),台江区五一中路169号大利嘉城B区地上一层3410F1F0039-A号铺位,福州,08:30-21:00,08/01/21 07:10,自运营,luckin coffee,
5263,新华都东街店,(No.2483),鼓楼区东街8号利达大厦裙楼底商,福州,09:30-22:00,08/01/21 07:10,自运营,luckin coffee,
5264,花开富贵广场店,(No.2376),鼓楼区东大路8号花开富贵广场一层大堂,福州,今日休息中,08/01/21 07:10,自运营,luckin coffee,
5265,闽江学院第二餐厅店,(No.3666),闽侯县溪源宫路200号闽江学院第二食堂二层,福州,09:30-19:30,08/01/21 07:10,自运营,luckin coffee,
5266,福建中医药大学店,(No.4832),闽侯县上街镇杏林大道1号福建中医药大学第一餐厅三层,福州,10:00-20:00,08/01/21 07:10,自运营,luckin coffee,
5267,福建医科大学店,(No.4466),闽侯县上街镇学院路1号福建医科大学学生生活区西区第二食堂三层,福州,10:00-20:00,08/01/21 07:10,自运营,luckin coffee,
5268,福建江夏学院店,(No.A0263),闽侯县上街镇福建江夏学院1号食堂二层,福州,今日休息中,08/01/21 07:10,代运营,luckin coffee,
5269,永嘉天地永辉店,(No.4288),闽侯县上街镇东百城永嘉天地负一层永辉超市,福州,09:00-21:00,08/01/21 07:10,自运营,luckin coffee,
5270,软件园F区店,(No.2927),鼓楼区软件大道89号福州软件园F区7-8号楼政务服务中心一层大堂,福州,今日休息中,08/01/21 07:10,自运营,luckin coffee,
5271,软件园C区店,(No.0114),鼓楼区软件大道89号福州软件园C区43号楼一层大堂,福州,今日休息中,08/01/21 07:10,自运营,luckin coffee,
5272,福建农林大学第九餐厅店,(No.6062),仓山区建新镇上下店路15号福建农林大学第九餐厅内,福州,09:00-20:00,08/01/21 07:10,自运营,luckin coffee,
5273,软件园A区店,(No.1251),鼓楼区软件大道89号福州软件园A区临时生活区服务中心一层AS-111室,福州,08:00-18:00,08/01/21 07:10,自运营,luckin coffee,
5274,天艺文创园店,(No.0254),晋安区西庄路233号天艺文创园5号楼大堂,福州,08:00-18:30,08/01/21 07:10,自运营,luckin coffee,
5275,国棉超级物种店,(No.3130),鼓楼区北环中路2号屏山苑超级物种一层03号铺位,福州,09:00-20:00,08/01/21 07:10,自运营,luckin coffee,
5276,琴亭大厦店,(No.0341),鼓楼区五四路321号琴亭大厦一层大堂,福州,08:00-18:00,08/01/21 07:10,自运营,luckin coffee,
5277,五四北泰禾金街店,(No.7102),晋安区新店镇秀峰路423号五四北泰禾广场金街3号门一层,福州,08:00-21:30,08/01/21 07:10,自运营,luckin coffee,
5278,福建师大旗山校区店,(No.6920),闽侯县仓山大道福建师大旗山校区翠竹园餐厅二层01单元,福州,09:30-20:30,08/01/21 07:10,自运营,luckin coffee,
5279,福建工程学院店,(No.6663),闽侯县上街镇学府南路37号福建工程学院旗山校区北校区溪源餐厅一层食堂大堂,福州,09:30-20:00,08/01/21 07:10,自运营,luckin coffee,
5280,山亚国际中心店,(No.1703),闽侯县上街镇创业路6号山亚科技中心一层01室,福州,08:00-18:30,08/01/21 07:10,自运营,luckin coffee,
5281,融邦中心店,(No.1286),仓山区建新镇红江路69号融邦中心6号楼一层301室,福州,08:00-18:00,08/01/21 07:10,自运营,luckin coffee,
5282,远成三藩里店,(No.0784),仓山区横一号路金山工业区橘园洲园66号楼远成三藩里一层大堂,福州,08:00-18:00,08/01/21 07:10,自运营,luckin coffee,
5283,体育科技园店,(No.3011),仓山区建新镇横龙二路体育科技园一层109室,福州,09:00-20:30,08/01/21 07:10,自运营,luckin coffee,
5284,仓山万达店,(No.6305),仓山区金山街道浦上大道272号仓山万达广场一层超级物种内,福州,09:00-21:00,08/01/21 07:10,自运营,luckin coffee,
5285,碧全产业园店,(No.2001),仓山区金岩路157号碧全产业园3号楼一层大堂,福州,今日休息中,08/01/21 07:10,自运营,luckin coffee,
5286,世创大厦店,(No.0156),马尾区江滨东大道101号世创大厦一层大堂,福州,今日休息中,08/01/21 07:10,自运营,luckin coffee,
5287,紫阳国际大厦店,(No.0161),晋安区长乐北路147号紫阳国际一层大堂,福州,08:00-18:00,08/01/21 07:10,自运营,luckin coffee,
5288,马尾名城购物广场店,(No.0257),马尾区江滨东大道68-8号名城城市广场购物中心北区8号门一层大堂,福州,10:00-20:30,08/01/21 07:10,自运营,luckin coffee,
5289,恒力创富中心店,(No.0391),鼓楼区鼓东街道营迹路69号恒力创富中心一层09号,福州,08:00-18:00,08/01/21 07:10,自运营,luckin coffee,
5290,福州外语外贸大学店,(No.A1171),长乐区首占镇育环路28号福州外语外贸学院北区B幢一层,福州,今日休息中,08/01/21 07:10,代运营,luckin coffee,
5291,马尾正荣御品店,(No.A0449),马尾区罗星街道建星路168号18#楼1层06商业店铺,福州,09:00-21:00,08/01/21 07:10,代运营,luckin coffee,
5292,阳光学院店,(No.6119),马尾区登龙路东区餐厅后独立小楼七层,福州,08:00-20:30,08/01/21 07:10,自运营,luckin coffee,
5293,长乐区国际明珠店,(No.A0963),长乐区吴航街道郑和中路国际明110-21号一楼,福州,09:00-21:30,08/01/21 07:10,代运营,luckin coffee,
5294,东湖VR小镇店,(No.2095),长乐区东湖路1号东湖生活馆一层大堂,福州,10:00-18:30,08/01/21 07:10,自运营,luckin coffee,
5295,福州长乐国际机场店,(No.4575),长乐区福州长乐国际机场候机楼内国内到达厅一层N1-DD-4号,福州,09:00-19:00,08/01/21 07:10,自运营,luckin coffee,
5296,活力大厦店,(No.0484),仓山区高盛路3号活力大厦一层大堂,福州,今日休息中,08/01/21 07:10,自运营,luckin coffee,
5297,首山路店,(No.6818),仓山区仓山镇首山路78-2琴海湾103号铺,福州,08:00-21:00,08/01/21 07:10,自运营,luckin coffee,
5298,海通广场店,(No.6712),仓山区仓山镇三高路152号海通广场购物中心一层大堂,福州,10:00-18:00,08/01/21 07:10,自运营,luckin coffee,
5299,山亚大厦店,(No.2476),仓山区上三路216号山亚大厦1号楼一层大堂,福州,08:00-19:30,08/01/21 07:10,自运营,luckin coffee,
5300,福建商学院马尾校区店,(No.6773),马尾区亭江镇亭江路8号福建商学院(马尾校区) 食堂一层斜对面,福州,09:00-21:00,08/01/21 07:10,自运营,luckin coffee,
5301,福晟大厦店,(No.3301),晋安区福兴大道3号福晟大厦1层05单元,福州,今日休息中,08/01/21 07:10,自运营,luckin coffee,
5302,连江万星广场店,(No.B0144),连江县丹凤东路41号连江万星广场A区2号楼一层,福州,10:00-21:00,08/01/21 07:10,自运营,小鹿茶,
5303,福州理工学院店,(No.A1894),连江县潘渡乡福州理工学院图书馆一层,福州,09:00-19:00,08/01/21 07:10,代运营,luckin coffee,
5304,三盛滨江国际店,(No.3428),仓山区下渡街道南江滨西大道96号三盛滨江国际商业2栋一层12铺,福州,08:00-19:30,08/01/21 07:10,自运营,luckin coffee,
5305,东百元洪城店,(No.1741),台江区瀛洲街道台江路95号东百优品城1F层VIP室,福州,10:00-21:00,08/01/21 07:10,自运营,luckin coffee,
5306,福建师大仓山校区店,(No.4389),仓山区对湖街道上三路8号福建师范大学仓山校区原聚星园餐厅二层,福州,08:30-19:00,08/01/21 07:10,自运营,luckin coffee,
5307,中亭街店,(No.7079),台江区后洲街道八一七南路中亭街82号一层,福州,08:30-21:00,08/01/21 07:10,自运营,luckin coffee,
5308,世纪百联店,(No.2093),台江区曙光支路2号世纪百联大厦一层大堂,福州,08:00-18:00,08/01/21 07:10,自运营,luckin coffee,
5309,红星美凯龙店,(No.0729),仓山区浦上大道262号红星美凯龙3号门一层大堂,福州,09:30-18:30,08/01/21 07:10,自运营,luckin coffee,
5310,福州爱琴海店,(No.2860),仓山区金山街道浦上大道198号爱琴海购物公园30005号,福州,10:00-22:00,08/01/21 07:10,自运营,luckin coffee,
5311,三可小镇店,(No.1681),台江区达道路68号三可小镇一层,福州,08:00-20:30,08/01/21 07:10,自运营,luckin coffee,
5312,福建省人民医院店,(No.6592),台江区洋中街道八一七路602号福建省人民医院4号楼一层大堂,福州,08:00-18:00,08/01/21 07:10,自运营,luckin coffee,
5313,金融街万达店,(No.6794),台江区鳌峰街道曙光路173号万达广场一层西侧3号门,福州,10:00-22:00,08/01/21 07:10,自运营,luckin coffee,
5314,恒丰大厦店,(No.0480),台江区曙光支路16号恒丰大厦一层大堂,福州,今日休息中,08/01/21 07:10,自运营,luckin coffee,
5315,富力中心B2座店,(No.6500),福建省福州市台江区宁化街道上浦路71号富力中心,福州,08:00-18:00,08/01/21 07:10,自运营,luckin coffee,
5316,福晟钱隆广场店,(No.4218),台江区江滨西大道振武路70号福晟钱隆广场一层大堂,福州,今日休息中,08/01/21 07:10,自运营,luckin coffee,
5317,三迪联邦中心店,(No.2343),台江区振武路55号三迪联邦中心写字楼一层大堂,福州,08:00-18:00,08/01/21 07:10,自运营,luckin coffee,
5318,富力中心A座店,(No.0424),台江区宁化街道祥坂街26号富力中心A座一层大堂,福州,今日休息中,08/01/21 07:10,自运营,luckin coffee,
5319,宝龙城市广场店,(No.2100),台江区工业路199号宁化地铁C出站口负一层001号,福州,10:00-21:00,08/01/21 07:10,自运营,luckin coffee,
5320,中央第五街店,(No.1496),台江区工业路360号中央第五街一号楼一层大堂,福州,08:30-18:00,08/01/21 07:10,自运营,luckin coffee,
5321,大榕树文化创意园店,(No.7014),仓山区建新镇金达路130号3#厂房一层1022单元,福州,08:00-20:00,08/01/21 07:10,自运营,luckin coffee,
5322,世欧公主塔店,(No.0460),晋安区晋连路18号世欧王庄城五区1座世欧王庄公主塔一层01号,福州,08:00-21:00,08/01/21 07:10,自运营,luckin coffee,
5323,福晟国际中心店,(No.3281),晋安区长乐中路3号福晟钱隆国际一层大堂,福州,今日休息中,08/01/21 07:10,自运营,luckin coffee,
5324,达明路口店,(No.7006),鼓楼区鼓西街道杨桥东路26-1号达明街入口一层,福州,08:00-22:00,08/01/21 07:10,自运营,luckin coffee,
5325,省府路永辉店,(No.1890),鼓楼区省府路84号永辉超市一层6号,福州,08:30-20:30,08/01/21 07:10,自运营,luckin coffee,
5326,天福大厦店,(No.1726),鼓楼区五四路138号天福大厦全季酒店一层大堂,福州,今日休息中,08/01/21 07:10,自运营,luckin coffee,
5327,世界金龙大厦店,(No.0657),鼓楼区五四路159号世界金龙大厦一层大堂,福州,08:30-18:00,08/01/21 07:10,自运营,luckin coffee,
5328,信和广场店,(No.1016),鼓楼区五四路137号信和广场一层,福州,08:00-21:00,08/01/21 07:10,自运营,luckin coffee,
5329,树兜地铁站店,(No.6847),鼓楼区五四路243号树兜地铁站D出口,福州,08:00-21:00,08/01/21 07:10,自运营,luckin coffee,
5330,福建农林大学店,(No.6921),仓山区建新镇上下店路旁东苑学生公寓2-3楼间负一层02号,福州,07:30-21:00,08/01/21 07:10,自运营,luckin coffee,
5331,金牛山互联网产业园店,(No.1504),鼓楼区西洪路528号金牛山互联网产业园29栋楼一层大堂,福州,08:00-18:00,08/01/21 07:10,自运营,luckin coffee,
5332,福州大学至诚学院店,(No.6713),鼓楼区杨桥西路50号福州大学至诚学院宿西区六意超市02号场地,福州,09:30-20:00,08/01/21 07:10,自运营,luckin coffee,
5333,互联网小镇店,(No.6774),仓山区金林路35号互联网小镇科创智慧园2号楼107B单元,福州,08:00-20:00,08/01/21 07:10,自运营,luckin coffee,
5334,盛辉国际店,(No.3056),晋安区前横路169号盛辉物流集团总部大楼一层02单元,福州,今日休息中,08/01/21 07:10,自运营,luckin coffee,
5335,立洲大厦店,(No.0734),晋安区长乐北路116号立洲大厦一层大堂,福州,今日休息中,08/01/21 07:10,自运营,luckin coffee,
5336,真望大厦店,(No.0621),晋安区塔头路 122 号真望大厦一层大堂,福州,08:00-18:00,08/01/21 07:10,自运营,luckin coffee,
5337,金丰大厦店,(No.3471),越城区中兴中路78号金丰大厦底商 ,绍兴,08:00-20:00,08/01/21 07:10,自运营,luckin coffee,
5338,中国移动胜利东路店,(No.4947),越城区胜利东路63-69号中国移动营业厅一层大堂,绍兴,08:00-20:00,08/01/21 07:10,自运营,luckin coffee,
5339,金帝银泰店,(No.4256),越城区解放南路777号绍兴银泰城负一层060号,绍兴,08:00-22:00,08/01/21 07:10,自运营,luckin coffee,
5340,绍兴百盛购物中心店,(No.3507),越城区胜利东路360号绍兴百盛购物中心二层L2-09号 ,绍兴,10:00-21:30,08/01/21 07:10,自运营,luckin coffee,
5341,汇金大厦店,(No.3087),越城区胜利东路崇贤街5号汇金大厦底商,绍兴,08:00-20:00,08/01/21 07:10,自运营,luckin coffee,
5342,颐高广场店,(No.3111),越城区二环北路329号颐高广场一层104号商铺,绍兴,08:30-21:30,08/01/21 07:10,自运营,luckin coffee,
5343,浙江工业技术学院店,(No.A0911),越城区/梅山路/74-2号,绍兴,08:00-21:30,08/01/21 07:10,代运营,luckin coffee,
5344,滨江大厦店,(No.3645),越城区舜江路80号滨江大厦C楼底商,绍兴,07:30-21:00,08/01/21 07:10,自运营,luckin coffee,
5345,新昌海洋城店,(No.A0039),新昌县七星街道新昌海洋城购物中心A1-2地块一期4幢1单元4-202号,绍兴,08:00-21:30,08/01/21 07:10,代运营,luckin coffee,
5346,联合大厦店,(No.2857),越城区曲屯路398号联合大厦一层大堂,绍兴,08:00-18:00,08/01/21 07:10,自运营,luckin coffee,
5347,中芯绍兴店,(No.6927),越城区皋埠镇临江路518号中芯集成电路制造有限公司连廊一层大堂,绍兴,08:00-18:00,08/01/21 07:10,自运营,luckin coffee,
5348,绍兴梦享城店,(No.4512),越城区二环北路28号绍兴梦享城底商1001号,绍兴,10:00-20:00,08/01/21 07:10,自运营,luckin coffee,
5349,广粤荟店,(No.7156),诸暨市盛唐南路8号广粤荟商场底商,绍兴,07:00-22:00,08/01/21 07:10,自运营,luckin coffee,
5350,绍兴大学店,(No.A1098),敬请期待!,绍兴,00:00-24:00,08/01/21 07:10,代运营,luckin coffee,
5351,仲盛金融中心店,(No.0289),长宁区延安西路2067号仲盛金融中心大厦一层03号,上海,08:00-18:00,08/01/21 07:10,自运营,luckin coffee,
5352,华夏银行大厦店,(No.1162),浦东新区浦东南路256号华夏银行大厦一层大堂,上海,今日休息中,08/01/21 07:10,自运营,luckin coffee,
5353,华能联合大厦店,(No.0070),浦东新区陆家嘴环路958号华能联合大厦大堂,上海,今日休息中,08/01/21 07:10,自运营,luckin coffee,
5354,金穗大厦店,(No.2885),浦东新区浦东南路379号金穗大厦一层大堂,上海,08:00-18:00,08/01/21 07:10,自运营,luckin coffee,
5355,国家开发银行店,(No.0429),"浦东新区浦东南路500号国家开发银行一层X,Y单元",上海,今日休息中,08/01/21 07:10,自运营,luckin coffee,
5356,星乐汇广场店,(No.4349),虹口区公平路36号负一层9-1室,上海,08:00-18:00,08/01/21 07:10,自运营,luckin coffee,
5357,建工大唐店,(No.0065),浦东新区樱花路868号建工大唐国际广场一层大堂,上海,08:00-18:00,08/01/21 07:10,自运营,luckin coffee,
5358,东辰大厦店,(No.0084),浦东新区牡丹路60号东辰大厦一层102号,上海,07:00-19:00,08/01/21 07:10,自运营,luckin coffee,
5359,信息大厦店,(No.0280),浦东新区民生路1403号上海信息大厦一层101B室,上海,08:00-18:00,08/01/21 07:10,自运营,luckin coffee,
5360,九星宝龙中心店,(No.1405),闵行区新镇路1509弄1号九星集团大厦一层T8,上海,08:00-18:00,08/01/21 07:10,自运营,luckin coffee,
5361,二十一世纪大厦店,(No.2952),浦东新区世纪大道210号二十一世纪大厦一层102室,上海,今日休息中,08/01/21 07:10,自运营,luckin coffee,
5362,上海湾店,(No.0073),浦东新区浦东南路1138号上海湾广场一层116室,上海,07:30-19:00,08/01/21 07:10,自运营,luckin coffee,
5363,由度空间店,(No.1403),浦东新区宁桥路600号由度空间5幢底商,上海,今日休息中,08/01/21 07:10,自运营,luckin coffee,
5364,浦东盛大天地店,(No.A1008),浦东新区张衡路666弄1幢一层大堂,上海,今日休息中,08/01/21 07:10,代运营,luckin coffee,
5365,如意智慧酒店店,(No.1046),浦东新区科苑路1500号如意智慧酒店一层大堂,上海,今日休息中,08/01/21 07:10,自运营,luckin coffee,
5366,兆丰环球大厦店,(No.0122),徐汇区中山西路1800号兆丰环球大厦一层大堂,上海,今日休息中,08/01/21 07:10,自运营,luckin coffee,
5367,浦江国际广场店,(No.0202),虹口区东大名路1118号浦江国际金融大厦一层103室,上海,今日休息中,08/01/21 07:10,自运营,luckin coffee,
5368,创智源店,(No.1044),杨浦区政民路地铁10号线江湾体育场7号出口创智源一层,上海,07:30-20:00,08/01/21 07:10,自运营,luckin coffee,
5369,杰地大厦店,(No.0790),普陀区凯旋北路606号杰地大厦一层底商,上海,08:00-18:00,08/01/21 07:10,自运营,luckin coffee,
5370,办伴办公空间耀江店,(No.2584),虹口区吴淞路268号耀江国际广场1号楼办伴空间一层,上海,今日休息中,08/01/21 07:10,自运营,luckin coffee,
5371,中锦滨江大厦店,(No.1479),浦东新区浦东南路1969号中锦滨江大厦一层,上海,07:00-19:00,08/01/21 07:10,自运营,luckin coffee,
5372,上港国际客运中心店,(No.1689),虹口区东大名路500号上海港客运中心负一层B1区邮食荟美食广场,上海,09:00-18:00,08/01/21 07:10,自运营,luckin coffee,
5373,东莞信息大厦店,(No.4416),东城街道东莞大道东城段15号东莞信息大厦一层101室,东莞,09:00-18:00,08/01/21 07:10,自运营,luckin coffee,
5374,金安大厦店,(No.4369),南海区桂城南海大道北20号金安大厦一层大堂,佛山,08:00-18:00,08/01/21 07:10,自运营,luckin coffee,
5375,佛山永旺梦乐城店,(No.4670),南海区大沥镇联滘滘口路13号永旺梦乐城T137号,佛山,10:00-22:00,08/01/21 07:10,自运营,luckin coffee,
5376,中航广场店,(No.0425),海淀区中关村东路118号双榆树中航广场A2底商天天易家 ,北京,08:00-18:00,08/01/21 07:10,自运营,luckin coffee,
5377,科学院南路店,(No.1059),海淀区中关村科学院南路17号一层罗森便利店,北京,08:00-18:00,08/01/21 07:10,自运营,luckin coffee,
5378,望京SOHO-1塔店,(No.0536),朝阳区望京街10号望京SOHOT1一层1102号,北京,08:00-18:00,08/01/21 07:10,自运营,luckin coffee,
5379,世贸天阶店,(No.0485),朝阳区光华路甲9号世贸天阶南街二层L2K15号,北京,10:00-21:00,08/01/21 07:10,自运营,luckin coffee,
5380,光华路SOHO二期店,(No.0048),朝阳区光华路22号SOHO二期一层0111号,北京,07:30-19:30,08/01/21 07:10,自运营,luckin coffee,
5381,北京财富中心店,(No.2597),朝阳区东三环中路7号财富中心A座一层大堂,北京,08:00-18:00,08/01/21 07:10,自运营,luckin coffee,
5382,CBD万达广场17号楼店,(No.3433),朝阳区建国路万达广场93号院17号楼底商,北京,08:00-19:30,08/01/21 07:10,自运营,luckin coffee,
5383,CBD万达广场8号楼店,(No.1561),朝阳区建国路93号院万达广场8号楼一层,北京,今日休息中,08/01/21 07:10,自运营,luckin coffee,
5384,和乔大厦店,(No.7223),朝阳区光华路8号和乔大厦A座116一层大堂,北京,08:00-18:00,08/01/21 07:10,自运营,luckin coffee,
5385,中国惠普大厦店,(No.3027),朝阳区建国路112号惠普大厦一层大堂 ,北京,今日休息中,08/01/21 07:10,自运营,luckin coffee,
5386,远中悦来店,(No.1456),海淀区海淀中街15号远中悦来大厦底商天天易家 ,北京,09:00-18:00,08/01/21 07:10,自运营,luckin coffee,
5387,建外SOHO东区5号楼店,(No.3704),朝阳区东三环中路39号院建外SOHO东区5号楼一层0101A ,北京,07:30-20:00,08/01/21 07:10,自运营,luckin coffee,
5388,南航明珠商务酒店,(No.0893),朝阳区东三环中路10号南航明珠商务酒店一层大堂,北京,08:00-18:00,08/01/21 07:10,自运营,luckin coffee,
5389,中环世贸中心店,(No.0152),朝阳区建国门外大街甲6号中环世贸中心D座负二层大堂,北京,今日休息中,08/01/21 07:10,自运营,luckin coffee,
5390,中海广场店,(No.3031),朝阳区金桐东路光华里8号楼中海广场美食城负一层,北京,今日休息中,08/01/21 07:10,自运营,luckin coffee,
5391,数码01大厦店,(No.4542),朝阳区光华路丙12号101-2,北京,08:00-18:00,08/01/21 07:10,自运营,luckin coffee,
5392,宝能中心店,(No.0035),朝阳区阜通东大街12号宝能中心一层101室,北京,07:30-19:30,08/01/21 07:10,自运营,luckin coffee,
5393,嘉美中心店,(No.2220),朝阳区广顺南大街16号院2号楼嘉美中心一层大堂 ,北京,08:00-18:00,08/01/21 07:10,自运营,luckin coffee,
5394,东煌大厦店,(No.0766),朝阳区广顺南大街16号院东煌大厦一层大堂 ,北京,08:00-18:00,08/01/21 07:10,自运营,luckin coffee,
5395,驹然生活空间店,(No.0765),海淀区学清路甲18号驹然24H品质生活空间E区一层大堂 ,北京,09:00-18:30,08/01/21 07:10,自运营,luckin coffee,
5396,绿城北京诚园店,(No.0947),朝阳区科学园南里西街3号院5号楼一层一单元101室 ,北京,08:30-18:00,08/01/21 07:10,自运营,luckin coffee,
5397,华汇大厦店,(No.1008),朝阳区高碑店乡北花园村388号华汇大厦一层A1020号 ,北京,07:30-19:30,08/01/21 07:10,自运营,luckin coffee,
5398,江宁金鹰店,(No.0994),江宁区双龙大道1688号江宁金鹰购物中心负一层AB1-00378室,南京,10:30-19:30,08/01/21 07:10,自运营,luckin coffee,
5399,21世纪太阳城店,(No.7107),江宁区双龙大道1539号21世纪太阳城购物中心负一层,南京,10:30-19:30,08/01/21 07:10,自运营,luckin coffee,
5400,南京工程学院店,(No.4874),江宁区弘景大道1号工程学院生活服务中心一层,南京,08:00-20:30,08/01/21 07:10,自运营,luckin coffee,
5401,会展航洋城店,(No.7015),青秀区民族大道131号南宁会展·航洋城购物中心负二层B2-007号商铺,南宁,08:00-22:00,08/01/21 07:10,自运营,luckin coffee,
5402,华兴文化广场店,(No.4205),红谷滩新区沁园路166号华兴文化广场二号楼一层大堂,南昌,08:30-18:00,08/01/21 07:10,自运营,luckin coffee,
5403,软件园二期63号楼店,(No.3142),思明区望海路软件园二期63号楼之二一层,厦门,今日休息中,08/01/21 07:10,自运营,luckin coffee,
5404,软件园二期40号楼店,(No.0342),思明区观日路软件园二期40号楼一层大堂,厦门,08:00-18:00,08/01/21 07:10,自运营,luckin coffee,
5405,厦门创想中心店,(No.4715),思明区前埔东路1733号万科创想中心一层大堂 ,厦门,今日休息中,08/01/21 07:10,自运营,luckin coffee,
5406,软件园生活广场店,(No.2322),思明区岭兜西路623号软件园生活广场一层,厦门,今日休息中,08/01/21 07:10,自运营,luckin coffee,
5407,软件园二期15号楼店,(No.2876),思明区望海路软件园二期15号楼之二一层103室,厦门,08:00-18:00,08/01/21 07:10,自运营,luckin coffee,
5408,国金广场店,(No.0804),思明区前埔路莲前街道506－508号国金广场一层后大堂,厦门,07:30-18:00,08/01/21 07:10,自运营,luckin coffee,
5409,莲前集团大厦店,(No.0974),思明区莲前中路323号莲前集团大厦一层大堂 ,厦门,08:00-18:00,08/01/21 07:10,自运营,luckin coffee,
5410,厦门加州城市广场店,(No.A0721),思明区莲前东路123号加州商业广场367单元三层中庭,厦门,08:00-22:30,08/01/21 07:10,代运营,luckin coffee,
5411,台州青悦城世纪联华店,(No.A2051),敬请期待!,台州,08:00-18:00,08/01/21 07:10,代运营,luckin coffee,
5412,高新苏宁易购店,(No.3128),高新园区黄浦路500号高新万达百货商场一层,大连,09:00-21:00,08/01/21 07:10,自运营,luckin coffee,
5413,华东城店,(No.2611),鄞州区世纪大道北段323号华东城1号楼一层,宁波,今日休息中,08/01/21 07:10,自运营,luckin coffee,
5414,海航大厦店,(No.0357),天河区林和中路6号海航大厦一层101单元,广州,08:00-18:00,08/01/21 07:10,自运营,luckin coffee,
5415,高志大厦店,(No.0175),天河区黄埔大道西120号高志大厦三层307号,广州,10:00-20:00,08/01/21 07:10,自运营,luckin coffee,
5416,星辉中心店,(No.0898),天河区黄埔大道西122号之二星辉中心一层大堂,广州,08:00-18:00,08/01/21 07:10,自运营,luckin coffee,
5417,珠光新城国际中心店,(No.1596),天河区马场路庆亿街3号珠光新城国际中心A座一层,广州,08:00-18:00,08/01/21 07:10,自运营,luckin coffee,
5418,高德置地冬广场店,(No.2051),天河区珠江东路16号高德置地冬广场二层249号,广州,10:00-20:00,08/01/21 07:10,自运营,luckin coffee,
5419,广州银行大厦店,(No.0307),天河区珠江东路30号广州银行大厦一层102室,广州,08:00-18:00,08/01/21 07:10,自运营,luckin coffee,
5420,珠江投资大厦店,(No.1463),天河区珠江东路421号珠江投资大厦一层大堂,广州,今日休息中,08/01/21 07:10,自运营,luckin coffee,
5421,富星商贸大厦店,(No.0448),天河区黄埔大道西159号富兴商贸大厦一层大堂,广州,08:00-18:00,08/01/21 07:10,自运营,luckin coffee,
5422,中和广场店,(No.1074),天河区珠江新城临江大道57号101房中和广场一层自编102单元,广州,07:30-18:00,08/01/21 07:10,自运营,luckin coffee,
5423,中航AFC店,(No.1279),武侯区交子大道2号中航AFC城市广场A栋一层A111号,成都,08:00-18:00,08/01/21 07:10,自运营,luckin coffee,
5424,东方希望中心店,(No.2505),武侯区益州大道北段333号东方希望中心一层大堂,成都,今日休息中,08/01/21 07:10,自运营,luckin coffee,
5425,绿地之窗店,(No.0223),高新区天府二街368号绿地之窗2号楼一层大堂,成都,08:00-18:00,08/01/21 07:10,自运营,luckin coffee,
5426,雄川金融中心店,(No.2033),高新区天府二街166号雄川金融中心1栋底商,成都,08:00-18:00,08/01/21 07:10,自运营,luckin coffee,
5427,宇洲国际酒店店,(No.0701),高新区益州大道722号宇洲国际酒店一层大堂,成都,07:30-18:00,08/01/21 07:10,自运营,luckin coffee,
5428,绮丽雅酒店店,(No.1439),高新区天府三街288号绮丽雅酒店一层大堂,成都,08:00-18:30,08/01/21 07:10,自运营,luckin coffee,
5429,峰汇中心店,(No.1412),高新区天府三街218号峰汇中心一号楼一层大堂 ,成都,今日休息中,08/01/21 07:10,自运营,luckin coffee,
5430,团结美食城店,(No.0926),高新区吉泰一路41号团结美食城一层大堂,成都,今日休息中,08/01/21 07:10,自运营,luckin coffee,
5431,星宸国际店,(No.0281),高新区益州大道中段555号星宸国际写字楼一层大堂,成都,08:00-18:00,08/01/21 07:10,自运营,luckin coffee,
5432,智地哥谭大厦店,(No.0824),高新区益州大道中段588号智地哥谭大厦一层大堂,成都,08:00-18:00,08/01/21 07:10,自运营,luckin coffee,
5433,特拉克斯广场店,(No.0609),高新区天泰路111号特拉克斯广场北楼写字楼一层大堂,成都,08:00-18:00,08/01/21 07:10,自运营,luckin coffee,
5434,香年广场冠寓店,(No.1193),武侯区吉泰路88号香年广场T2冠寓一层大堂,成都,08:00-18:00,08/01/21 07:10,自运营,luckin coffee,
5435,德商国际店,(No.1654),武侯区益州大道北段1480号德商国际B座一层大堂,成都,今日休息中,08/01/21 07:10,自运营,luckin coffee,
5436,福年广场店,(No.0958),高新区吉泰路666号福年广场3栋一层大堂,成都,08:00-18:00,08/01/21 07:10,自运营,luckin coffee,
5437,希顿国际广场店,(No.3126),高新区天府大道中段666号希顿国际广场B座一层大堂,成都,今日休息中,08/01/21 07:10,自运营,luckin coffee,
5438,大源国际中心店,(No.1087),高新区天府大道中段688号大源国际中心1栋一层大堂,成都,08:00-18:00,08/01/21 07:10,自运营,luckin coffee,
5439,航兴国际店,(No.1011),高新区天府四街66号航兴国际广场1号楼一层大堂,成都,08:00-18:00,08/01/21 07:10,自运营,luckin coffee,
5440,环球中心N3店,(No.6912),武侯区锦悦西路147号新世纪环球购物中心N3一层大堂,成都,08:00-18:00,08/01/21 07:10,自运营,luckin coffee,
5441,成都医学院新都校区店,(No.6385),敬请期待!,成都,07:00-22:00,08/01/21 07:10,自运营,luckin coffee,
5442,电子科技大学成都学院店,(No.6493),敬请期待!,成都,07:00-22:00,08/01/21 07:10,自运营,luckin coffee,
5443,成都理工大学怡东国际店,(No.7129),敬请期待!,成都,07:00-22:00,08/01/21 07:10,自运营,luckin coffee,
5444,万银国际大厦店,(No.1674),江干区民心路100号万银国际大厦一层大堂,杭州,08:00-18:00,08/01/21 07:10,自运营,luckin coffee,
5445,迪凯国际店,(No.0783),江干区丹桂街19号迪凯国际一层大堂,杭州,08:00-18:00,08/01/21 07:10,自运营,luckin coffee,
5446,浙江大学紫金港校区店,(No.3547),西湖区余杭塘路866号浙大紫金港校区白沙综合楼二层,杭州,07:30-19:00,08/01/21 07:10,自运营,luckin coffee,
5447,浙大紫金港人文学院店,(No.6682),浙大紫金港校区文科组团人文学院大楼一层大厅,杭州,08:00-20:00,08/01/21 07:10,自运营,luckin coffee,
5448,三墩地铁站店,(No.A0289),西湖区三墩地铁站B口地铁商业街A1铺,杭州,07:30-21:30,08/01/21 07:10,代运营,luckin coffee,
5449,东部商务中心店,(No.0653),江干区金沙大道600号杭州东部国际商务中心2幢一层101-2室 ,杭州,07:30-20:00,08/01/21 07:10,自运营,luckin coffee,
5450,瑞博国际店,(No.1219),西湖区古墩路673号瑞博国际一层102-1号,杭州,07:30-18:00,08/01/21 07:10,自运营,luckin coffee,
5451,浙江理工大学教学区店,(No.7084),钱塘区学林街浙江理工大学教学区10号楼一层,杭州,07:00-22:00,08/01/21 07:10,自运营,luckin coffee,
5452,华盛达广场店,(No.6683),滨江区长河街道滨兴路华盛达广场A座一层,杭州,08:00-18:00,08/01/21 07:10,自运营,luckin coffee,
5453,理工生活三区店,(No.3565),江干区下沙学林街658-1号理工生活三区一层,杭州,08:00-21:00,08/01/21 07:10,自运营,luckin coffee,
5454,光谷新发展国际中心店,(No.1664),洪山区关山大道473号光谷新发展国际中心A座一层大堂,武汉,08:00-19:00,08/01/21 07:10,自运营,luckin coffee,
5455,武汉光谷居然之家店,(No.A0135),东湖高新技术开发区曙光星城D区居然之家光谷店1层1027号,武汉,08:00-19:00,08/01/21 07:10,代运营,luckin coffee,
5456,武汉职业技术学院店,(No.6711),洪山区关山街道马克思主义学院武汉职业技术学院中商超市内,武汉,09:00-19:00,08/01/21 07:10,自运营,luckin coffee,
5457,光谷企业天地店,(No.4639),江夏区光谷大道凌家山南路1号光谷企业天地1号楼一层大堂 ,武汉,今日休息中,08/01/21 07:10,自运营,luckin coffee,
5458,中国地质大学中商西区店,(No.1028),洪山区鲁磨路388号中国地质大学西区中商超市,武汉,09:00-19:00,08/01/21 07:10,自运营,luckin coffee,
5459,华中科技大学店,(No.A0073),洪山区华中科技大学主校区西区操场广发银行旁,武汉,08:00-18:00,08/01/21 07:10,代运营,luckin coffee,
5460,湖北大学店,(No.0811),武昌区友谊大道368号湖北大学教育超市总店多功能商业区HD-21号 ,武汉,09:00-19:00,08/01/21 07:10,自运营,luckin coffee,
5461,V+合伙人大厦店,(No.3051),武昌区友谊大道371号V+合伙人大厦一层2号,武汉,08:00-18:00,08/01/21 07:10,自运营,luckin coffee,
5462,武汉绿地缤纷城店,(No.C0068),武昌区和平大道750号绿地缤纷城购物中心七层7F-13号,武汉,10:00-21:30,08/01/21 07:10,代运营,小鹿茶,
5463,万科富春大厦店,(No.3786),福田区东海街道深南大道7006号万科富春东方大厦写字楼一层大堂,深圳,08:00-18:00,08/01/21 07:10,自运营,luckin coffee,
5464,苍松大厦店,(No.0366),福田区泰然七路25号苍松大厦一层大堂,深圳,08:00-18:00,08/01/21 07:10,自运营,luckin coffee,
5465,NEO大厦店,(No.1975),福田区深南中路6011号绿景纪元大厦一层大堂,深圳,08:00-18:00,08/01/21 07:10,自运营,luckin coffee,
5466,海松大厦店,(No.3716),福田区沙头街道天安社区泰然九路11号海松大厦一层,深圳,07:30-18:30,08/01/21 07:10,自运营,luckin coffee,
5467,大冲商务中心C座店,(No.2384),南山区铜鼓路5号大冲商务中心C座一层106号,深圳,07:30-18:00,08/01/21 07:10,自运营,luckin coffee,
5468,中兴通讯研发大楼店,(No.3769),南山区粤海街道高新区社区高新南四道028号中兴研发大厦一层大堂,深圳,今日休息中,08/01/21 07:10,自运营,luckin coffee,
5469,腾讯QQ主题店,(No.1999),南山区海德三道166号航天科技广场裙楼底商,深圳,08:00-19:30,08/01/21 07:10,自运营,luckin coffee,
5470,劲嘉科技大厦店,(No.3102),南山区科技园科技中二路19号劲嘉科技大厦一层大堂,深圳,今日休息中,08/01/21 07:10,自运营,luckin coffee,
5471,国人通信店,(No.0237),南山区高新科技园科技中三路5号国人大厦一层大堂,深圳,今日休息中,08/01/21 07:10,自运营,luckin coffee,
5472,科技园文化广场店,(No.1397),南山区科兴路10号科技园科技园文化广场一层,深圳,07:30-21:30,08/01/21 07:10,自运营,luckin coffee,
5473,创智天地大厦店,(No.6377),南山区深投控创智天地大厦B栋一层大堂,深圳,08:00-18:00,08/01/21 07:10,自运营,luckin coffee,
5474,桑达科技大厦店,(No.4260),南山区粤海街道科技园科技路9号桑达科技工业大厦一层大堂,深圳,08:00-18:00,08/01/21 07:10,自运营,luckin coffee,
5475,金地威新软件科技园店,(No.6742),南山区高新南九道9号威新软件科技园南区8号楼一楼大堂,深圳,今日休息中,08/01/21 07:10,自运营,luckin coffee,
5476,大中华国际交易广场店,(No.6841),福田区福华路北大中华国际交易广场一层052-053号,深圳,08:30-18:00,08/01/21 07:10,自运营,luckin coffee,
5477,荔源广场店,(No.6727),南山区南山街道荔林社区东滨路4351号荔源商务大厦一层B110,深圳,08:00-18:00,08/01/21 07:10,自运营,luckin coffee,
5478,中国凤凰大厦店,(No.0229),福田区深南东路2008号中国凤凰大厦3栋一层107号,深圳,08:00-19:00,08/01/21 07:10,自运营,luckin coffee,
5479,华嵘大厦店,(No.3391),福田区深南大道2003号华嵘大厦一层101-1单元,深圳,08:00-18:00,08/01/21 07:10,自运营,luckin coffee,
5480,卓悦中心店,(No.7078),福田区福华路278号ONE AVENUE卓悦中心一层L158号商铺,深圳,07:00-22:00,08/01/21 07:10,自运营,luckin coffee,
5481,佳华领汇广场店,(No.6629),龙岗区坂田街道吉华路635号佳华领汇广场二期四层4006A号商铺,深圳,10:00-22:00,08/01/21 07:10,自运营,luckin coffee,
5482,东方科技大厦店,(No.1750),南山区科苑路16号东方科技大厦一层,深圳,08:00-19:00,08/01/21 07:10,自运营,luckin coffee,
5483,科兴科学园店,(No.0674),南山区科技园中区科苑路15号科兴科学园B4栋一层02号,深圳,07:30-19:00,08/01/21 07:10,自运营,luckin coffee,
5484,讯美科技广场店-1F,(No.2848),南山区粤海街道科苑路8号讯美科技广场 1栋 一层大堂,深圳,08:00-18:00,08/01/21 07:10,自运营,luckin coffee,
5485,科兴科学园北门店,(No.6789),南山区科苑路15号科兴科学园B1单元G一层29号,深圳,今日休息中,08/01/21 07:10,自运营,luckin coffee,
5486,万骏经贸大厦店,(No.2318),宝安区宝兴路21号万骏经贸大厦一层大堂,深圳,08:00-18:00,08/01/21 07:10,自运营,luckin coffee,
5487,华丰金融港店,(No.0885),宝安区新安六路1003号金融港A座一层103号,深圳,08:00-18:30,08/01/21 07:10,自运营,luckin coffee,
5488,财富港大厦店,(No.0966),宝安区宝源路1092号西乡财富港大厦写字楼一层大堂,深圳,08:00-20:30,08/01/21 07:10,自运营,luckin coffee,
5489,联想大厦店,(No.3320),南山区粤海街道高新区社区高新南一道016号联想大厦三层,深圳,今日休息中,08/01/21 07:10,自运营,luckin coffee,
5490,共乐智慧城店,(No.3616),宝安区西乡街道共和工业路明月花都裙楼共乐智慧城一层A7号,深圳,08:00-21:30,08/01/21 07:10,自运营,luckin coffee,
5491,西乡壹中心店,(No.A0184),宝安区新湖路合正汇一城壹中心东座大堂,深圳,08:30-20:00,08/01/21 07:10,代运营,luckin coffee,
5492,天安科技创业园A座店,(No.6740),福田区泰然五路天安科技创业园大厦A栋一层大堂,深圳,08:00-18:00,08/01/21 07:10,自运营,luckin coffee,
5493,KKONE购物中心店,(No.3500),福田区滨河大道9289号京基百纳时代负一层B156K号,深圳,07:30-22:00,08/01/21 07:10,自运营,luckin coffee,
5494,1970科技小镇店,(No.1963),龙华区民治社区1970科技园6栋一层101号,深圳,08:00-18:30,08/01/21 07:10,自运营,luckin coffee,
5495,同方信息港店,(No.1184),南山区朗山路11号同方信息港B座一层,深圳,08:00-18:00,08/01/21 07:10,自运营,luckin coffee,
5496,奥特迅电力大厦店,(No.0708),南山区高新北区松坪山路3号奥特迅电力大厦南座一层002室 ,深圳,08:00-18:00,08/01/21 07:10,自运营,luckin coffee,
5497,科陆大厦店,(No.0847),南山区科技园北区宝深路99号科陆大厦A座一层5室,深圳,07:30-18:00,08/01/21 07:10,自运营,luckin coffee,
5498,半里花海生活广场店,(No.6925),南山区西丽街道茶文路9号半里花海生活广场一层1013号商铺,深圳,08:00-22:00,08/01/21 07:10,自运营,luckin coffee,
5499,健兴科技大厦店,(No.2612),南山区沙河西路3151号健兴科技大厦B栋底商,深圳,08:00-19:00,08/01/21 07:10,自运营,luckin coffee,
5500,深圳南山万科云城店,(No.A0565),南山区西丽街道打石一路泊寓公寓底商,深圳,08:00-22:00,08/01/21 07:10,代运营,luckin coffee,
5501,城市山海中心店,(No.0956),龙岗区坂田街道中兴路11号城市山海中心A栋一层101室,深圳,08:00-18:00,08/01/21 07:10,自运营,luckin coffee,
5502,坂田国际中心店,(No.2795),龙岗区坂田街道环城南路5号坂田国际中心D栋一层大堂,深圳,08:00-19:00,08/01/21 07:10,自运营,luckin coffee,
5503,龙岗创汇国际中心店,(No.6931),龙岗区坂田街道永香路27号创汇国际中心一层大堂,深圳,08:00-18:00,08/01/21 07:10,自运营,luckin coffee,
5504,深圳儒骏城立方店,(No.6058),龙岗区坂田街道布龙路南儒骏城立方一层L1-25号,深圳,08:00-20:00,08/01/21 07:10,自运营,luckin coffee,
5505,星河WORLDCOCOPark店,(No.1551),龙岗区雅宝路星河WORLD·COCO Park一层,深圳,07:30-22:00,08/01/21 07:10,自运营,luckin coffee,
5506,老兵大厦店,(No.4933),宝安区西乡街道永丰社区兴业路3012号老兵蘅芳工业城东座一层,深圳,08:00-18:00,08/01/21 07:10,自运营,luckin coffee,
5507,立桥城购物中心店,(No.7098),南山区东滨路4433号立桥城购物中心一层L1-10号,深圳,07:00-22:00,08/01/21 07:10,自运营,luckin coffee,
5508,信利康大厦店,(No.1411),南山区前海深港现代服务业合作区信利康大厦一层,深圳,08:00-18:30,08/01/21 07:10,自运营,luckin coffee,
5509,中科纳能大厦店,(No.2008),南山区科苑路粤兴六道6号中科纳能大厦A区一层103号,深圳,08:00-18:00,08/01/21 07:10,自运营,luckin coffee,
5510,曲江国际大厦店,(No.4279),雁塔区雁塔南路2216号曲江国际大厦一层大堂,西安,今日休息中,08/01/21 07:10,自运营,luckin coffee,
5511,清华科技园·唐诗主题店,(No.4557),高新区科技二路65号清华科技园F座底商,西安,07:30-20:00,08/01/21 07:10,自运营,luckin coffee,
5512,新长安广场店,(No.3574),雁塔区沣惠南路34号新长安广场一层大堂,西安,08:00-18:30,08/01/21 07:10,自运营,luckin coffee,
5513,金莎国际店,(No.2520),雁塔区长安中路65号金莎国际二层21号,西安,10:00-21:30,08/01/21 07:10,自运营,luckin coffee,
5514,西安软件园店,(No.1707),高新区锦业一路34号西安软件园软件大厦G座一层大堂,西安,08:00-18:00,08/01/21 07:10,自运营,luckin coffee,
5515,中投国际店,(No.6619),雁塔区锦业一路10号中投国际A座一层大堂,西安,今日休息中,08/01/21 07:10,自运营,luckin coffee,
5516,中陕国际大厦店,(No.3384),碑林区长安北路11号中陕国际大厦一层大堂 ,西安,08:00-18:30,08/01/21 07:10,自运营,luckin coffee,
5517,河南农信大厦店,(No.2241),郑东新区商务外环路19号农信大厦一层大堂,郑州,08:00-18:00,08/01/21 07:10,自运营,luckin coffee,
5518,嘉州协信中心A栋店,(No.1781),渝北区红锦大道57号嘉州协信中心A栋一层101号,重庆,08:00-18:00,08/01/21 07:10,自运营,luckin coffee,
5519,吉林农大店,(No.A1584),敬请期待!,长春,08:00-18:00,08/01/21 07:10,代运营,luckin coffee,
5520,长春中医药大学店,(No.A2089),敬请期待!,长春,08:00-18:00,08/01/21 07:10,代运营,luckin coffee,
